AT,V,AP,RH,PE,KMeans_Cluster,Agglomerative_Cluster,DBSCAN_Cluster,PC1,PC2
14.96,41.76,1024.07,73.17,463.26,0,1,0,-1.6746031531182082,-1.256846958433527
25.18,62.96,1020.04,59.08,444.37,1,0,0,0.7465391197595098,-1.4445499451303148
5.11,39.4,1012.16,92.14,488.56,0,1,0,-2.2753550022986246,1.0675520626479513
20.86,57.32,1010.24,76.64,446.48,1,0,0,0.3505966610187806,0.5131164271106761
10.82,37.5,1009.23,96.62,473.9,0,1,0,-1.8051455073623688,1.5635370035468903
26.27,59.44,1012.23,58.77,443.67,1,0,0,1.221875919324651,-0.6460128515618453
15.89,43.96,1014.02,75.24,467.35,0,1,0,-0.8697606727735611,-0.04438112172623962
9.48,44.71,1019.12,66.43,478.42,0,1,0,-1.4832451617981646,-1.0046581147843805
14.64,45.0,1021.78,41.25,475.98,0,1,0,-0.5679438333485355,-2.6271617444678808
11.74,43.56,1015.14,70.72,477.5,0,1,0,-1.1881706493282675,-0.37454609846741516
17.99,43.72,1008.64,75.04,453.02,0,1,0,-0.3349958001725349,0.5147794718108901
20.14,46.93,1014.66,64.22,453.99,0,0,0,-0.14370663559668623,-0.6881070305135448
24.34,73.5,1011.31,84.15,440.29,1,0,0,1.0819852331837148,0.8908885995818696
25.71,58.59,1012.77,61.83,451.28,1,0,0,1.0214037999748091,-0.5498495287745189
26.19,69.34,1009.48,87.59,433.99,1,0,0,1.0861436860564124,1.2215839990046682
21.42,43.79,1015.76,43.08,462.19,1,0,0,0.3009152160832107,-1.933305748580864
18.21,45.0,1022.86,48.84,467.54,0,1,0,-0.5452520746374087,-2.377294411462978
11.04,41.74,1022.6,77.51,477.2,0,1,0,-2.0122173259976988,-0.8461119074835394
14.45,52.75,1023.97,63.59,459.85,0,1,0,-0.9750118376210584,-1.6485351992249762
13.97,38.47,1015.15,55.28,464.3,0,1,0,-0.8257446863233517,-1.228991769902457
17.76,42.42,1009.09,66.26,468.27,0,1,0,-0.21254466338244307,0.003599381286065304
5.41,40.07,1019.16,64.77,495.24,0,1,0,-1.9830908765615292,-1.1042811882888661
7.76,42.28,1008.52,83.31,483.8,0,1,0,-1.4507568399629178,1.0130971626780225
27.23,63.9,1014.3,47.19,443.61,1,0,0,1.6592157586204765,-1.4398653195286104
27.36,48.6,1003.18,54.93,436.06,1,0,0,1.5512661306266622,0.046327530408099456
27.47,70.72,1009.97,74.62,443.25,1,0,0,1.558144267891177,0.5010023891836786
14.6,39.31,1011.11,72.52,464.16,0,1,0,-0.9117737268098871,0.10338849039782662
7.91,39.96,1023.57,88.44,475.52,0,1,0,-2.700777959940597,-0.3803940429927949
5.81,35.79,1012.14,92.28,484.41,0,1,0,-2.379033683463873,1.0430957806739862
30.53,65.18,1012.69,41.85,437.89,1,0,0,2.2373248890768624,-1.5524952786290622
23.87,63.94,1019.02,44.28,445.11,1,0,0,1.1379007187793877,-2.0807277736410983
26.09,58.41,1013.64,64.58,438.86,1,0,0,0.9136578230912143,-0.506646204997911
29.27,66.85,1011.11,63.25,440.98,1,0,0,1.7554745395265694,-0.2535893964753977
27.38,74.16,1010.08,78.61,436.65,1,0,0,1.5906187759023067,0.7233416434692925
24.81,63.94,1018.76,44.51,444.26,1,0,0,1.2272012934035266,-2.046967687249668
12.75,44.03,1007.29,89.46,465.86,0,1,0,-1.0385902557920754,1.4445257525177173
24.66,63.73,1011.4,74.52,444.37,1,0,0,0.9231565625689562,0.30303748558193466
16.38,47.45,1010.08,88.86,450.69,0,1,0,-0.7627339927391668,1.1125242721138793
13.91,39.35,1014.69,75.51,469.02,0,1,0,-1.2891658901511305,-0.12699612621949463
23.18,51.3,1012.04,78.64,448.86,1,0,0,0.10168854096866776,0.35604553218038215
22.47,47.45,1007.62,76.65,447.14,1,1,0,0.22668949474718014,0.7083908792885333
13.39,44.85,1017.24,80.44,469.18,0,1,0,-1.392274862596002,-0.102260161151966
9.28,41.54,1018.33,79.89,482.8,0,1,0,-1.937375484420913,-0.24791342194822824
11.82,42.86,1014.12,88.28,476.7,0,1,0,-1.6017479302067072,0.6368941084604673
10.27,40.64,1020.63,84.6,474.99,0,1,0,-2.175227508678735,-0.26918536813951827
22.92,63.94,1019.28,42.69,444.22,1,0,0,1.083312817022959,-2.1846321737894274
16.0,37.87,1020.24,78.41,461.33,0,1,0,-1.6360771907891563,-0.6077564051881935
21.22,43.43,1010.96,61.07,448.06,1,0,0,0.12569068174948753,-0.48345255931213615
13.46,44.71,1014.51,50.0,474.6,0,0,0,-0.41112134504865355,-1.3781513130629686
9.39,40.11,1029.14,77.29,473.05,0,1,0,-2.6603966109132675,-1.571392778439379
31.07,73.5,1010.58,43.66,432.06,1,0,0,2.7452682318001385,-1.1659876735510926
12.82,38.62,1018.71,83.8,467.41,0,1,0,-1.9020127297649998,-0.13513399919098312
32.57,78.92,1011.6,66.47,430.12,1,0,0,2.442446803512807,-0.06602368648820421
8.11,42.18,1014.82,93.09,473.62,0,1,0,-2.111353539368841,0.8288758121129304
13.92,39.39,1012.94,80.52,471.81,0,1,0,-1.2981830143465523,0.3224464833448635
23.04,59.43,1010.23,68.99,442.99,1,0,0,0.8241371367604771,0.12136043685871141
27.31,64.44,1014.65,57.27,442.77,1,0,0,1.402364960278485,-0.9537701677318202
5.91,39.33,1010.18,95.53,491.49,0,1,0,-2.166004945577597,1.4521173770702631
25.26,61.08,1013.68,71.72,447.46,1,0,0,0.7735668797108846,-0.11520692219290234
27.97,58.84,1002.25,57.88,446.11,1,0,0,2.0393989272232496,0.3782004449841214
26.08,52.3,1007.03,63.34,442.44,1,0,0,1.1265039932130723,0.09987648094560343
29.01,65.71,1013.61,48.07,446.22,1,0,0,1.9099786288377183,-1.3168894921333387
12.18,40.1,1016.67,91.87,471.49,0,1,0,-1.9613805386038685,0.5199023434967129
13.76,45.87,1008.89,87.27,463.5,0,1,0,-0.925961656519934,1.1651773040264126
25.5,58.79,1016.02,64.4,440.01,1,0,0,0.7241569105205392,-0.7679782830303619
28.26,65.34,1014.56,43.4,441.03,1,0,0,1.889026379664277,-1.6592780729247836
21.39,62.96,1019.49,72.24,452.68,1,0,0,0.1273389723869271,-0.6793608284600635
7.26,40.69,1020.43,90.22,474.91,0,1,0,-2.5546793593759904,0.06370244722617192
10.54,34.03,1018.71,74.0,478.77,0,1,0,-2.036480318562597,-0.6624726916427158
27.71,74.34,998.14,71.85,434.2,1,0,0,2.616470834692531,1.6735506212296691
23.11,68.3,1017.83,86.62,437.91,1,0,0,0.24214665994297113,0.27503545633535675
7.51,41.01,1024.61,97.41,477.61,0,1,0,-2.9927981389866423,-0.01934340447300164
26.46,74.67,1016.65,84.44,431.65,1,0,0,0.9369035834619375,0.3193875372773624
29.34,74.34,998.58,81.55,430.57,1,0,0,2.4675381648011863,2.1152882851762236
10.32,42.28,1008.82,75.66,481.09,0,1,0,-1.0600141016978892,0.5679961783912121
22.74,61.02,1009.56,79.41,445.56,1,0,0,0.6428713985974548,0.7471192431134923
13.48,39.85,1012.71,58.91,475.74,0,1,0,-0.7338487482808512,-0.7614579428443903
25.52,69.75,1010.36,90.06,435.12,1,0,0,0.9243811377625042,1.2611696478041223
21.58,67.25,1017.39,79.0,446.15,1,0,0,0.29868773025126366,-0.06845926385397254
27.66,76.86,1001.31,69.47,436.64,1,0,0,2.569517483401393,1.226173402465809
26.96,69.45,1013.89,51.47,436.69,1,0,0,1.7977345926222736,-1.1277112330699373
12.29,42.18,1016.53,83.13,468.75,0,1,0,-1.6226683150125132,0.09992890375149278
15.86,43.02,1012.18,40.33,466.6,0,0,0,0.12399591672583692,-1.6537075735351405
13.87,45.08,1024.42,81.69,465.48,0,1,0,-1.864691662871745,-0.8209026379926754
24.09,73.68,1014.93,94.55,441.34,1,0,0,0.5507245415960262,1.036825862355553
20.45,69.45,1012.53,91.81,441.83,1,0,0,0.299019376277194,1.1474743670572125
15.07,39.3,1019.0,63.62,464.7,0,1,0,-1.178774090126906,-1.2184362185003068
32.72,69.75,1009.6,49.35,437.99,1,0,0,2.634250574457595,-0.8070094791728355
18.23,58.96,1015.55,69.61,459.12,1,0,0,0.027510127312340163,-0.396787076007023
35.56,68.94,1006.56,38.75,429.69,1,0,0,3.3171894429321216,-1.0491927408408428
18.36,51.43,1010.57,90.17,459.8,0,0,0,-0.49147678849170207,1.1453358238484281
26.35,64.05,1009.81,81.24,433.63,1,0,0,1.009553976155495,0.8141183436908681
25.92,60.95,1014.62,48.46,442.84,1,0,0,1.3660283026641429,-1.4239521843342844
8.01,41.66,1014.49,76.72,485.13,0,1,0,-1.6922718061781168,0.01616738261912995
19.63,52.72,1025.09,51.16,459.12,0,1,0,-0.30034459223116966,-2.4478363872246
20.02,67.32,1012.05,76.34,445.31,1,0,0,0.6065901002877372,0.38684803915486365
10.08,40.72,1022.7,67.3,480.8,0,1,0,-1.8764441297634653,-1.3857678010526542
27.23,66.48,1005.23,52.38,432.55,1,0,0,2.2557106510385045,-0.16360938976623407
23.37,63.77,1013.42,76.44,443.86,1,0,0,0.6305585567263399,0.1913623628363657
18.74,59.21,1018.3,91.55,449.77,0,0,0,-0.6801730496626366,0.4350207001573595
14.81,43.69,1017.19,71.9,470.71,0,1,0,-1.0996483970005313,-0.5567563866314906
23.1,51.3,1011.93,80.05,452.17,1,0,0,0.06574048031230119,0.44136277973156446
10.72,41.38,1021.6,63.77,478.29,0,1,0,-1.6272852103023856,-1.4473007712777475
29.46,71.94,1006.96,62.26,428.54,1,0,0,2.304371672870471,0.1868488232921346
8.1,40.64,1020.66,89.04,478.27,0,1,0,-2.4723990666102065,-0.028401526541961146
27.29,62.66,1007.63,58.02,439.58,1,0,0,1.7812412971127773,-0.16492275055026573
17.1,49.69,1005.53,81.82,457.32,0,1,0,-0.11038187251473845,1.25759275661177
11.49,44.2,1018.79,91.14,475.51,0,1,0,-1.9630276621405545,0.28913208549426217
23.69,65.59,1010.85,88.92,439.66,1,0,0,0.5863127577311674,1.127958735866885
13.51,40.89,1011.03,84.83,471.99,0,1,0,-1.2482963576248673,0.7678009163572885
9.64,39.35,1015.1,91.76,479.81,0,1,0,-2.0941782210765902,0.6964762793213894
25.65,78.92,1010.83,86.56,434.78,1,0,0,1.3988179990438037,1.1022792611562757
21.59,61.87,1011.18,57.21,446.58,1,0,0,1.0550887251024281,-0.560678130895634
27.98,58.33,1013.92,54.25,437.76,1,0,0,1.3169681657288372,-1.08399642788901
18.8,39.72,1001.24,63.8,459.36,1,0,0,0.3537264562348576,0.7024404980010995
18.28,44.71,1016.99,33.71,462.28,1,0,0,0.24329982141102463,-2.5221061873078154
13.55,43.48,1016.08,67.25,464.33,0,1,0,-1.0157181713171475,-0.6690488624759466
22.99,46.21,1010.71,60.11,444.36,1,0,0,0.4364770632262259,-0.49549518109057544
23.94,59.39,1014.32,74.55,438.64,1,0,0,0.4725247594797914,-0.04337921745040021
13.74,34.03,1018.69,67.34,470.49,0,1,0,-1.5969669354059939,-1.0259946329505072
21.3,41.1,1001.86,42.75,455.13,1,0,0,1.1286967706680417,-0.45777670955691807
27.54,66.93,1017.06,55.2,450.22,1,0,0,1.420913249272498,-1.3045499685153523
24.81,63.73,1009.34,83.61,440.43,1,0,0,0.8384518179990197,0.9955916579787769
4.97,42.85,1014.02,88.78,482.98,0,1,0,-2.1738140805525035,0.7203177220757634
15.22,50.88,1014.19,100.12,460.44,0,1,0,-1.2816947523292892,1.2819067593699685
23.88,54.2,1012.81,64.52,444.97,1,0,0,0.6037933277455299,-0.4381865043973686
33.01,68.67,1005.2,51.41,433.94,1,0,0,2.856719962319611,-0.2322725400961665
25.98,73.18,1012.28,85.78,439.73,1,0,0,1.0945122230958153,0.8556451798240952
28.18,73.88,1005.89,75.41,434.48,1,0,0,2.0135842324698996,1.0066158230344329
21.67,60.84,1017.93,81.63,442.33,1,0,0,-0.08203152451199823,-0.043722943373410254
17.67,45.09,1014.26,51.92,457.67,0,0,0,-0.08001458830936233,-1.2775119212216908
21.37,57.76,1018.8,70.12,454.66,1,0,0,-0.00113257255586323,-0.7554334185043301
28.69,67.25,1017.71,53.83,432.21,1,0,0,1.521423248808279,-1.4513298256644014
16.61,43.77,1012.25,77.23,457.66,0,1,0,-0.7500380947935834,0.24462193694183046
27.91,63.76,1010.27,65.67,435.21,1,0,0,1.5010226708352286,-0.05279205025773453
20.97,47.43,1007.64,71.18,448.22,1,1,0,0.24357498104486203,0.4339016319864834
10.8,41.66,1013.79,81.96,475.51,0,1,0,-1.5511960057879595,0.343844899230015
20.61,62.91,1013.24,79.54,446.53,1,0,0,0.29610669240521365,0.38293445400254894
25.45,57.32,1011.7,47.09,441.3,1,0,0,1.4020708450064514,-1.2027839019935465
30.16,69.34,1007.67,57.69,433.54,1,0,0,2.318529789267618,-0.1521161776374672
4.99,39.04,1020.45,78.89,472.52,0,1,0,-2.5200844598578844,-0.5211894130966809
10.51,44.78,1012.59,85.29,474.77,0,1,0,-1.4427788707977232,0.6735303742200556
33.79,69.05,1001.62,40.13,435.1,1,0,0,3.4766829058873823,-0.4271070517814384
21.34,59.8,1016.92,77.06,450.74,1,0,0,0.03315630181051825,-0.17581310852748167
23.4,65.06,1014.32,67.38,442.7,1,0,0,0.8652956291588192,-0.36418248153338584
32.21,68.14,1003.34,62.44,426.56,1,0,0,2.605908880227954,0.5408838600135024
14.26,42.32,1016.0,77.43,463.71,0,1,0,-1.2688182560137495,-0.14897130524005164
27.71,66.93,1016.85,58.77,447.06,1,0,0,1.3559743376818052,-1.098538789758032
21.95,57.76,1018.02,67.72,452.27,1,0,0,0.1626310983651585,-0.7983755408929349
25.76,63.94,1018.49,42.14,445.78,1,0,0,1.3859493806212977,-2.146417184180917
23.68,68.3,1017.93,84.16,438.65,1,0,0,0.3466570126148389,0.13325076937453983
8.28,40.77,1011.55,89.79,480.15,0,1,0,-1.8503161736566383,1.0020211221755602
23.44,62.52,1016.46,67.21,447.19,1,0,0,0.6151555306020056,-0.6266927395810244
25.32,48.41,1008.47,72.14,443.04,1,0,0,0.5641444960285363,0.3712666407188042
3.94,39.9,1008.06,97.49,488.81,0,1,0,-2.210153329758823,1.8021805467342291
17.3,57.76,1016.26,87.74,455.75,0,0,0,-0.6243145826547423,0.4585936131629321
18.2,49.39,1018.83,96.3,455.86,0,0,0,-1.3179482798792639,0.5471315739599415
21.43,46.97,1013.94,61.25,457.68,1,0,0,0.09122574791798302,-0.771538124194455
11.16,40.05,1014.95,88.38,479.11,0,1,0,-1.8393111544247394,0.5335621444203049
30.38,74.16,1007.44,74.77,432.84,1,0,0,2.118559484275367,0.7920364259567763
23.36,62.52,1016.18,68.18,448.37,1,0,0,0.6022951701825922,-0.5455819634709692
21.69,47.45,1007.56,77.2,447.06,1,1,0,0.1520293623497534,0.7486477921984589
23.62,49.21,1014.1,49.54,443.53,1,0,0,0.6658245126550344,-1.3904300393398703
21.87,61.45,1011.13,92.22,445.21,1,0,0,0.14824744497538944,1.246928747212505
29.25,66.51,1015.53,33.65,441.7,1,0,0,2.210966150076751,-2.2655928544863575
20.03,66.86,1013.05,64.59,450.93,1,0,0,0.8259959074516461,-0.3324208957444261
18.14,49.78,1002.95,100.09,451.44,0,1,0,-0.32209055235011713,2.4753431839094913
24.23,56.89,1012.32,68.04,441.29,1,0,0,0.6927053955172744,-0.1838323068833304
18.11,44.85,1014.48,48.94,458.85,0,0,0,0.00859154657198481,-1.4602530553311501
6.57,43.65,1018.24,74.47,481.46,0,1,0,-1.9202580417043935,-0.4824199715473951
12.56,43.41,1016.93,81.02,467.19,0,1,0,-1.518289028158757,-0.04449245644652277
13.4,41.58,1020.5,71.17,461.54,0,1,0,-1.5156427046524126,-0.9621949800946082
27.1,52.84,1006.28,53.85,439.08,1,0,0,1.5336145666507823,-0.31102357761511956
14.28,42.74,1028.79,70.67,467.22,0,1,0,-1.9439898280514423,-1.8872817639558601
16.29,44.34,1019.49,59.36,468.8,0,1,0,-0.7779618445503238,-1.4594556129198144
31.24,71.98,1004.66,57.17,426.93,1,0,0,2.7428643943625866,0.16264905399404117
10.57,37.73,1024.36,70.29,474.65,0,1,0,-2.159131191934997,-1.4395745680301024
13.8,44.21,1022.93,83.37,468.97,0,1,0,-1.8511424182513905,-0.5784697326634125
25.3,71.58,1010.18,87.36,433.97,1,0,0,1.069730424975692,1.1576190404964406
18.06,50.16,1009.52,100.09,450.53,0,1,0,-0.759863070322156,1.7636175294778
25.42,59.04,1011.98,68.78,444.51,1,0,0,0.8895579866781329,-0.09942188210110668
15.07,40.69,1015.29,70.98,469.03,0,1,0,-1.0568776544292808,-0.42332531757347713
11.75,71.14,1019.36,75.68,466.56,0,0,0,-0.3886992990607872,-0.3558537444308464
20.23,52.05,1012.15,47.49,457.57,1,0,0,0.6977496740130111,-1.2379130488575454
27.31,59.54,1006.24,71.99,440.13,1,0,0,1.375052977069859,0.6823785117421985
28.57,69.84,1003.57,66.55,433.24,1,0,0,2.257346475069812,0.766592529607265
17.9,43.72,1008.64,74.73,452.55,0,1,0,-0.334323534877318,0.4993900478555094
23.83,71.37,1002.04,64.78,443.29,1,0,0,2.084139841699391,0.8865077532531829
27.92,74.99,1005.47,75.13,431.76,1,0,0,2.0770139655049,1.0486069441747934
17.34,44.78,1007.81,56.38,454.97,1,0,0,0.20227889742317978,-0.34523036587611844
17.94,63.07,1012.42,94.35,456.7,0,0,0,-0.24830620125396377,1.256341658198049
6.4,39.9,1007.75,86.55,486.03,0,1,0,-1.700105573715488,1.2543262002503652
11.78,39.96,1011.37,82.95,472.79,0,1,0,-1.4061415720735841,0.6380525490321172
20.28,57.25,1010.12,88.42,452.03,1,0,0,-1.8263487777543659e-06,1.1377462430048233
21.04,54.2,1012.26,85.61,443.41,0,0,0,-0.14421493856798823,0.72991334787709
25.11,67.32,1014.49,58.39,441.93,1,0,0,1.329400617207315,-0.8402971902595635
30.28,70.98,1007.51,74.28,432.64,1,0,0,1.9781359335148583,0.7341857964104637
8.14,36.24,1013.15,87.85,480.25,0,1,0,-2.1199818173646814,0.6921259236510731
16.86,39.63,1004.47,83.5,466.68,0,1,0,-0.5453538852497242,1.380343108547519
6.25,40.07,1020.19,65.24,494.39,0,1,0,-1.9962638024218133,-1.1979009318574152
22.35,54.42,1012.46,75.01,454.72,1,0,0,0.2369601016411938,0.15371354092969886
17.98,56.85,1012.28,84.52,448.71,0,0,0,-0.2528239043008745,0.7137159224845431
21.19,42.48,1013.43,80.52,469.76,0,0,0,-0.5953131252457927,0.2443136398254737
20.94,44.89,1009.64,75.14,450.71,0,1,0,-0.11071858102314196,0.4003319358860408
24.23,58.79,1009.8,75.75,444.01,1,0,0,0.7468104868700225,0.5038904401324562
19.18,58.2,1017.46,76.72,453.2,0,0,0,-0.24359611440095047,-0.2502906512431671
20.88,57.85,1012.39,85.47,450.87,1,0,0,-0.001702284420899995,0.7390256085338452
23.67,63.86,1019.67,57.95,441.73,1,0,0,0.7163415997002527,-1.4450365662987543
14.12,39.52,1018.41,78.32,465.09,0,1,0,-1.591384586605552,-0.38701872772438883
25.23,64.63,1020.59,52.2,447.28,1,0,0,0.9665771595501055,-1.8465162255008614
6.54,39.33,1011.54,93.69,491.16,0,1,0,-2.1586466306443395,1.2047442545166034
20.08,62.52,1017.99,75.74,450.98,1,0,0,0.010624096093253278,-0.3299420818905201
24.67,63.56,1013.75,67.56,446.3,1,0,0,0.9381419611630992,-0.3135887014552945
27.82,79.74,1008.37,69.46,436.48,1,0,0,2.2286297649877884,0.4790788122250994
15.55,42.03,1017.41,74.58,460.84,0,1,0,-1.1967879240148418,-0.4607770174008807
24.26,69.51,1013.43,53.23,442.56,1,0,0,1.5629014119139146,-0.9678324738580127
13.45,41.49,1020.19,88.72,467.3,0,1,0,-1.9529464670107723,-0.02345635574786919
11.06,40.64,1021.47,96.16,479.13,0,1,0,-2.4693654618234886,0.23076624135380208
24.91,52.3,1008.72,68.26,441.15,1,0,0,0.7861525566368187,0.17787005029251401
22.39,59.04,1011.78,86.39,445.52,1,0,0,0.1929413254700789,0.85220684586139
11.95,40.69,1015.62,85.34,475.4,0,1,0,-1.7121310032445027,0.30342505994094837
14.85,40.69,1014.91,72.64,469.3,0,1,0,-1.0925058005404782,-0.29474752652399433
10.11,41.62,1017.17,97.82,463.57,0,1,0,-2.254784692385699,0.7990303436540525
23.67,68.67,1006.71,77.22,445.32,1,0,0,1.3084394521384515,0.9996277455819351
16.14,44.21,1020.36,80.59,461.03,0,1,0,-1.4101472008040232,-0.45816243465481427
15.11,43.13,1014.99,46.91,466.74,0,0,0,-0.2965759076241305,-1.6139410518997692
24.14,59.87,1018.47,57.76,444.04,1,0,0,0.6659979082612489,-1.3595423000402063
30.08,67.25,1017.6,53.09,434.01,1,0,0,1.6629858398172337,-1.4870543174622606
14.77,44.9,1020.5,84.31,465.23,0,1,0,-1.5995533805696305,-0.26643466356735057
27.6,69.34,1009.63,71.58,440.6,1,0,0,1.6106500207088528,0.36907100844022034
13.89,44.84,1023.66,92.97,466.74,0,1,0,-2.1165643186252825,-0.15787279343384575
26.85,75.6,1017.43,74.55,433.48,1,0,0,1.2153519490965115,-0.27130176237797765
12.41,40.96,1023.36,78.96,473.59,0,1,0,-2.0232352814832613,-0.8696442018231799
13.08,41.74,1020.75,64.44,474.81,0,1,0,-1.3761835504369109,-1.3333887465776488
18.93,44.06,1017.58,68.23,454.75,0,1,0,-0.6739723528979134,-0.8138595959796211
20.5,49.69,1009.6,70.81,452.94,1,1,0,0.18046421796418743,0.22281315446432365
30.72,69.13,1009.94,61.66,435.83,1,0,0,2.096990206679077,-0.19982970195646987
7.55,39.22,1014.53,77.76,482.19,0,1,0,-1.8677180790917045,0.04899280707002008
13.49,44.47,1030.46,69.49,466.66,0,1,0,-2.0159419396938687,-2.1106960205040917
15.62,40.12,1013.03,96.26,462.59,0,1,0,-1.5431222016719062,1.1195203549309218
24.8,64.63,1020.69,55.74,447.82,1,0,0,0.831765171749661,-1.6717067408210948
10.03,41.62,1014.55,95.61,462.73,0,1,0,-2.0250144518518685,0.9707436534088356
22.43,63.21,1012.06,84.75,447.98,1,0,0,0.40385721478198183,0.7703690264247667
14.95,39.31,1009.15,75.3,462.72,0,1,0,-0.82190274357449,0.4579222906627338
24.78,58.46,1016.82,67.5,442.42,1,0,0,0.5146336741950046,-0.6927765008187581
23.2,48.41,1008.64,80.92,444.69,1,1,0,0.1481468323517544,0.8205267567611954
14.01,39.0,1016.73,79.23,466.7,0,1,0,-1.5326313783088519,-0.16055902879493134
19.4,64.63,1020.38,81.1,453.84,0,0,0,-0.2554789545737966,-0.29179947175922133
30.15,67.32,1013.83,32.8,436.92,1,0,0,2.459073321643382,-2.124006587049535
6.91,36.08,1021.82,84.31,486.37,0,1,0,-2.727147924426121,-0.42749674959661454
29.04,60.07,1015.42,46.15,440.43,1,0,0,1.5905661523392298,-1.6587193575700094
26.02,63.07,1010.94,53.96,446.82,1,0,0,1.5749212593143846,-0.7229367949050314
5.89,39.48,1005.11,59.83,484.91,0,1,0,-0.8825111638419276,0.16239562494205628
26.52,71.64,1008.27,75.3,437.76,1,0,0,1.6184276872403143,0.7351041131992953
28.53,68.08,1013.27,42.53,438.91,1,0,0,2.142796274177481,-1.5435138116773508
16.59,39.54,1007.97,70.58,464.19,0,1,0,-0.47261509094999893,0.3333673433898038
22.95,67.79,1009.89,91.69,442.19,1,0,0,0.615297648902057,1.3982661909329575
23.96,47.43,1008.38,63.55,446.86,1,0,0,0.6392880500621235,-0.06101143758883203
17.48,44.2,1018.89,61.51,457.15,0,1,0,-0.7011906079521288,-1.2923888802218495
6.69,43.65,1020.14,69.55,482.57,0,1,0,-1.911325922641488,-0.9441139897724211
10.25,41.26,1007.44,98.08,476.03,0,1,0,-1.6025327493843418,1.8679869071827504
28.87,72.58,1008.69,79.34,428.89,1,0,0,1.7196293123747874,0.88946322789351
12.04,40.23,1018.07,81.28,472.7,0,1,0,-1.7859256901139322,-0.17725344873846383
22.58,52.3,1009.04,78.99,445.6,1,1,0,0.2916403140157593,0.7129057233352831
15.12,52.05,1014.63,80.38,464.78,0,1,0,-0.7525385065910191,0.22499202035747803
25.48,58.95,1017.02,51.16,440.42,1,0,0,1.0073565786544088,-1.5589722304954547
27.87,70.79,1003.96,72.17,428.41,1,0,0,2.0680100220203297,1.0267083355245001
23.72,70.47,1010.65,75.39,438.5,1,0,0,1.171127693643211,0.4903258155411906
25.0,59.43,1007.84,68.91,438.28,1,0,0,1.1509430123443656,0.36405866552430644
8.42,40.64,1022.35,96.38,476.29,0,1,0,-2.753007386062193,0.1643487708468958
22.46,58.49,1011.5,70.54,448.46,1,0,0,0.6077347414268773,0.05949730696988933
29.92,57.19,1008.62,45.8,438.99,1,0,0,2.0089733040658975,-0.9656247629977666
11.68,39.22,1017.9,57.95,471.8,0,1,0,-1.2389441098827225,-1.3688765134046845
14.04,42.44,1012.74,81.89,471.81,0,1,0,-1.175972425781149,0.4386992424206007
19.86,59.14,1016.12,69.32,449.82,1,0,0,0.13869820106732525,-0.4835068656211129
25.99,68.08,1013.13,59.14,442.14,1,0,0,1.5086629658106105,-0.6533926864874133
23.42,58.79,1009.74,81.54,441.46,1,0,0,0.5327482651467899,0.814877496990827
10.6,40.22,1011.37,85.81,477.62,0,1,0,-1.5668064561402117,0.7958623049412249
20.97,61.87,1011.45,65.41,446.76,1,0,0,0.7712345807421266,-0.16249830550261996
14.14,39.82,1012.46,81.15,472.52,0,1,0,-1.24480431487355,0.40919377168939575
8.56,40.71,1021.27,95.87,471.58,0,1,0,-2.651408046022622,0.2552153505371425
24.86,72.39,1001.15,90.24,440.85,1,0,0,1.6095076745069012,2.299010400686448
29.0,77.54,1011.33,75.13,431.37,1,0,0,1.8790620881651061,0.4237389824732623
27.59,71.97,1008.64,88.22,437.33,1,0,0,1.3584544525479605,1.357186430128937
10.45,40.71,1015.68,81.48,469.22,0,1,0,-1.7382798263144161,0.10802224142135332
8.51,40.78,1023.51,89.84,471.11,0,1,0,-2.6475958784385454,-0.29907795048396557
29.82,66.51,1010.98,43.57,439.17,1,0,0,2.3089990859972107,-1.261949971266258
22.56,62.26,1012.11,63.16,445.33,1,0,0,0.9334604320767429,-0.3582411141671233
11.38,39.22,1018.62,57.14,473.71,0,1,0,-1.2916266057571046,-1.4870372548123874
20.25,57.76,1016.28,77.76,452.66,0,0,0,-0.1214078666105468,-0.0789767871124986
22.42,59.43,1007.12,90.56,440.99,1,0,0,0.4213511178487489,1.5778025293449267
14.85,38.91,1014.48,60.98,467.42,0,1,0,-0.8369808601601167,-0.8642378547425573
25.62,58.82,1010.02,70.31,444.14,1,0,0,0.990012598487986,0.18983100312770657
19.85,56.53,1020.57,74.05,457.17,0,0,0,-0.4041853993684948,-0.7447771876338614
13.67,54.3,1015.92,75.42,467.87,0,1,0,-0.7313567674035141,-0.14350004430228855
24.39,70.72,1009.78,82.25,442.04,1,0,0,1.117505503437216,0.9366470904557742
16.07,44.58,1019.52,67.95,471.36,0,1,0,-1.0120485533127808,-1.015810179037568
11.6,39.1,1009.81,100.09,460.7,0,1,0,-1.8004420162275068,1.6870915934988426
31.38,70.83,1010.35,47.28,431.33,1,0,0,2.5742250234079345,-0.9776812051167493
29.91,76.86,998.59,72.41,432.6,1,0,0,2.8638421191167103,1.6587335355495145
19.67,59.39,1014.07,77.67,447.61,1,0,0,0.05560816780143974,0.17409141473858578
27.18,64.79,1016.27,63.7,443.87,1,0,0,1.128597572312794,-0.7944849579799649
21.39,52.3,1009.2,79.77,446.87,1,1,0,0.1621310066229722,0.7438848510025327
10.45,41.01,1020.57,93.84,465.74,0,1,0,-2.3814171182656083,0.21613081140252977
19.46,56.89,1014.02,84.95,447.86,0,0,0,-0.258770164603059,0.5366765952149916
23.55,62.96,1020.16,70.16,447.65,1,0,0,0.31429227200838017,-0.8744518691167937
23.35,63.47,1011.78,84.24,437.87,1,0,0,0.5236704940600166,0.7703337240115585
9.26,41.66,1016.87,73.32,483.51,0,1,0,-1.6625170033971262,-0.42703622913247774
10.3,41.46,1018.21,86.17,479.65,0,1,0,-2.012635855383069,0.08175562441216173
20.94,58.16,1016.88,65.43,455.16,1,0,0,0.23446591811259632,-0.7823566057990576
23.13,71.25,1002.49,94.59,431.91,1,0,0,1.2114312250206658,2.3803275847966026
12.77,41.5,1014.13,86.8,470.68,0,1,0,-1.5453063700566576,0.5419516310168908
28.29,69.13,1009.29,58.18,429.28,1,0,0,2.0316762885128785,-0.29211724195739414
19.13,59.21,1018.32,89.66,450.81,0,0,0,-0.5999597886778358,0.3326035220347121
24.44,73.5,1011.49,87.39,437.73,1,0,0,0.9933028927386798,1.037878464272988
20.32,44.6,1015.16,36.35,460.21,1,0,0,0.46260367329774976,-2.201387425330449
20.54,69.05,1001.6,79.62,442.86,1,0,0,1.3525232594832934,1.7043494084815667
12.16,45.0,1021.51,50.52,482.99,0,1,0,-0.9964610129116456,-2.1022380805108596
28.09,65.27,1013.27,51.96,440.0,1,0,0,1.7361766946866182,-1.076300239987365
9.25,41.82,1033.25,74.73,478.48,0,1,0,-2.8098728759369704,-2.1363185345982427
21.75,49.82,1015.01,78.33,455.28,0,0,0,-0.27597549791633297,0.014520372756977548
23.7,66.56,1002.07,85.19,436.94,1,0,0,1.325966836647655,1.8990905152581015
16.22,37.87,1022.36,83.13,461.06,0,1,0,-1.8857923365435763,-0.5964032884798378
24.75,69.45,1013.97,53.49,438.28,1,0,0,1.5570895167784695,-1.0170352222584638
10.48,39.58,1011.81,88.86,472.61,0,1,0,-1.7146247440518299,0.9010824855444977
29.53,70.79,1003.7,60.89,426.85,1,0,0,2.5175039453048065,0.46132291632550637
12.59,39.72,1017.76,61.14,470.18,0,1,0,-1.215604109706019,-1.1911336110803323
23.5,54.42,1012.31,68.29,455.38,1,0,0,0.5177037864343625,-0.18474509920030965
29.01,66.56,1006.44,57.62,428.32,1,0,0,2.186733137922557,-0.03634496708371914
9.75,42.49,1010.57,83.63,480.35,0,1,0,-1.425374730160002,0.7945112436282862
19.55,56.53,1020.2,78.1,455.56,0,0,0,-0.5095511467996011,-0.49335319374557607
21.05,58.33,1013.14,66.34,447.66,1,0,0,0.4822430660748872,-0.32755189155175035
24.72,68.67,1006.74,79.02,443.06,1,0,0,1.3460222038910479,1.0821157216057284
21.19,58.86,1014.19,68.96,452.43,1,0,0,0.3771162686224432,-0.30329932213892524
10.77,41.54,1019.94,71.13,477.81,0,1,0,-1.695253812644345,-0.8856406272995148
28.68,73.77,1004.72,87.01,431.66,1,0,0,1.826651482340844,1.728574110931745
29.87,73.91,1004.53,74.3,431.8,1,0,0,2.2761202900469573,1.0860796569419793
22.99,68.67,1006.65,77.62,446.67,1,0,0,1.2459526429976948,1.0314573645411729
24.66,60.29,1018.0,59.56,445.26,1,0,0,0.7124418425619821,-1.2156105880305426
32.63,69.89,1013.85,41.66,425.72,1,0,0,2.544188910627192,-1.6650125710749153
31.38,72.29,1008.73,73.27,430.58,1,0,0,2.069898716096434,0.5522469284132396
23.87,60.27,1018.94,77.16,439.86,1,0,0,0.1223654555087416,-0.4040858362627703
25.6,59.15,1013.31,67.02,441.11,1,0,0,0.8645792931363867,-0.33543779048314737
27.62,71.14,1011.6,52.8,434.72,1,0,0,2.048089918796658,-0.8006115087503327
30.1,67.45,1014.23,39.04,434.01,1,0,0,2.2703502747018014,-1.8440171788874433
12.19,41.17,1019.43,65.47,475.64,0,1,0,-1.4116929711491473,-1.1350035357260995
13.11,41.58,1020.43,74.32,460.44,0,1,0,-1.617118377002221,-0.7899671738636529
28.29,68.67,1005.46,69.22,436.4,1,0,0,1.9840283764172686,0.6911443385137612
13.45,40.73,1018.7,93.88,461.03,0,1,0,-2.019705477231864,0.399046084797127
10.98,41.54,1019.94,69.83,479.08,0,1,0,-1.643950884630445,-0.954190480963006
26.48,69.14,1009.31,84.11,435.76,1,0,0,1.2037873399216124,1.0568391781143223
13.07,45.51,1015.22,78.65,460.14,0,1,0,-1.2050962338530844,0.032765394915876246
25.56,75.6,1017.37,69.31,442.2,1,0,0,1.2498960019392118,-0.5264802451276579
22.68,50.78,1008.83,70.3,447.69,1,0,0,0.47427420379586877,0.2742051592616205
28.86,73.67,1006.65,68.23,431.15,1,0,0,2.1962560981171353,0.5468488758843706
22.7,63.56,1014.32,71.76,445.0,1,0,0,0.626933587734437,-0.1453563400274182
27.89,73.21,1001.32,85.88,431.59,1,0,0,1.9980876702601071,2.0413101655346675
13.78,44.47,1027.94,71.09,467.22,0,1,0,-1.8620095428229477,-1.7556999751780376
28.14,51.43,1012.16,52.67,445.33,1,0,0,1.1872414565829794,-1.0306137400498918
11.8,45.09,1013.21,89.68,470.57,0,1,0,-1.479623342602628,0.826350950912187
10.71,39.61,1018.72,73.66,473.77,0,1,0,-1.7682321516844308,-0.6373287926058676
24.54,60.29,1017.42,58.94,447.67,1,0,0,0.7582812742044241,-1.1836497301799427
11.54,40.05,1014.78,87.05,474.29,0,1,0,-1.761602933694706,0.4808113350148303
29.47,71.32,1008.07,67.0,437.14,1,0,0,2.0783250818243504,0.3056426639871095
29.24,69.05,1003.12,43.18,432.56,1,0,0,2.9191753181228686,-0.4018749570282385
14.51,41.79,1009.72,80.62,459.14,0,1,0,-0.9267567118411332,0.6934996678716189
22.91,60.07,1016.03,59.72,446.19,1,0,0,0.6884306921388513,-0.9826743929017259
27.02,71.77,1006.38,72.1,428.1,1,0,0,1.8779011780786836,0.773309580809846
13.49,44.47,1030.18,69.15,468.46,0,1,0,-1.9879678551951392,-2.0977631387188476
30.24,66.75,1017.95,55.66,435.02,1,0,0,1.5631290446220083,-1.3976013796266558
23.19,48.6,1002.38,61.19,445.52,1,0,0,1.0980495366124197,0.48510679870120355
17.73,40.55,1003.36,74.62,462.69,0,1,0,-0.12526630750188633,1.0442176345349201
18.62,61.27,1019.26,73.35,455.75,0,0,0,-0.1891223955611956,-0.5916998083457666
12.85,40.0,1015.89,68.85,463.74,0,1,0,-1.2557779825711932,-0.5890077275891571
32.33,69.68,1011.95,39.89,439.79,1,0,0,2.6859573658340823,-1.5491644973486807
25.09,58.95,1016.99,53.16,443.26,1,0,0,0.9249506877585452,-1.4497873017225755
29.45,69.13,1009.3,52.97,432.04,1,0,0,2.2628793354374923,-0.5701081224287954
16.91,43.96,1013.32,79.87,465.86,0,1,0,-0.8588352635127522,0.26389753716369424
14.09,45.87,1009.05,84.09,465.6,0,1,0,-0.8265365167932313,0.9813283036466245
10.73,25.36,1009.35,100.15,469.43,0,1,1,-2.448232302039185,1.6355408492729082
23.2,49.3,1003.4,79.77,440.75,1,1,0,0.574683944138398,1.3388492929177809
8.21,38.91,1015.82,88.99,481.32,0,1,0,-2.2083097492605486,0.48130325459793144
9.3,40.56,1022.64,76.14,479.87,0,1,0,-2.174783699305477,-0.9188123652575907
16.97,39.16,1005.7,69.13,458.59,0,1,0,-0.2653530072388202,0.5000056803174955
23.69,71.97,1009.62,93.03,438.62,1,0,0,0.8440574854876881,1.5254577307000512
25.13,59.44,1012.38,77.92,445.59,1,0,0,0.617150356216007,0.33410033337400236
9.86,43.56,1015.13,74.89,481.87,0,1,0,-1.4516240884209388,-0.14532781535627154
11.33,41.5,1013.58,88.7,475.01,0,1,0,-1.6763108098641923,0.7097649552783515
26.95,48.41,1008.53,62.94,436.54,1,0,0,0.9349933585085131,-0.1213709567688762
15.0,40.66,1016.28,89.62,456.63,0,1,0,-1.6185533874283908,0.43144754471126695
20.76,62.52,1015.63,81.04,451.69,1,0,0,0.08915316395554171,0.19598836179021373
14.29,39.59,1010.93,94.53,463.04,0,1,0,-1.4878848809934073,1.263669127606138
19.74,67.71,1007.68,64.02,446.1,1,0,0,1.2205408736181012,0.23165872940164234
26.68,59.92,1009.94,70.57,438.67,1,0,0,1.1246592153419137,0.2135824185260141
14.24,41.4,1019.7,70.32,466.88,0,1,0,-1.3774947638722692,-0.926164143190299
21.98,48.41,1008.42,84.86,444.6,0,1,0,-0.04050498643376914,1.056225905718004
22.75,59.39,1015.4,81.41,440.26,1,0,0,0.12141661544386508,0.20132328607566308
8.34,40.96,1023.28,89.45,483.92,0,1,0,-2.6278194269202135,-0.2915589064662686
11.8,41.2,1017.18,82.71,475.19,0,1,0,-1.7396582653961152,0.0029283764070105554
8.81,44.68,1023.06,93.93,479.24,0,1,0,-2.527085199568518,-0.00956326605711987
30.05,73.68,1014.95,70.6,434.92,1,0,0,1.667116068832095,-0.2425388080187771
16.01,65.46,1014.0,87.68,454.16,0,0,0,-0.2356572417716134,0.7724000223447552
21.75,58.79,1012.42,87.58,447.58,1,0,0,0.05436649458890137,0.846319571455931
13.94,41.26,1021.67,74.4,467.9,0,1,0,-1.6493511350086043,-0.9290952573802667
29.25,69.13,1010.27,67.35,426.29,1,0,0,1.804477696815635,0.06804142913419954
22.33,45.87,1007.8,63.61,447.02,1,0,0,0.47394964509583115,0.003806925220714028
16.43,41.79,1005.47,76.89,455.85,0,1,0,-0.38106516499862786,0.9505472838027068
11.5,40.22,1010.31,78.08,476.46,0,1,0,-1.2182636492648289,0.5060482221572205
23.53,68.94,1007.53,69.17,437.48,1,0,0,1.4632368694859241,0.49788175158016057
21.86,49.21,1014.61,53.31,452.77,1,0,0,0.3872757960716888,-1.2392993701744346
6.17,39.33,1012.57,93.32,491.54,0,1,0,-2.249739194246034,1.0760252407924955
30.19,64.79,1017.22,42.47,438.41,1,0,0,1.867024613006205,-2.01452559973959
11.67,41.93,1019.81,82.58,476.1,0,1,0,-1.8941120334039938,-0.2833657179501075
15.34,36.99,1007.87,94.59,464.58,0,1,0,-1.308797508867254,1.5718182496725206
11.5,40.78,1023.91,86.31,467.74,0,1,0,-2.33583935502958,-0.5453017993802425
25.53,57.17,1010.0,72.57,442.12,1,0,0,0.8521458360662029,0.2960094998665071
21.27,57.5,1014.53,80.76,453.34,1,0,0,-0.007766191799489315,0.2573782924296385
28.37,69.13,1010.44,71.93,425.29,1,0,0,1.6005755776324715,0.29199605947851215
28.39,51.43,1011.74,47.54,449.63,1,0,0,1.3705616165970318,-1.2514390145615486
13.78,45.78,1025.27,95.72,462.88,0,1,0,-2.265825189548183,-0.1828700876864502
14.6,42.32,1015.71,77.03,464.67,0,1,0,-1.2105320127284844,-0.14037031247569137
5.1,35.57,1027.17,80.49,489.96,0,1,0,-3.163951944826869,-1.1989540295602352
7.0,38.08,1020.27,77.67,482.38,0,1,0,-2.3523587987348464,-0.5860423756626082
26.3,77.95,1009.45,78.72,437.95,1,0,0,1.7086517442502684,0.8355221047311877
30.56,71.98,1004.74,58.77,429.2,1,0,0,2.639475702718509,0.24118798074902714
21.09,46.63,1013.03,74.8,453.34,0,0,0,-0.24385964917332223,0.026670885049942056
28.21,70.02,1010.58,51.34,442.47,1,0,0,2.155099206073237,-0.7779834351464981
15.84,49.69,1015.14,90.41,462.6,0,0,0,-1.094024316507355,0.6633526642048667
10.03,40.96,1024.57,91.1,478.79,0,1,0,-2.6193965293043204,-0.3583749769018836
20.37,52.05,1012.34,62.57,456.11,1,0,0,0.30229702923809026,-0.4810222973023097
21.19,50.16,1005.81,84.27,450.33,1,1,0,0.16480521040539736,1.3294335665368437
33.73,69.88,1007.21,42.93,434.83,1,0,0,3.0540479302164942,-0.884087989670461
29.87,73.68,1015.1,40.96,433.43,1,0,0,2.4165531332830645,-1.7878632764609173
19.62,62.96,1020.76,76.53,456.02,0,0,0,-0.21743774585597886,-0.5840636520147852
9.93,40.67,1018.08,69.74,485.23,0,1,0,-1.6398105415700546,-0.7561562557240291
9.43,37.14,1013.03,74.99,473.57,0,1,0,-1.629604774952189,0.03970453014074989
14.24,39.58,1011.17,70.45,469.94,0,1,0,-0.8795827199951869,-0.005377416178764352
12.97,49.83,1008.69,91.49,452.07,0,1,0,-0.9132121263407105,1.4421145722670576
7.6,41.04,1021.82,88.97,475.32,0,1,0,-2.573288289180096,-0.15167642884144983
8.39,36.24,1013.39,89.13,480.69,0,1,0,-2.1491576621253765,0.7303693825049736
25.41,48.06,1013.12,46.52,444.01,1,0,0,0.9085925211301503,-1.461135828781403
18.43,56.03,1020.41,60.55,465.17,0,1,0,-0.1797563730096281,-1.4186456406183583
10.31,39.82,1012.87,88.71,480.61,0,1,0,-1.7864227931403351,0.7810217518397616
11.29,41.5,1013.39,89.15,476.04,0,1,0,-1.6784175556014425,0.753957336407224
22.61,49.3,1003.51,83.02,441.76,1,1,0,0.43356225244285795,1.4986913822692582
29.34,71.98,1005.19,75.19,428.24,1,0,0,2.0790314675455965,1.048242604551432
18.87,67.71,1004.0,87.35,444.77,1,0,0,0.7899911509943355,1.8427332396122884
13.21,45.87,1008.58,85.66,463.1,0,1,0,-0.9081512759613739,1.1195682238413425
11.3,44.6,1018.19,91.66,470.5,0,1,0,-1.933756086913235,0.3858255410113386
29.23,72.99,1007.04,63.47,431.0,1,0,0,2.294608612858346,0.25063644485362846
27.76,69.4,1004.27,72.25,430.68,1,0,0,1.9744225111276876,0.9866410972428099
29.26,67.17,1006.6,70.58,436.42,1,0,0,1.8846964160028612,0.6185250561170247
25.72,49.82,1016.19,60.1,452.33,1,0,0,0.44761347130602697,-1.0822407807800183
23.43,63.94,1010.64,89.29,440.16,1,0,0,0.49675579345861576,1.1584108017684631
25.6,63.76,1010.18,67.43,435.75,1,0,0,1.2705080445856705,0.0636535912775245
22.3,44.57,1008.48,67.58,449.74,1,0,0,0.2640582938714639,0.12446171442625044
27.91,72.24,1010.74,70.8,430.73,1,0,0,1.708798856004358,0.22918827928304847
30.35,77.17,1009.55,63.62,432.75,1,0,0,2.396296043569846,0.011112723445705084
21.78,47.43,1007.88,66.68,446.79,1,0,0,0.4116564560890014,0.16991515877418834
7.19,41.39,1018.12,90.76,486.35,0,1,0,-2.3862166548036385,0.3492076745558422
20.88,59.8,1015.66,75.34,453.18,1,0,0,0.1260375983978862,-0.12428129593796565
24.19,50.23,1015.73,59.77,458.31,1,0,0,0.37939302422622395,-1.035437106000172
9.98,41.54,1019.7,80.79,480.26,0,1,0,-1.9965200608216074,-0.355395791816477
23.47,51.3,1011.89,74.1,448.65,1,0,0,0.25448513330202155,0.13600959704828233
26.35,49.5,1012.67,41.34,458.41,1,0,0,1.2157024991800338,-1.6743912107808052
29.89,64.69,1006.37,58.78,435.39,1,0,0,2.151380506523746,0.010088159429432872
19.29,50.16,1010.49,97.78,450.21,0,1,0,-0.6641120587098619,1.5303429283493224
17.48,43.14,1018.68,74.85,459.59,0,1,0,-1.0821936777534569,-0.5893593535390445
25.21,75.6,1017.19,69.84,445.84,1,0,0,1.219430585056006,-0.4771284120323014
23.3,48.78,1018.17,75.36,441.08,0,0,0,-0.3317261295859522,-0.5018361033768933
15.42,37.85,1009.89,85.8,467.33,0,1,0,-1.172305316689991,0.9044631999325448
21.44,63.09,1016.56,90.11,444.19,1,0,0,-0.13000332691151528,0.562932781500183
29.45,68.27,1007.96,61.63,432.96,1,0,0,2.0900267166939677,0.015951293275906116
29.69,47.93,1002.85,44.76,438.09,1,0,0,2.0022874978921363,-0.4641051759121382
15.52,36.99,1006.86,89.7,467.9,0,1,0,-1.0973018886095058,1.4281001625775445
11.47,43.67,1012.68,72.51,475.72,0,1,0,-1.0846646508466973,-0.01156138213285735
9.77,34.69,1027.72,74.98,477.51,0,1,0,-2.7108187733035725,-1.5822981519943233
22.6,69.84,1006.37,79.59,435.13,1,0,0,1.2329585563447487,1.1757376148357064
8.24,39.61,1017.99,78.42,477.9,0,1,0,-2.0467121023774864,-0.2952267443632094
17.01,44.2,1019.18,61.23,457.26,0,1,0,-0.7524376227116434,-1.3352079637652035
19.64,44.6,1015.88,47.56,467.53,0,0,0,0.06446359671044093,-1.696395981296427
10.61,41.58,1021.08,93.06,465.15,0,1,0,-2.3574689250960006,0.12383184473546617
12.04,40.1,1014.42,89.65,474.28,0,1,0,-1.761526709400634,0.6512242092452419
29.19,65.71,1013.85,50.5,444.49,1,0,0,1.8449746538503866,-1.2187967747184612
21.75,45.09,1014.15,44.84,452.84,1,0,0,0.4492421524645653,-1.6589307180860042
23.66,77.54,1008.5,85.32,435.38,1,0,0,1.364982288956521,1.2944299867325606
27.05,75.33,1003.88,82.94,433.57,1,0,0,1.9245160852911278,1.6336135428231218
29.63,69.71,1009.04,67.26,435.27,1,0,0,1.947622623384845,0.19939141837940397
18.2,39.63,1005.35,79.05,468.49,0,1,0,-0.3784677306012247,1.0456343614196166
32.22,70.8,1009.9,62.03,433.07,1,0,0,2.287482039671878,-0.17316938595586123
26.88,73.56,1004.85,94.36,430.63,1,0,0,1.4679013048987282,2.104484873763939
29.05,65.74,1013.29,60.02,440.74,1,0,0,1.6241550075136366,-0.6651380117216041
8.9,39.96,1026.31,95.46,474.49,0,1,0,-2.9893105918510563,-0.3230648166479604
18.93,48.6,1005.72,84.92,449.74,0,1,0,-0.10135541172619232,1.3756657446610825
27.49,63.76,1010.09,62.8,436.73,1,0,0,1.5536247772743808,-0.17849353775882
23.1,70.79,1006.53,90.81,434.58,1,0,0,1.0120139487543376,1.7418073584094709
11.22,43.13,1017.24,80.9,473.93,0,1,0,-1.6592323975981944,-0.07753992773783884
31.97,79.74,1007.03,55.84,435.99,1,0,0,3.018418028389534,-0.10653762699109291
13.32,43.22,1009.45,75.3,466.83,0,1,0,-0.8045046794151887,0.4678910801221237
31.68,68.24,1005.29,37.34,427.22,1,0,0,3.08951386323958,-0.962839100724774
23.69,63.77,1013.39,79.5,444.07,1,0,0,0.5790550711085269,0.3504207530669424
13.83,41.49,1020.11,87.29,469.57,0,1,0,-1.8787610895336921,-0.09116894398355323
18.32,66.51,1015.18,81.5,459.89,1,0,0,0.08233602151707804,0.3175433388716087
11.05,40.71,1024.91,76.42,479.59,0,1,0,-2.1858094648196578,-1.1622601784903857
22.03,64.69,1007.21,75.75,440.92,1,0,0,1.0019304475227349,0.8484428909703015
10.23,41.46,1020.45,84.95,480.87,0,1,0,-2.1392503151018922,-0.22463929832229745
23.92,66.54,1009.93,62.37,441.9,1,0,0,1.4036789905571478,-0.13648726209997758
29.38,69.68,1011.35,49.25,430.2,1,0,0,2.238794505024109,-0.9804531426781272
17.35,42.86,1014.62,74.16,465.16,0,1,0,-0.8104391118780334,-0.18430153517896886
9.81,44.45,1021.19,90.55,471.32,0,1,0,-2.2388751350969534,0.010855682771400485
4.97,40.64,1020.91,94.28,485.43,0,1,0,-2.884709694667401,0.23628977672080753
5.15,40.07,1012.27,63.31,495.35,0,1,0,-1.4966594506807667,-0.42770568441173273
21.54,58.49,1010.85,78.9,449.12,1,0,0,0.3576614784345147,0.5681556237015543
7.94,42.02,1006.22,90.97,480.53,0,1,0,-1.4907188065159247,1.655656404912907
18.77,50.66,1014.89,87.34,457.07,0,0,0,-0.712159239617016,0.5198717602567933
21.69,69.94,1010.7,80.8,443.67,1,0,0,0.8354338337100404,0.773784465769948
10.07,44.68,1023.44,90.95,477.52,0,1,0,-2.3711259106762537,-0.21339444847997768
13.83,39.64,1012.52,69.97,472.95,0,1,0,-0.9902737003022037,-0.17385997742489656
10.45,39.69,1003.92,89.45,472.54,0,1,0,-1.1897514190474403,1.7916865149608134
11.56,40.71,1015.85,76.08,469.17,0,1,0,-1.5171470771787992,-0.19685672646977062
23.64,70.04,1011.09,83.35,435.21,1,0,0,0.9075666955095937,0.8504525406306321
10.48,40.22,1004.81,92.16,477.78,0,1,0,-1.2954007255464703,1.838757682353249
13.09,39.85,1012.86,58.42,475.89,0,1,0,-0.7634605352150974,-0.8004222654177403
10.67,40.23,1017.75,85.06,483.9,0,1,0,-1.9759593872861567,0.062098141042707895
12.57,39.16,1016.53,88.91,476.2,0,1,0,-1.8837421184136736,0.372093154068044
14.45,43.34,1015.47,83.33,462.16,0,1,0,-1.3262044708113383,0.22025137157586314
14.22,37.85,1011.24,88.49,471.05,0,1,0,-1.4336807263186102,0.9045524326209431
6.97,41.26,1010.6,96.88,484.71,0,1,0,-2.057336044846906,1.4843885184677248
20.61,63.86,1015.43,73.86,446.34,1,0,0,0.3371066682536742,-0.1410986332509649
14.67,42.28,1007.21,65.17,469.02,0,1,0,-0.3171004193005121,0.1720028114483746
29.06,72.86,1004.23,69.41,432.12,1,0,0,2.3112057227147096,0.8633640427409941
14.38,40.1,1015.51,81.23,467.28,0,1,0,-1.4226811479944226,0.08185944847943559
32.51,69.98,1013.29,54.07,429.66,1,0,0,2.252146976918578,-0.9618052955665428
11.79,45.09,1013.16,89.17,469.49,0,1,0,-1.4637130931505584,0.8055334725487694
8.65,40.56,1023.23,78.85,485.87,0,1,0,-2.3394718940601944,-0.8387006575426391
9.75,40.81,1026.0,84.44,481.95,0,1,0,-2.572581437327405,-0.8572021245163448
9.11,40.02,1031.1,83.02,479.03,0,1,0,-2.9708320525526837,-1.4877845499605409
23.39,69.13,1010.99,90.66,434.5,1,0,0,0.6626126228147371,1.2331113520669887
14.3,54.3,1015.16,75.29,464.9,0,1,0,-0.6241469665382382,-0.07176821265051052
17.49,63.94,1020.02,82.6,452.71,0,0,0,-0.4581981003902078,-0.16767060076391938
31.1,69.51,1010.84,45.4,429.74,1,0,0,2.508637165044839,-1.1368100304281534
19.77,56.65,1020.67,66.33,457.09,0,0,0,-0.2105847790313588,-1.1527118275373536
28.61,72.29,1011.61,45.33,446.77,1,0,0,2.3750194051105122,-1.1848543967200922
13.52,41.48,1014.46,67.12,460.76,0,1,0,-0.9925275551969679,-0.515282033353881
13.52,40.83,1008.31,84.14,471.95,0,1,0,-1.0466443954633686,1.0277768149049524
17.57,46.21,1014.09,80.81,453.29,0,0,0,-0.7822210625274904,0.24220471984320882
28.18,60.07,1016.34,49.13,441.61,1,0,0,1.378991443178837,-1.5991635224168526
14.29,46.18,1017.01,87.29,464.73,0,1,0,-1.4226699334851818,0.2809904741652704
18.12,43.69,1016.91,52.95,464.68,0,1,0,-0.31218100662335524,-1.5272165373839088
31.27,73.91,1003.72,68.92,430.59,1,0,0,2.587479620704767,0.8869529399222137
26.24,77.95,1014.19,85.21,438.01,1,0,0,1.2109506888485568,0.6549057682425641
7.44,41.04,1021.84,88.56,479.08,0,1,0,-2.5771440540354575,-0.1739278442247244
29.78,74.78,1009.28,55.09,436.39,1,0,0,2.485182865439169,-0.41522493686859735
23.37,65.46,1016.25,48.64,447.07,1,0,0,1.238566546727292,-1.5383802652721086
10.62,39.58,1011.9,87.85,479.91,0,1,0,-1.6828132957379067,0.8381836368514128
5.84,43.02,1013.88,87.42,489.05,0,1,0,-2.0494291258884596,0.6607731682504073
14.51,53.82,1016.46,62.75,463.17,0,1,0,-0.3889252518718907,-0.8660136539318624
11.31,42.02,1001.18,94.86,471.26,0,1,0,-0.970606494144031,2.382208329152339
11.25,40.67,1011.64,63.54,480.49,0,1,0,-0.9297900174356537,-0.3840832691054745
9.18,39.42,1025.41,69.46,473.78,0,1,0,-2.2492450121337257,-1.5736372752649628
19.82,58.16,1016.76,74.66,455.5,0,0,0,-0.09098244846185068,-0.2851220665943999
24.77,58.41,1013.78,80.57,446.27,1,0,0,0.37733107976191266,0.31264449042090076
9.66,41.06,1021.21,84.7,482.2,0,1,0,-2.249213580955484,-0.31962135319607354
21.96,59.8,1016.72,72.6,452.48,1,0,0,0.2145084385139121,-0.38852968693377843
18.59,43.14,1011.92,52.63,464.48,0,0,0,0.0509279853805588,-1.0080739319306091
24.75,69.89,1015.29,82.01,438.1,1,0,0,0.741241141244188,0.31518944744241745
24.37,63.47,1012.77,75.22,445.6,1,0,0,0.7760636487215453,0.18989960895239405
29.6,67.79,1010.37,51.05,442.43,1,0,0,2.1934031043531754,-0.7975507719360989
25.32,61.25,1011.56,80.1,436.67,1,0,0,0.7115724436712831,0.5492091377459131
16.15,41.85,1016.54,81.58,466.56,0,1,0,-1.2788041029004462,-0.010213380476855041
15.74,71.14,1019.65,65.94,457.29,1,0,0,0.17536653207131842,-0.9175367632883242
5.97,36.25,1029.65,86.74,487.03,0,1,0,-3.3945619440601957,-1.1467717187808184
15.84,52.72,1026.45,62.57,464.93,0,1,0,-1.0040338084283278,-1.9809527712189159
14.84,44.63,1019.28,57.37,466.0,0,1,0,-0.8185369169208057,-1.5270855518171427
12.25,48.79,1017.44,88.91,469.52,0,1,0,-1.5476222056084235,0.3527703995531113
27.38,70.04,1011.18,72.26,428.88,1,0,0,1.499910453285487,0.24255702829371617
8.76,41.48,1018.49,74.98,474.3,0,1,0,-1.86554551275894,-0.515752684989121
15.54,39.31,1009.69,71.19,461.06,0,1,0,-0.7026235495995787,0.18290986462775952
18.71,39.39,1014.09,62.82,465.57,0,0,0,-0.5187178895537634,-0.7492887037589868
13.06,41.78,1012.3,55.31,467.67,0,1,0,-0.5613994346194442,-0.8842586767351418
12.72,40.71,1016.02,71.57,466.99,0,1,0,-1.3151439973323733,-0.4561293437786639
19.83,39.39,1013.73,59.16,463.72,0,0,0,-0.30609372344162095,-0.9066993990143662
27.23,49.16,1004.03,40.8,443.78,1,0,0,1.8765052374940867,-0.7703089738260775
24.27,68.28,1005.43,67.63,445.23,1,0,0,1.6786291109836837,0.6366491472513998
11.8,40.66,1017.13,97.2,464.43,0,1,0,-2.1386941622899838,0.7520969338139865
6.76,36.25,1028.31,91.16,484.36,0,1,0,-3.353499209365414,-0.7780808550898127
25.99,63.07,1012.5,64.81,442.16,1,0,0,1.182568550110749,-0.3324303177982487
16.3,39.63,1004.64,85.61,464.11,0,1,0,-0.6583008534043915,1.474592786706066
16.5,49.39,1018.35,93.42,462.48,0,0,0,-1.3502789341579493,0.4623230698551877
10.59,42.49,1009.59,77.36,477.49,0,1,0,-1.1253894319029885,0.5717721480795842
26.05,65.59,1012.78,67.03,437.04,1,0,0,1.2215237303625137,-0.22841568830111325
19.5,40.79,1003.8,89.45,457.09,0,1,0,-0.38611414534412053,1.7517781695509738
22.21,45.01,1012.22,54.84,450.6,1,0,0,0.35395460350472285,-0.936312754182287
17.86,45.0,1023.25,53.48,465.78,0,1,0,-0.721976462159423,-2.177816723309834
29.96,70.04,1010.15,54.47,427.1,1,0,0,2.2479468623837295,-0.5813690856312786
19.08,44.63,1020.14,43.36,459.81,0,1,0,-0.1611187907782145,-2.3729846089891997
23.59,47.43,1006.64,48.92,447.36,1,0,0,1.109672733680014,-0.6243365686040838
3.38,39.64,1011.0,81.22,488.92,0,1,0,-2.0431275745125754,0.6438386829332536
26.39,66.49,1012.96,60.35,433.36,1,0,0,1.4515485960172418,-0.5879553032679181
8.99,39.04,1021.99,75.98,483.35,0,1,0,-2.2188887080329343,-0.8664271535645985
10.91,41.04,1026.57,74.24,469.53,0,1,0,-2.239023914826639,-1.451930851431113
13.08,39.82,1012.27,85.21,476.96,0,1,0,-1.4254312565940939,0.6467285873015384
23.95,58.46,1017.5,68.46,440.75,1,0,0,0.374682007031724,-0.7115811685331481
15.64,43.71,1024.51,78.31,462.55,0,1,0,-1.6968161900226681,-1.02832982438713
18.78,54.2,1012.05,89.25,448.04,0,0,0,-0.41154759179298667,0.9561414574410382
20.65,50.59,1016.22,68.57,455.24,0,0,0,-0.16027437837868536,-0.6073836198946237
4.96,40.07,1011.8,67.38,494.75,0,1,0,-1.5866510563659393,-0.1651128579006047
23.51,57.32,1012.55,53.6,444.58,1,0,0,1.0138865946272289,-0.9459843254806799
5.99,35.79,1011.56,91.69,484.82,0,1,0,-2.3092171202280163,1.0745556881001166
23.65,66.05,1019.6,78.21,442.9,1,0,0,0.28660490587720505,-0.37367595455520863
5.17,39.33,1009.68,94.19,485.46,0,1,0,-2.1579782759297887,1.4424327080480637
26.38,49.5,1012.82,37.19,457.81,1,0,0,1.3163953359135658,-1.905179797583758
6.02,43.65,1013.85,83.53,481.92,0,1,0,-1.9031021356448006,0.46705557994665214
23.2,61.02,1009.63,79.45,443.23,1,0,0,0.6750207256536506,0.7384198470998404
8.57,39.69,1000.91,99.9,474.29,0,1,0,-1.4127758396258572,2.6717581436760276
30.72,71.58,1009.98,50.39,430.46,1,0,0,2.4967754826860946,-0.7662855109438402
21.52,50.66,1013.56,74.33,455.71,0,0,0,-0.05454421213988657,-0.025775492154343417
22.93,62.26,1011.25,83.66,438.34,1,0,0,0.48694762107232004,0.7912188289342824
5.71,41.31,1003.24,89.48,485.83,0,1,0,-1.4639762181287976,1.9127082772984003
18.62,44.06,1017.76,64.59,452.82,0,1,0,-0.6167141267502987,-1.0192617449444812
27.88,68.94,1007.68,75.68,435.04,1,0,0,1.641933424351641,0.7879198258345453
22.32,59.8,1016.82,64.18,451.21,1,0,0,0.45742629059290346,-0.8365761080735019
14.55,42.74,1028.41,70.09,465.81,0,1,0,-1.8806416663387557,-1.8776962586783708
17.83,44.92,1025.04,70.58,458.42,0,1,0,-1.2968551831238673,-1.490328380618403
9.68,39.96,1026.09,99.28,470.22,0,1,0,-3.009752974562752,-0.1072259581393462
19.41,49.39,1020.84,81.89,449.24,0,0,0,-0.9785680922897848,-0.4239262249310674
13.22,44.92,1023.84,87.99,471.43,0,1,0,-2.0504768552752153,-0.42935092544484077
12.24,44.92,1023.74,88.21,473.26,0,1,0,-2.1302940770615386,-0.4004092483399101
19.21,58.49,1011.7,91.29,452.82,0,0,0,-0.21636191628131862,1.13118629643276
29.74,70.32,1008.1,52.72,432.69,1,0,0,2.427625599961348,-0.4447562756381504
23.28,60.84,1017.91,67.5,444.13,1,0,0,0.421446165176803,-0.7820344092380811
8.02,41.92,1029.8,92.05,467.21,0,1,0,-3.1243609486829875,-0.8572988232983437
22.47,48.6,1002.33,63.23,445.98,1,0,0,0.9887247853332729,0.6007891139917865
27.51,73.77,1002.42,90.88,436.91,1,0,0,1.7857639355378014,2.1867854848178596
17.51,44.9,1009.05,74.91,455.01,0,1,0,-0.34714456670953814,0.4762123088860958
23.22,66.56,1002.47,85.39,437.11,1,0,0,1.25385213953032,1.8691440292513322
11.73,40.64,1020.68,96.98,477.06,0,1,0,-2.3816332421388813,0.3545367268984775
21.19,67.71,1006.65,56.28,441.71,1,0,0,1.6126949529045713,-0.06569587521898244
5.48,40.07,1019.63,65.62,495.76,0,1,0,-2.0315677857782584,-1.1120495642116592
24.26,66.44,1011.33,55.32,445.63,1,0,0,1.5161077332492454,-0.6560159684941417
12.32,41.62,1012.88,88.88,464.72,0,1,0,-1.546288317136914,0.7894753151563872
31.26,68.94,1005.94,39.49,438.03,1,0,0,2.9852138266448285,-0.9141041247872439
32.09,72.86,1003.47,54.59,434.78,1,0,0,3.0003671054452106,0.16029804971783712
24.98,60.32,1015.63,57.19,444.67,1,0,0,0.9636861686257705,-1.081868627663525
27.48,61.41,1012.2,45.06,452.24,1,0,0,1.7689001124019184,-1.3429506856991824
21.04,45.09,1014.19,40.62,450.92,1,0,0,0.49818634983144455,-1.876300460234401
27.75,70.4,1006.65,90.21,436.53,1,0,0,1.3861131265214361,1.6628530055869308
22.79,71.77,1005.75,90.91,435.53,1,0,0,1.0801993172012045,1.8419075214138823
24.22,68.51,1013.23,74.96,440.01,1,0,0,0.9613220516669001,0.16801490247381617
27.06,64.45,1008.72,54.21,443.1,1,0,0,1.8664221325484864,-0.4643091140648831
29.25,71.94,1007.18,63.62,427.49,1,0,0,2.2365019389873546,0.23454297502615185
26.86,68.08,1012.99,50.04,436.25,1,0,0,1.8278061310108293,-1.1138991240812357
29.64,67.79,1009.99,51.23,440.74,1,0,0,2.217908293735344,-0.747157310275238
19.92,63.31,1015.02,82.71,443.54,1,0,0,0.05260153684920309,0.3607242130290692
18.5,51.43,1010.82,92.04,459.42,0,0,0,-0.5458306973080121,1.2137019685515165
23.71,60.23,1009.76,90.67,439.66,1,0,0,0.38023270522718067,1.2936717785836633
14.39,44.84,1023.55,91.14,464.15,0,1,0,-2.0199768408960117,-0.24378969972041054
19.3,56.65,1020.55,70.43,459.1,0,0,0,-0.34833260147127804,-0.9247646366822962
24.65,52.36,1014.76,66.63,455.68,1,0,0,0.39814228904662863,-0.5616495677214479
13.5,45.51,1015.33,86.95,469.08,0,1,0,-1.3939914350014375,0.44635435429029047
9.82,41.26,1007.71,96.69,478.02,0,1,0,-1.6201094353210514,1.769766192957429
18.4,44.06,1017.36,70.88,456.8,0,1,0,-0.7719648584310926,-0.6494736451034737
28.12,44.89,1009.18,47.14,441.13,1,0,0,1.244923100723036,-1.0441957430310878
17.15,43.69,1017.05,63.36,463.88,0,1,0,-0.673809354007021,-0.9983955548893748
30.69,73.67,1006.14,60.58,430.45,1,0,0,2.5819703370565135,0.19492740066350644
28.82,65.71,1014.24,54.3,449.18,1,0,0,1.6885494958721206,-1.0625490659876966
21.3,48.92,1010.92,65.09,447.89,1,0,0,0.2720206330251572,-0.22788129390157183
30.58,70.04,1010.4,48.16,431.59,1,0,0,2.4469615151940527,-0.9385909278287135
21.17,52.3,1009.36,81.51,447.5,1,1,0,0.08759678024389224,0.8177982885932081
9.87,41.82,1033.04,68.57,475.58,0,1,0,-2.5834164168537055,-2.435712124612509
22.18,59.8,1016.77,73.16,453.24,1,0,0,0.21462438470407075,-0.36656569259372673
24.39,63.21,1012.59,80.88,446.4,1,0,0,0.6306222628458399,0.4994752888516393
10.73,44.92,1025.1,85.4,476.81,0,1,0,-2.2742176640331566,-0.6832388915308032
9.38,40.46,1019.29,75.77,474.1,0,1,0,-1.9345280494223787,-0.574522732705765
20.27,57.76,1016.66,75.76,450.71,0,0,0,-0.09340258277722778,-0.2237412321640657
24.82,66.48,1006.4,70.21,433.62,1,0,0,1.5111154851187492,0.6459772511092376
16.55,41.66,1011.45,55.53,465.14,0,0,0,-0.22643471688296382,-0.8051659737244037
20.73,59.87,1019.08,80.48,445.18,0,0,0,-0.2507351366001505,-0.22969530835753926
9.51,39.22,1015.3,72.41,474.12,0,1,0,-1.61864177208931,-0.32443969515895854
8.63,43.79,1016.08,83.25,483.91,0,1,0,-1.8262266911193707,0.19309530322357962
6.48,40.27,1010.55,82.12,486.68,0,1,0,-1.7523256549874102,0.7231922177371215
14.95,43.52,1022.43,94.75,464.98,0,1,0,-2.049927394550532,0.05006879287511557
5.76,45.87,1010.83,95.79,481.4,0,1,0,-1.9411554181299147,1.4484743508023705
10.94,39.04,1021.81,86.02,479.2,0,1,0,-2.308024320780833,-0.3418179327899781
15.87,41.16,1005.85,78.29,463.86,0,1,0,-0.5175521578963816,0.9802025993350776
12.42,38.25,1012.76,82.23,472.3,0,1,0,-1.504661258639385,0.43139271708960764
29.12,58.84,1001.31,52.86,446.51,1,0,0,2.3295799299898143,0.21352179230911816
29.12,51.43,1005.93,60.66,437.71,1,0,0,1.4840846130189467,0.05350406052763446
19.08,41.1,1001.96,62.77,458.94,1,0,0,0.4155063535603643,0.5800749806811814
31.06,67.17,1007.62,65.54,437.91,1,0,0,2.095421979283434,0.23497043009014296
5.72,39.33,1009.96,95.4,490.76,0,1,0,-2.163290979827947,1.4706573736377198
26.52,65.06,1013.4,51.78,439.66,1,0,0,1.5931757696907833,-1.0907118205485797
13.84,44.9,1007.58,63.62,463.27,0,1,0,-0.2548165844636722,0.07847124973178667
13.03,39.52,1016.68,83.09,473.99,0,1,0,-1.6880479246802307,0.05504941999380331
25.94,66.49,1012.83,61.81,433.38,1,0,0,1.3851188913183192,-0.4953510986424643
16.64,53.82,1015.13,68.24,459.01,0,1,0,-0.2659049676753115,-0.45232633971777547
14.13,40.75,1016.05,72.41,471.44,0,1,0,-1.2209987560838391,-0.4253407375650872
13.65,39.28,1012.97,79.64,471.91,0,1,0,-1.304367817127896,0.27470713752679715
14.5,44.47,1028.2,66.95,465.15,0,1,0,-1.712127055113922,-2.002663396624201
19.8,51.19,1008.25,91.98,446.66,0,1,0,-0.27233115486119486,1.479607154128863
25.2,63.76,1009.78,64.96,438.15,1,0,0,1.3293074742401043,-0.017580452251875094
20.66,51.19,1008.81,88.93,447.14,0,1,0,-0.159829316453585,1.2552969278255097
12.07,43.71,1025.53,85.62,472.32,0,1,0,-2.2520303563929813,-0.7376010559255324
25.64,70.72,1010.16,84.0,441.68,1,0,0,1.1490402058316223,0.9770796617636525
23.33,72.99,1009.33,89.41,440.04,1,0,0,0.9736797942909687,1.380818932285479
29.41,64.05,1009.82,67.4,444.82,1,0,0,1.6230868413333661,0.07760516221574103
16.6,53.16,1014.5,76.75,457.26,0,1,0,-0.4777274179957522,0.05056946206043842
27.53,72.58,1009.13,89.06,428.83,1,0,0,1.3250395403295196,1.3525260411726336
20.62,43.43,1009.93,64.02,449.07,0,0,0,0.0693047327850785,-0.21490848623292264
26.02,71.94,1009.38,64.12,435.21,1,0,0,1.8068529032364935,0.04289232969383933
12.75,44.2,1017.59,81.22,471.03,0,1,0,-1.518000098247293,-0.10096168652136493
12.87,48.04,1012.47,100.13,465.56,0,1,0,-1.4838646714563106,1.4628744273056327
25.77,62.96,1019.86,58.07,442.83,1,0,0,0.8338999601618354,-1.4811261774330704
14.84,41.48,1017.26,63.42,460.3,0,1,0,-0.9777902593125252,-1.020181066583117
7.41,40.71,1023.07,83.32,474.25,0,1,0,-2.541101173079752,-0.5808270399543678
8.87,41.82,1033.3,74.28,477.97,0,1,0,-2.8328868257091258,-2.1623982328597022
9.69,40.46,1019.1,71.91,472.16,0,1,0,-1.795122658556247,-0.7552338500990025
16.17,46.97,1014.22,85.8,456.08,0,0,0,-1.0035216378859222,0.501356324364773
26.24,49.82,1014.9,55.58,452.41,1,0,0,0.6965927614363412,-1.1786939181436065
13.78,43.22,1011.31,69.7,463.71,0,1,0,-0.7470139240743904,-0.026877168623489815
26.3,67.07,1006.26,63.79,433.72,1,0,0,1.836587540343686,0.3244156717390808
17.37,57.76,1016.0,86.59,456.4,0,0,0,-0.5707604193132966,0.42705282175223896
23.6,48.98,1015.41,48.28,448.43,1,0,0,0.5976464209122845,-1.599827126326496
8.3,36.08,1020.63,80.42,481.6,0,1,0,-2.4296417434063393,-0.5082570864945781
18.86,42.18,1001.16,98.58,457.07,0,1,0,-0.4362424618846867,2.526141343350871
22.12,49.39,1019.8,72.83,451.0,0,0,0,-0.44724298979955174,-0.7969485900619981
28.41,75.6,1018.48,56.07,440.28,1,0,0,1.7554228226249906,-1.3503490230608597
29.42,71.32,1002.26,67.13,437.47,1,0,0,2.4669098830538525,0.9452811547775861
18.61,67.71,1004.07,84.49,443.57,1,0,0,0.8384935838167882,1.6892351369564447
27.57,69.84,1004.91,68.37,426.6,1,0,0,2.035894102793666,0.7214886055221162
12.83,41.5,1013.12,86.07,470.87,0,1,0,-1.4524197709211992,0.6138215197498894
9.64,39.85,1012.9,83.82,478.37,0,1,0,-1.7146649823413882,0.5301190981785087
19.13,58.66,1013.32,74.86,453.92,1,0,0,0.10341426642336697,0.10848810515424621
15.92,40.56,1020.79,53.52,470.22,0,1,0,-0.9111808721031773,-1.930419467763975
24.64,72.24,1011.37,80.61,434.54,1,0,0,1.1396075161159342,0.6893973410167717
27.62,63.9,1013.11,43.56,442.89,1,0,0,1.8673910390297535,-1.5003701231076572
8.9,36.24,1013.29,89.35,479.03,0,1,0,-2.1059949576470895,0.749130591704389
9.55,43.99,1020.5,97.28,476.06,0,1,0,-2.4094343355672727,0.431502427086229
10.57,36.71,1022.62,80.49,473.88,0,1,0,-2.3520087657880793,-0.7317469897173183
19.8,57.25,1010.84,88.9,451.75,0,0,0,-0.10124983521043605,1.0874141099920014
25.63,56.85,1012.68,49.7,439.2,1,0,0,1.2611906655591711,-1.1797544780358542
24.7,58.46,1015.58,68.64,439.7,1,0,0,0.5627810270119563,-0.49836557381167024
15.26,46.18,1013.68,98.58,463.6,0,1,0,-1.4105976044265425,1.219797216149997
20.06,52.84,1004.21,82.12,447.47,1,1,0,0.35496063690453616,1.4219499823148671
19.84,56.89,1013.23,78.32,447.92,1,0,0,-0.00029833439932713937,0.2778078075779148
11.49,44.63,1020.44,86.04,471.08,0,1,0,-1.9232940592932566,-0.15035151193581453
23.74,72.43,1007.99,91.36,437.55,1,0,0,1.0232322825852271,1.6200767661879374
22.62,51.3,1012.36,81.02,448.27,0,0,0,-0.028540331226578106,0.44790267629562364
29.53,72.39,998.47,76.05,431.69,1,0,0,2.548466974732781,1.8263111749700123
21.32,48.14,1016.57,71.81,449.09,0,0,0,-0.3215177753411518,-0.5025326379332502
20.3,58.46,1015.93,82.13,448.79,0,0,0,-0.17674915359599966,0.19003742795250544
16.97,44.92,1025.21,74.27,460.21,0,1,0,-1.475850052589293,-1.3124583778720047
12.07,41.17,1013.54,71.32,479.28,0,1,0,-1.1729004079173126,-0.19087037082304917
7.46,41.82,1032.67,74.59,483.11,0,1,0,-2.914412844123415,-2.068166422231327
19.2,54.2,1011.46,84.44,450.75,0,0,0,-0.2109679585665778,0.7691846563533411
28.64,66.54,1010.43,43.39,437.97,1,0,0,2.2551291861793477,-1.2030554881193465
13.56,41.48,1008.53,87.2,459.76,0,1,0,-1.1096449019354615,1.1667644386814933
17.4,44.9,1020.5,77.11,457.75,0,1,0,-1.1943388575341451,-0.6561181857138418
14.08,40.1,1015.48,82.81,469.33,0,1,0,-1.486683737791928,0.16874613466156002
27.11,69.75,1009.74,85.67,433.28,1,0,0,1.212599229117506,1.0911684646189368
20.92,70.02,1010.23,95.58,444.64,1,0,0,0.4212358552507381,1.5939090982835997
16.18,44.9,1021.3,74.46,463.1,0,1,0,-1.2803285519705445,-0.8716968686866943
15.57,44.68,1022.01,90.02,460.91,0,1,0,-1.795378231621018,-0.14328984217043716
10.37,39.04,1023.95,81.93,479.35,0,1,0,-2.3940937871570203,-0.7820780383065775
19.6,59.21,1017.65,86.29,449.23,0,0,0,-0.42742766278263983,0.22835818637474053
9.22,40.92,1021.83,85.43,474.51,0,1,0,-2.3530475367452706,-0.34755989220122874
27.76,72.99,1007.81,71.66,435.02,1,0,0,1.9067709186308293,0.5996682904138209
28.68,70.72,1009.43,71.33,435.45,1,0,0,1.780800183015517,0.3816769038777176
20.95,48.14,1013.3,67.72,452.38,0,0,0,-0.022242026175420745,-0.35512537504342556
9.06,39.3,1019.73,84.23,480.41,0,1,0,-2.263147999378586,-0.19282294272648354
9.21,39.72,1019.54,74.44,478.96,0,1,0,-1.9634749984703967,-0.6752054767043785
13.65,42.74,1026.58,71.48,468.87,0,1,0,-1.8664828098554092,-1.6005374782531125
31.79,76.2,1007.89,56.3,434.01,1,0,0,2.77683541018786,-0.20371008013492514
14.32,44.6,1013.85,68.13,466.36,0,1,0,-0.7737459811550285,-0.37705696133831895
26.28,75.23,1011.44,68.35,435.28,1,0,0,1.7223853620631842,0.06170889819485654
7.69,43.02,1014.51,85.23,486.46,0,1,0,-1.8824607714459753,0.4664763968605183
14.44,40.1,1015.51,79.78,468.19,0,1,0,-1.3798391125400615,0.006590433064167548
9.19,41.01,1022.14,98.98,468.37,0,1,0,-2.7267644273136407,0.31916268162243056
13.35,41.39,1019.17,72.87,474.19,0,1,0,-1.4818934488489572,-0.7308093237072549
23.04,74.22,1009.52,90.93,440.32,1,0,0,0.9513004045986321,1.4504941132940692
4.83,38.44,1015.35,72.94,485.32,0,1,0,-2.0565616046751583,-0.27682808445692453
17.29,42.86,1014.38,72.3,464.27,0,1,0,-0.7504253336336305,-0.25378679997905407
8.73,36.18,1013.66,77.74,479.25,0,1,0,-1.844517148220154,0.1101349112483121
26.21,70.32,1007.0,78.29,430.4,1,0,0,1.543097786089723,1.0192300107243728
23.72,58.62,1016.65,69.1,447.49,1,0,0,0.40397940659029535,-0.5831327195235856
29.27,64.69,1006.85,55.79,438.23,1,0,0,2.1456140965626402,-0.19230201024321725
10.4,40.43,1025.46,75.09,492.09,0,1,0,-2.2545464861421554,-1.2886215853785274
12.19,40.75,1015.13,88.98,475.36,0,1,0,-1.751386610632661,0.543541194179346
20.4,54.9,1016.68,64.26,452.56,1,0,0,0.09037588715015908,-0.8435543946721584
34.3,74.67,1015.98,25.89,427.84,1,0,0,3.15963616367031,-2.6839881109705814
27.56,68.08,1010.8,59.18,433.95,1,0,0,1.7960531321505715,-0.408367261923138
30.9,70.8,1008.48,67.48,435.27,1,0,0,2.1329313166592136,0.2718241597670268
14.85,58.59,1014.04,89.85,454.62,0,0,0,-0.6937195677010105,0.8326626318749659
16.42,40.56,1020.36,50.62,472.17,0,1,0,-0.7648166614639409,-2.036736010019085
16.45,63.31,1015.96,83.97,452.42,0,0,0,-0.3308127563084446,0.3471370363271417
10.14,42.02,1003.19,96.51,472.17,0,1,0,-1.2473265017835249,2.2565406128099363
9.53,41.44,1018.01,80.09,481.83,0,1,0,-1.9045596509554803,-0.20526048424201132
17.01,49.15,1021.83,84.02,458.78,0,0,0,-1.3103919426756192,-0.4072859256907032
23.94,62.08,1022.47,61.97,447.5,1,0,0,0.3642069064669814,-1.5585395156397273
15.95,49.25,1019.04,88.51,463.4,0,1,0,-1.320585989862758,0.1363386543566948
11.15,41.26,1022.67,81.83,473.57,0,1,0,-2.1419587165676615,-0.6353230541262023
25.56,70.32,1009.07,90.63,433.72,1,0,0,1.0258668657634886,1.4353686498884597
27.16,66.44,1011.2,73.37,431.85,1,0,0,1.2926646760088945,0.27019020713217223
26.71,77.95,1012.13,77.5,433.47,1,0,0,1.5916570767042781,0.477940931458958
29.56,74.22,1007.45,57.46,432.84,1,0,0,2.505168901188422,-0.09662872211944117
31.19,70.94,1007.29,51.91,436.6,1,0,0,2.651028408670774,-0.4032953482539612
6.86,41.17,1020.12,79.14,490.23,0,1,0,-2.255866196059775,-0.4679721976316256
12.36,41.74,1020.58,69.24,477.16,0,1,0,-1.5494483751785018,-1.0621506292013352
32.82,68.31,1010.44,41.85,441.06,1,0,0,2.717729859696039,-1.297952233058655
25.3,70.98,1007.22,95.1,440.86,1,0,0,1.0428280931741103,1.8746595192293023
8.71,41.82,1033.08,74.53,477.94,0,1,0,-2.8376265009513286,-2.124444974775923
13.34,40.8,1026.56,64.85,474.47,0,1,0,-1.8029895489633887,-1.9541553007272412
14.2,43.02,1012.18,57.07,470.67,0,1,0,-0.4504467577026233,-0.778130592196961
23.74,65.34,1013.7,62.9,447.31,1,0,0,1.0650392201626921,-0.5280340044868299
16.9,44.88,1018.14,72.21,466.8,0,1,0,-0.9475497482553774,-0.6488812525963592
28.54,71.94,1007.4,65.99,430.91,1,0,0,2.100971551475221,0.3377966010368801
30.15,69.88,1007.2,73.67,434.75,1,0,0,1.9559834686732065,0.7284734007916607
14.33,42.86,1010.82,88.59,469.52,0,1,0,-1.1776967199438084,0.9950485880993697
25.57,59.43,1008.88,61.19,438.9,1,0,0,1.3288155392863568,-0.1516297249508457
30.55,70.04,1010.51,49.37,429.56,1,0,0,2.4053675291773606,-0.8878940131700809
28.04,74.33,1013.53,48.65,432.92,1,0,0,2.200259486217724,-1.202173180983428
26.39,49.16,1005.68,56.18,442.87,1,0,0,1.2927886992145512,-0.1501971928296788
15.3,41.76,1022.57,71.56,466.59,0,1,0,-1.5022042742284671,-1.1789713126742747
6.03,41.14,1028.04,87.46,479.61,0,1,0,-3.0830658839034544,-0.8953261674303821
13.49,44.63,1019.12,70.02,471.08,0,1,0,-1.2496094020367603,-0.8473602457755178
27.67,59.14,1016.51,61.2,433.37,1,0,0,0.9689050659809424,-0.9985423728907099
24.19,65.48,1018.8,60.54,443.92,1,0,0,0.8223192040340025,-1.207101981048756
24.44,59.14,1016.74,71.82,443.5,1,0,0,0.4091199813767343,-0.4532373026012333
29.86,64.79,1017.37,44.8,439.89,1,0,0,1.7686758635803401,-1.9083119019035537
30.2,69.59,1008.9,67.32,434.66,1,0,0,1.9973549406333462,0.21287090393333838
7.99,41.38,1021.95,78.77,487.57,0,1,0,-2.268436507688613,-0.6923514124863379
9.93,41.62,1013.76,96.02,464.64,0,1,0,-1.9901219426053516,1.078608140531742
11.03,42.32,1017.26,90.56,470.92,0,1,0,-1.964414293871237,0.413772304236515
22.34,63.73,1014.37,83.19,444.39,1,0,0,0.30263018541825365,0.44312472846668927
25.33,48.6,1002.54,68.45,442.48,1,0,0,1.074059668507493,0.8278761797515017
18.87,52.08,1005.25,99.19,449.61,0,1,0,-0.2937243504757215,2.1919968320576793
25.97,69.34,1009.43,88.11,435.02,1,0,0,1.0578063539689175,1.2553771003767193
16.58,43.99,1021.81,79.29,458.67,0,1,0,-1.4484170004002,-0.6879300324267807
14.35,46.18,1016.63,87.76,461.74,0,1,0,-1.4040919715694098,0.346219097987724
25.06,62.39,1008.09,82.56,438.31,1,0,0,0.912666136070568,1.0649798237608157
13.85,48.92,1011.68,79.24,462.38,0,1,0,-0.7644459737144328,0.4707944262806628
16.09,44.2,1019.39,67.24,460.56,0,1,0,-0.9997355038441734,-1.0415086561833673
26.34,59.21,1013.37,58.98,439.22,1,0,0,1.1343038019349738,-0.7616238812755782
23.01,58.79,1009.71,84.22,444.64,1,0,0,0.43092261623545036,0.9593053958620461
26.39,71.25,999.8,89.12,430.34,1,0,0,1.806833758339363,2.3685379328147875
31.32,71.29,1008.37,50.07,430.46,1,0,0,2.651638861810013,-0.6139468850135199
16.64,45.87,1009.02,98.86,456.79,0,1,0,-0.9999757870136875,1.7297016276152957
13.42,41.23,994.17,95.79,468.82,0,1,0,-0.3776642997830901,3.172681056518772
20.06,44.9,1008.79,70.06,448.51,0,1,0,0.00778539513997907,0.23670716630781144
14.8,44.71,1014.67,41.71,470.77,0,0,0,-0.09480500866943874,-1.8327148333493082
12.59,41.14,1025.79,86.55,465.74,0,1,0,-2.364446566682759,-0.7421509525915468
26.7,66.56,1005.31,71.97,430.21,1,0,0,1.6981344511252485,0.8433177236223341
19.78,50.32,1008.62,96.4,449.23,0,1,0,-0.45306308215701757,1.6606418310731794
15.17,49.15,1021.91,91.73,461.89,0,1,0,-1.6691832733298377,-0.005380659235648113
21.71,61.45,1010.97,91.62,445.72,1,0,0,0.1616284226444117,1.2344663827047166
19.09,39.39,1013.36,59.14,466.13,0,0,0,-0.34142287533685967,-0.8623907401858184
19.76,51.19,1008.38,92.56,448.71,0,1,0,-0.2996515754125814,1.4956698471805585
14.68,41.23,998.43,83.71,469.25,0,1,0,-0.24844065950615118,2.0765952829229994
21.3,66.86,1013.04,55.43,450.56,1,0,0,1.1708586561724705,-0.812912194860099
16.73,39.64,1008.94,74.91,464.46,0,1,0,-0.6359296658208046,0.4511485919255112
12.26,41.5,1014.87,89.41,471.13,0,1,0,-1.7060528702337414,0.5996122826817205
14.77,48.06,1010.92,69.81,461.52,0,1,0,-0.42819915372990913,0.053486904826763305
18.26,59.15,1012.04,86.01,451.09,0,0,0,-0.1508824645283582,0.8333845446383243
27.1,79.74,1005.43,86.05,431.51,1,0,0,1.9361319072567074,1.6605926116620837
14.72,40.83,1009.65,80.98,469.8,0,1,0,-0.9563837224746798,0.7105391639080594
26.3,51.43,1012.05,63.62,442.28,1,0,0,0.7567396078206261,-0.4407502296949027
16.48,48.92,1011.84,64.16,458.67,0,0,0,-0.16422818535046832,-0.34312998197160754
17.99,43.79,1016.13,75.63,462.4,0,1,0,-0.8579729474290694,-0.2696983887072026
20.34,59.8,1015.18,80.21,453.54,1,0,0,-0.013064869219893709,0.18309325522905223
25.53,62.96,1019.81,59.7,444.38,1,0,0,0.7749065775256629,-1.3898905215587904
31.59,58.9,1003.39,47.6,440.52,1,0,0,2.531731632571795,-0.30089669279537046
30.8,69.14,1007.68,63.78,433.62,1,0,0,2.2027166400501166,0.15521926716581347
10.75,45.0,1023.68,89.37,481.96,0,1,0,-2.2759681544916255,-0.32316439947302156
19.3,44.9,1008.89,70.55,452.75,0,1,0,-0.07456447329073422,0.2563092170439598
4.71,39.42,1026.4,84.42,481.28,0,1,0,-3.0765985273686662,-0.8785467746657133
23.1,66.05,1020.28,80.62,439.03,1,0,0,0.1318737367696087,-0.3195346666448503
32.63,73.88,1005.64,52.56,435.75,1,0,0,2.9950088956405914,-0.17624483998851215
26.63,74.16,1009.72,83.26,436.03,1,0,0,1.4317511217768608,1.0077276524020278
24.35,58.49,1011.03,70.64,445.6,1,0,0,0.7931595354181764,0.10291951990366281
15.11,56.03,1020.27,89.95,462.65,0,0,0,-1.2124828103036527,0.13711342569666507
29.1,50.05,1005.87,51.53,438.66,1,0,0,1.6642575215888247,-0.4222965499305674
21.24,50.32,1008.54,84.83,447.32,0,1,0,-0.02477043587329507,1.0620529353302335
6.16,39.48,1004.85,59.68,484.55,0,1,0,-0.8385805407154249,0.18111526824639113
7.36,41.01,1024.9,97.88,476.8,0,1,0,-3.0372315421523566,-0.025628691875369196
10.44,39.04,1023.99,85.03,480.34,0,1,0,-2.4720491186366655,-0.626867948644731
26.76,48.41,1010.53,47.38,440.63,1,0,0,1.1895542578297296,-1.1411454096931728
16.79,44.6,1014.27,48.08,459.48,0,0,0,-0.07458948707472367,-1.4747825262901215
10.76,40.43,1025.98,79.65,490.78,0,1,0,-2.379442244274106,-1.1122793814833671
6.07,38.91,1019.25,83.39,483.56,0,1,0,-2.4724528076016137,-0.16664000937879736
27.33,73.18,1012.26,82.18,429.38,1,0,0,1.3013718158366574,0.662741854639176
27.15,59.21,1013.49,51.71,440.27,1,0,0,1.3829491516762153,-1.1555515332242359
22.35,51.43,1011.34,77.33,445.34,1,0,0,0.1208698883189684,0.3713475040128416
21.82,65.27,1013.86,72.81,447.43,1,0,0,0.6336165689596017,-0.021277020239646942
21.11,69.94,1004.37,84.26,439.91,1,0,0,1.128710223788653,1.6455788429016316
19.95,50.59,1016.11,73.23,459.27,0,1,0,-0.332320761079963,-0.35004264794912565
7.45,39.61,1017.88,79.73,478.89,0,1,0,-2.1386482446650987,-0.2102210954145326
15.36,41.66,1012.41,62.32,466.7,0,1,0,-0.5675324509651467,-0.5510119096544766
15.65,43.5,1021.39,78.58,463.5,0,1,0,-1.4995923679154883,-0.6764488378535424
25.31,74.33,1015.04,79.88,436.21,1,0,0,1.0559180944730764,0.2643821067253769
25.88,63.47,1011.95,65.87,443.94,1,0,0,1.200923528928508,-0.21384885271921295
24.6,63.94,1012.87,80.28,439.63,1,0,0,0.6767286259336345,0.44245846423179663
22.58,41.54,1013.21,71.33,460.95,0,0,0,-0.266888090588353,-0.22325361996815146
19.69,59.14,1015.99,70.33,448.69,1,0,0,0.10713772887311744,-0.4160478922718113
25.85,75.08,1006.24,57.73,444.63,1,0,0,2.3123121839349694,0.08132985795434113
10.06,37.83,1005.49,99.46,473.51,0,1,0,-1.6725539228059512,2.1252148266071673
18.59,39.54,1008.56,68.61,462.56,0,1,0,-0.2962879258310613,0.15375876837724206
18.27,50.16,1011.07,95.91,451.76,0,1,0,-0.7389775414331227,1.3776200715451072
8.85,40.43,1025.68,80.42,491.81,0,1,0,-2.5367553408857697,-1.0268128913759473
30.04,68.08,1011.04,51.01,429.52,1,0,0,2.1978716190722247,-0.8732349297643249
26.06,49.02,1007.59,74.08,437.9,1,0,0,0.6614176293722276,0.5670937093855938
14.8,38.73,1003.18,80.73,467.54,0,1,0,-0.594728503128067,1.3846154645498
23.93,64.45,1015.35,54.71,449.97,1,0,0,1.143002449667922,-1.1389757410296781
23.72,66.48,1003.61,73.75,436.62,1,0,0,1.5180354747070213,1.1400240303294793
11.44,40.55,1023.37,88.43,477.68,0,1,0,-2.3695138634795487,-0.37850089476614346
20.28,63.86,1016.04,74.66,447.26,1,0,0,0.2473767723125853,-0.16395836545243594
27.9,63.13,1011.8,70.04,439.76,1,0,0,1.2539185335076284,0.001226859865177324
24.74,59.39,1015.23,74.64,437.49,1,0,0,0.4741613520317168,-0.14327845087023608
14.8,58.2,1018.29,85.11,455.14,0,0,0,-0.8809328863292234,0.12241651801867116
8.22,41.03,1021.76,82.97,485.5,0,1,0,-2.3616802193137825,-0.45922206720401754
27.56,66.93,1016.81,55.59,444.1,1,0,0,1.429417193129704,-1.2573324323541473
32.07,70.94,1006.91,49.9,432.33,1,0,0,2.8020912623761327,-0.47170421041985067
9.53,44.03,1008.87,89.99,471.23,0,1,0,-1.4259280790225473,1.3218603963931208
13.61,42.34,1017.93,91.61,463.89,0,1,0,-1.8237034977714113,0.3775650268754309
22.2,51.19,1009.2,82.95,445.54,1,1,0,0.09695126225215207,0.8935830287193098
21.36,59.54,1007.99,92.62,446.09,1,0,0,0.22556806990630285,1.5975580803928062
23.25,63.86,1017.82,59.64,445.12,1,0,0,0.7636424176991639,-1.153491743157011
23.5,59.21,1018.29,63.0,443.31,1,0,0,0.4594217523612676,-1.0703625002490467
8.46,39.66,1015.14,85.38,484.16,0,1,0,-2.0139161243021313,0.37330071072119
8.19,40.69,1019.86,85.23,477.76,0,1,0,-2.30866590257712,-0.13820936722882726
30.67,71.29,1008.36,52.08,430.28,1,0,0,2.546148536327782,-0.5046468037452045
32.48,62.04,1010.39,38.05,446.48,1,0,0,2.515938381515999,-1.5368729958176843
8.99,36.66,1028.11,71.98,481.03,0,1,0,-2.6365393761241123,-1.7584437836697628
13.77,47.83,1007.41,90.66,466.07,0,1,0,-0.8264044718533078,1.5170527794218467
19.05,67.32,1013.2,83.14,447.47,1,0,0,0.27043552741122884,0.619328259530802
21.19,55.5,1019.83,65.22,455.93,1,0,0,-0.057810240603770366,-1.137525145792096
10.12,40.0,1021.15,91.67,479.62,0,1,0,-2.436022336252629,0.03506979144903211
24.93,47.01,1014.28,66.04,455.06,1,0,0,0.2335210419248983,-0.5848554914315761
8.47,40.46,1019.87,78.19,475.06,0,1,0,-2.112416093389845,-0.5065175930433634
24.52,56.85,1012.59,54.47,438.89,1,0,0,1.0510662274950016,-0.9161107802281702
28.55,69.84,1003.38,67.26,432.7,1,0,0,2.250096429252202,0.8240712646835059
20.58,50.9,1011.89,72.56,452.6,1,0,0,0.03855978060920599,0.0730280828234224
18.31,46.21,1010.46,82.15,451.75,0,1,0,-0.5086765138515822,0.7015585016756944
27.18,71.06,1008.16,86.32,430.66,1,0,0,1.3668674684119884,1.3068282379329406
4.43,38.91,1019.04,88.17,491.9,0,1,0,-2.7184018462718305,0.11420664447238928
26.02,74.78,1010.04,72.78,439.82,1,0,0,1.6607738525944324,0.4409981213362161
15.75,39.0,1015.91,69.58,460.73,0,1,0,-1.0809487456905944,-0.581367054231773
22.99,60.95,1015.14,69.86,449.7,1,0,0,0.5295416916952528,-0.355733283116623
25.52,59.15,1013.88,65.37,439.42,1,0,0,0.8622314315555493,-0.4821365102528693
27.04,65.06,1013.33,52.37,439.84,1,0,0,1.6254500935273388,-1.0561833302559553
6.42,35.57,1025.58,79.63,485.86,0,1,0,-2.9241291900487596,-1.0792549718822806
17.04,40.12,1011.81,83.14,458.1,0,1,0,-0.9999062774701174,0.5653047431868714
10.79,39.82,1012.89,88.25,479.92,0,1,0,-1.7361484198628039,0.7518161710035646
20.41,56.03,1019.94,55.85,458.29,1,1,0,0.13852512044147036,-1.623647669552163
7.36,40.07,1017.29,52.55,489.45,0,1,0,-1.3753331536234712,-1.5448826259921586
28.08,73.42,1012.17,62.74,434.0,1,0,0,1.887976598181624,-0.33427795952394856
24.74,69.13,1010.69,90.08,431.24,1,0,0,0.8096464328181288,1.2266074286604836
28.32,47.93,1003.26,54.5,439.5,1,0,0,1.6067443132048105,0.0034615136345990203
16.71,40.56,1019.48,49.88,467.46,0,1,0,-0.6615482912062954,-1.981108105888968
30.7,71.58,1010.0,48.96,429.27,1,0,0,2.53112840981308,-0.8421529596421468
18.42,58.95,1016.95,86.77,452.1,0,0,0,-0.501103089690755,0.33532228347319143
10.62,42.02,999.83,96.66,472.41,0,1,0,-0.9825535548628856,2.626837538616672
22.18,69.05,1002.75,70.84,442.14,1,0,0,1.638909522210074,1.114648996113496
22.38,49.3,1003.56,83.83,441.0,1,1,0,0.3900038819468613,1.5366367496858913
13.94,41.58,1020.76,68.22,463.07,0,1,0,-1.411712638643872,-1.1464924871933075
21.24,60.84,1017.99,82.22,445.71,0,0,0,-0.13703023733444564,-0.0168577843000619
6.76,39.81,1017.11,87.9,483.16,0,1,0,-2.347774197771649,0.30173308443813796
26.73,68.84,1010.75,66.83,440.45,1,0,0,1.5645622097039362,0.0038156324117433835
7.24,38.06,1020.6,85.36,481.83,0,1,0,-2.5568768693349435,-0.22676208956989707
10.84,40.62,1015.53,60.9,467.6,0,1,0,-1.1620576755799423,-0.9415180294714726
19.32,52.84,1004.29,83.51,450.88,1,1,0,0.25210722516683787,1.4900572032980313
29.0,69.13,1001.22,52.96,425.5,1,0,0,2.7768696236649384,0.31219030217948895
23.38,54.42,1013.95,73.02,451.87,1,0,0,0.2723897822531692,-0.11829086778848558
31.17,69.51,1010.51,43.11,428.94,1,0,0,2.596752962586617,-1.2195840235927666
26.17,48.6,1002.59,61.41,439.86,1,0,0,1.323943407717967,0.45323925863463865
30.9,73.42,1011.21,65.32,433.44,1,0,0,2.1187627658131714,-0.11582461328792225
24.92,73.68,1015.12,93.68,438.23,1,0,0,0.6290103927170216,0.9655524684789734
32.77,71.32,1007.68,42.39,436.95,1,0,0,3.020367545949828,-0.944980985382118
14.37,40.56,1021.67,68.18,470.19,0,1,0,-1.4821879971958392,-1.2587913742112968
8.36,40.22,1011.6,89.18,484.66,0,1,0,-1.855430927819876,0.960107853285366
31.45,68.27,1007.56,64.79,430.81,1,0,0,2.199797578737686,0.2089788555064741
31.6,73.17,1010.05,43.48,433.37,1,0,0,2.8153009458497094,-1.123854219743584
17.9,48.98,1014.17,80.4,453.02,0,0,0,-0.6275990784670381,0.23238522840154602
20.35,50.9,1012.6,72.43,453.5,0,0,0,-0.02543238508240135,-0.009415828879461038
16.21,41.23,995.88,80.0,463.09,0,1,0,0.1486379066550228,2.1522463002189323
19.36,44.6,1016.25,45.65,464.56,0,0,0,0.06603780991061138,-1.8333754558685391
21.04,65.46,1017.22,63.02,452.12,1,0,0,0.6043613893513263,-0.885677427374383
14.05,40.69,1015.66,74.39,470.9,0,1,0,-1.255397176502377,-0.2805933975142893
23.48,64.15,1021.08,57.77,450.89,1,0,0,0.6220192010371854,-1.6042142553106193
21.91,63.76,1009.85,76.8,445.04,1,0,0,0.7435987922118048,0.6085400323132161
24.42,63.07,1011.49,67.39,444.72,1,0,0,1.054426740531735,-0.07853823415888113
14.26,40.92,1022.07,73.96,460.38,0,1,0,-1.653702667401522,-1.000287737323996
21.38,58.33,1013.05,72.75,446.8,1,0,0,0.34811701400872014,0.01092114716783234
15.71,44.06,1018.34,71.69,465.05,0,1,0,-1.081968569469266,-0.6959774662717254
5.78,40.62,1016.55,84.98,484.13,0,1,0,-2.27846717700973,0.2251749986472693
6.77,39.81,1017.01,87.68,488.27,0,1,0,-2.3343823232639016,0.301194704226748
23.84,49.21,1013.85,50.36,447.09,1,0,0,0.6795995366320066,-1.3223794245339069
21.17,58.16,1017.16,68.11,452.02,1,0,0,0.1643289760538687,-0.6760539284977709
19.94,58.96,1014.16,66.27,455.55,1,0,0,0.3506915125878302,-0.42956326089705726
8.73,41.92,1029.41,89.72,480.99,0,1,0,-2.978285699110513,-0.9399779893226292
16.39,41.67,1012.96,61.07,467.68,0,1,0,-0.4869123328684955,-0.682385834948679
15.28,40.0,1016.65,65.0,458.76,0,1,0,-1.0064239486317759,-0.8871223204427656
22.05,59.92,1009.06,93.74,437.9,1,0,0,0.19705609166480975,1.5372265110678471
18.63,48.92,1011.37,71.72,450.29,0,0,0,-0.15228041690492589,0.08365274941251623
15.0,41.17,1015.57,64.82,468.72,0,1,0,-0.8996158773063221,-0.7674885944881693
20.46,59.21,1018.42,85.89,445.22,0,0,0,-0.3984899240677272,0.1179948211680565
11.97,45.51,1016.84,81.47,472.82,0,1,0,-1.4800227794472727,0.009485622637979871
26.59,59.92,1009.97,70.09,438.22,1,0,0,1.1277284243114296,0.1861500530957665
13.76,45.08,1023.77,80.48,469.74,0,1,0,-1.7978372304736734,-0.8118484899231642
21.41,59.43,1010.27,74.54,442.85,1,0,0,0.541848401204223,0.4146718296348471
12.45,37.92,1008.03,61.87,470.59,0,1,0,-0.6622315426931709,-0.10759860027667299
10.62,39.64,1010.65,62.15,477.07,0,1,0,-0.9233822084295247,-0.35204702845635144
12.33,37.73,1022.46,59.3,470.11,0,1,0,-1.5971511843315507,-1.81211032688476
15.63,44.9,1009.38,82.8,457.44,0,1,0,-0.730985198820976,0.8604640458261161
19.11,50.16,1010.88,100.09,450.38,0,1,0,-0.7659201524946215,1.608368315302419
21.83,41.1,1001.91,41.79,453.38,1,0,0,1.1941181320295249,-0.5164037486642374
22.02,64.45,1012.57,47.87,454.9,1,0,0,1.3536246850761737,-1.1763710428048086
26.54,71.98,1005.8,91.16,431.78,1,0,0,1.3890295711341556,1.8254399054681996
6.9,39.81,1016.74,88.24,481.88,0,1,0,-2.319878038626277,0.3586148164972119
13.05,34.03,1018.31,64.99,472.69,0,1,0,-1.5666024466513353,-1.1012295846684308
19.61,45.01,1014.84,64.42,461.97,0,0,0,-0.28959925841537976,-0.7092243354701897
26.26,63.73,1010.45,70.61,442.18,1,0,0,1.2221556110257248,0.1936788860732801
30.56,71.25,1000.3,70.55,431.92,1,0,0,2.6021750048900576,1.3268946432274287
21.81,63.77,1014.28,83.66,444.52,1,0,0,0.25450359574711623,0.48113191894543916
26.65,58.41,1013.53,65.83,442.66,1,0,0,0.9347143009832103,-0.4339620863518085
25.18,57.5,1015.07,60.76,449.01,1,0,0,0.8007555936857917,-0.8606702133412568
17.8,46.48,1007.27,81.31,452.66,0,1,0,-0.2994316454190097,1.0111744505802196
33.27,66.44,1010.63,43.47,430.11,1,0,0,2.6171401240592997,-1.2531411936955457
29.94,65.74,1012.4,46.94,440.54,1,0,0,2.100082731024621,-1.2495972831218987
8.51,34.69,1026.96,75.34,481.83,0,1,0,-2.7724077913141194,-1.4723556400864335
9.45,36.71,1024.24,83.28,476.02,0,1,0,-2.627802121261527,-0.7564389196335256
24.27,60.23,1011.84,77.8,438.99,1,0,0,0.6209499323470179,0.39893910135340793
11.28,42.44,1014.62,99.78,473.36,0,1,0,-1.9994290544291966,1.176470993738757
7.93,41.01,1023.64,97.23,476.37,0,1,0,-2.8872973531708612,0.07410644236199128
14.3,42.99,1007.32,73.72,467.9,0,1,0,-0.547254962256343,0.6096836395303378
24.31,63.86,1019.47,58.54,442.69,1,0,0,0.7673833636859935,-1.3971737458864661
29.3,70.04,1010.95,61.23,426.25,1,0,0,1.9622859212885915,-0.3149644748678799
20.43,63.09,1016.46,91.78,445.58,0,0,0,-0.2501864782542627,0.6669384981565
10.94,39.69,1004.5,86.29,459.69,0,1,0,-1.1062773606411886,1.5620477864635067
23.04,57.32,1011.23,64.27,442.01,1,0,0,0.7862711351750246,-0.24819367193986955
25.37,44.89,1009.27,63.06,442.38,1,0,0,0.5958066593478433,-0.21330448127725576
21.1,49.16,1006.76,86.08,442.78,0,1,0,0.0012231833161108888,1.3120033872831274
20.4,57.85,1011.14,92.47,450.07,0,0,0,-0.13901505581142615,1.2397922054358446
20.51,48.6,1005.29,80.7,448.0,1,1,0,0.1686414162247205,1.1938225098807973
12.15,38.78,1013.34,95.05,474.15,0,1,0,-1.87812026757556,1.036214414455192
15.27,41.16,1009.0,84.12,467.01,0,1,0,-0.9341752067661742,0.9423192121791331
23.78,60.27,1018.02,78.06,441.56,1,0,0,0.15414220264004289,-0.25683824002032835
22.01,60.84,1017.55,83.82,441.9,1,0,0,-0.08528841101487813,0.10839091000181335
24.72,77.54,1008.39,81.03,438.52,1,0,0,1.5720724557691625,1.0776845907540045
28.84,73.03,1013.99,76.05,435.75,1,0,0,1.4616253941051727,0.1463831429891772
26.53,54.2,1012.9,66.73,439.96,1,0,0,0.7586307634195272,-0.35199625204074025
19.82,41.67,1012.92,51.92,456.87,0,0,0,0.038014042888955914,-1.1738527652639366
16.69,40.56,1019.92,51.43,469.9,0,1,0,-0.733699845611144,-1.94885633429397
20.36,56.53,1020.25,72.96,455.34,0,0,0,-0.3117922479360956,-0.7696939520976571
18.6,68.28,1003.27,84.21,446.98,1,0,0,0.9246569898758895,1.7665422933712367
12.54,40.1,1015.73,84.29,475.02,0,1,0,-1.6695085208746834,0.22845642095641522
14.54,46.18,1015.29,94.48,463.03,0,1,0,-1.4726524544297344,0.837751442046669
30.97,67.9,1005.98,55.6,428.26,1,0,0,2.491729946425891,-0.09314511788677592
26.54,71.14,1007.52,72.04,431.31,1,0,0,1.7343537086936684,0.6442951338916182
25.2,59.21,1017.54,55.53,444.16,1,0,0,0.8460651268659718,-1.3859720046870183
13.17,38.52,1018.5,83.77,468.82,0,1,0,-1.8624325755620377,-0.11701516985235542
8.53,40.77,1009.85,90.95,481.03,0,1,0,-1.7440928310165267,1.2452940646016002
24.06,58.2,1017.46,48.04,445.91,1,0,0,0.9086183593831476,-1.7642940445647783
12.25,41.38,1021.81,59.0,474.77,0,1,0,-1.3906765357199729,-1.726879577556659
14.7,40.8,1025.78,50.96,472.85,0,1,0,-1.2746029358434974,-2.5956203416245254
15.75,39.39,1014.38,76.29,468.6,0,1,0,-1.134781745776502,-0.06522435908150534
29.45,74.16,1010.49,64.87,438.11,1,0,0,2.0925562349845737,-0.04479612837422727
30.22,68.3,1014.91,34.9,434.3,1,0,0,2.3795515585737386,-2.125763322883485
26.96,72.58,1009.23,89.62,429.03,1,0,0,1.2565425120183715,1.3744437972708006
18.48,58.59,1015.61,85.14,452.52,0,0,0,-0.3780721236350644,0.39375807261368073
17.78,50.66,1015.09,91.9,456.11,0,0,0,-0.9266631070151989,0.7402790683648829
6.64,39.04,1018.84,74.94,481.53,0,1,0,-2.1709164784317103,-0.5610947615902767
21.83,63.13,1013.4,85.82,443.41,1,0,0,0.23149068772789477,0.6831674786429112
13.92,39.58,1012.5,80.28,465.67,0,1,0,-1.2535368668188003,0.35949312055112537
12.14,40.27,1007.57,73.22,472.84,0,1,0,-0.8494342740681171,0.549498919563921
15.64,38.28,1014.39,76.93,466.51,0,1,0,-1.210204656170896,-0.04146147087518051
16.0,44.9,1020.5,80.89,461.5,0,1,0,-1.4086653167456231,-0.45140281040761765
9.75,43.69,1016.81,82.42,481.34,0,1,0,-1.7662748493232334,0.062305536389979606
13.56,43.67,1011.34,94.02,467.09,0,1,0,-1.382881294820235,1.2305516068271398
7.94,40.56,1023.25,80.84,488.01,0,1,0,-2.4514371245942033,-0.7332895249503282
20.46,54.2,1011.4,84.0,448.1,0,0,0,-0.0913832861645006,0.744392539450729
18.23,62.26,1011.48,91.35,448.64,0,0,0,-0.11760307782822332,1.195300780964079
23.14,63.94,1017.49,53.19,446.57,1,0,0,0.949133262118582,-1.4491595466880887
20.55,46.21,1013.21,73.18,448.66,0,0,0,-0.2768865404275213,-0.07625649835391539
23.58,49.3,1003.8,74.62,440.44,1,1,0,0.7133513332721475,1.0268227006100097
14.51,42.77,1017.47,81.95,463.37,0,1,0,-1.446676178876354,-0.07375259623634899
10.05,40.71,1015.51,84.21,471.68,0,1,0,-1.8310418651746827,0.2702061828015523
26.91,61.5,1009.47,55.26,436.84,1,0,0,1.645410107120432,-0.5144974886955963
15.66,41.35,1001.68,86.26,463.57,0,1,0,-0.45047314815270595,1.8486588737680363
30.07,69.82,1010.39,57.53,437.38,1,0,0,2.151003348840368,-0.45204523746473
24.28,68.31,1009.94,77.08,440.07,1,0,0,1.1263615122986024,0.6336540356651551
12.57,39.3,1019.57,72.44,473.67,0,1,0,-1.6544518185356807,-0.8080661518201278
11.01,42.02,995.24,98.62,473.96,0,1,0,-0.6886481058838586,3.2251149796380507
23.3,72.99,1008.54,92.11,437.62,1,0,0,0.9545100934985163,1.6064308360785244
28.76,60.23,1010.03,58.24,437.42,1,0,0,1.6260615654017425,-0.44449142575967077
21.4,68.28,1008.2,60.34,450.22,1,0,0,1.4433922384974867,-0.02169594503204974
30.33,68.67,1006.0,54.99,435.53,1,0,0,2.4874308603494617,-0.11623989187336824
18.89,67.71,1003.92,86.12,443.54,1,0,0,0.8292370751224913,1.787805749837869
18.83,47.83,1005.58,77.07,454.23,0,1,0,0.07111516444977013,0.9801181199221325
12.32,43.69,1016.26,83.18,471.6,0,1,0,-1.5365172267693434,0.14386570804035226
25.15,68.51,1013.25,72.31,440.96,1,0,0,1.1059647125943337,0.022671684041171786
17.06,52.9,1019.76,80.9,460.82,0,0,0,-0.9182780600065634,-0.31311808658616974
23.68,49.02,1007.53,86.05,440.68,1,1,0,0.15628349079951614,1.2078623285834398
11.95,39.82,1013.4,92.51,474.56,0,1,0,-1.7864936430180942,0.9082930569180461
25.39,58.79,1015.85,62.59,441.51,1,0,0,0.773964906427391,-0.8421620847535773
11.52,40.8,1024.31,73.49,479.56,0,1,0,-2.025579363790596,-1.2506862130526688
19.69,56.65,1020.86,73.41,455.32,0,0,0,-0.41514823078125784,-0.807333443440339
26.1,74.16,1009.42,85.4,437.18,1,0,0,1.3525395458416452,1.1544941612210622
27.44,74.9,1003.85,76.65,436.42,1,0,0,2.1041561349672566,1.3060180759319913
27.35,66.05,1017.62,55.26,439.6,1,0,0,1.3266863101499895,-1.3682147297596317
25.7,69.45,1013.86,56.91,437.04,1,0,0,1.5536312904203866,-0.8349853290137413
24.54,58.66,1011.63,57.62,448.11,1,0,0,1.115654849775201,-0.6345192929278372
14.87,41.23,997.39,82.06,465.01,0,1,0,-0.11873851679454066,2.1033465192705996
14.05,40.35,1011.52,66.21,475.54,0,1,0,-0.7743834305376449,-0.25488259958149595
25.69,73.18,1012.64,86.35,432.82,1,0,0,1.031138174255334,0.8478576301139382
31.01,67.69,1005.06,46.16,426.64,1,0,0,2.7951715274069624,-0.48229988280045377
9.46,42.28,1008.67,78.16,481.95,0,1,0,-1.186096528709185,0.719271312312192
7.71,40.77,1021.93,87.04,482.19,0,1,0,-2.533179958914421,-0.26621953433005485
15.69,37.64,1016.0,83.88,462.18,0,1,0,-1.5256693865289945,0.13655414550575978
26.45,64.27,1013.23,60.92,444.9,1,0,0,1.3253217824684314,-0.6062174426068985
22.86,60.08,1017.2,67.11,452.34,1,0,0,0.41187013945694745,-0.728117227681352
21.61,49.39,1019.41,78.2,449.26,0,0,0,-0.6030707424930866,-0.47376462930456414
25.66,77.54,1008.22,78.42,432.82,1,0,0,1.7294488883984243,0.9550250814160326
22.48,71.29,1008.15,75.41,444.71,1,0,0,1.2748546095731221,0.7786326595131055
21.58,63.87,1015.27,63.15,451.88,1,0,0,0.7083787160983936,-0.6831495726387206
25.94,77.24,1007.97,84.82,432.88,1,0,0,1.5891390626128354,1.3083275467544984
16.45,44.68,1018.6,85.14,462.66,0,1,0,-1.3627431951467763,-0.0299655024765405
27.88,63.87,1017.79,40.0,443.24,1,0,0,1.661485420446242,-2.195732549946197
26.62,65.12,1016.0,43.24,441.22,1,0,0,1.6499724343122233,-1.8148905114631877
27.94,49.16,1004.22,35.46,436.75,1,0,0,2.0616918455428626,-1.0715348881666662
5.02,45.87,1007.8,99.22,481.03,0,1,0,-1.8852852652448426,1.9605133489581432
31.87,71.22,1006.16,45.66,437.0,1,0,0,2.9598565446860987,-0.6053214685347055
24.49,68.61,1010.56,64.03,447.57,1,0,0,1.4556594629921922,-0.10660064926556788
30.42,67.69,1006.23,54.19,430.9,1,0,0,2.4568763987347326,-0.1910924609798208
20.85,59.21,1012.9,75.97,444.44,1,0,0,0.26925542669274444,0.2042014187786046
13.18,40.03,1017.75,82.29,470.88,0,1,0,-1.7052269436843028,-0.09966914840482526
5.37,38.68,1017.76,76.48,487.07,0,1,0,-2.258220567424343,-0.3582227749987784
31.81,69.88,1007.94,55.91,432.6,1,0,0,2.5066286569001672,-0.28033331248866283
20.55,48.98,1016.1,63.89,452.52,0,0,0,-0.10903672671825589,-0.848217689366233
22.49,69.84,1006.78,73.76,437.57,1,0,0,1.3482701327244915,0.8308638549172881
12.57,39.18,1023.09,77.28,471.87,0,1,0,-2.026199281472926,-0.9424114638863522
27.35,69.48,1008.51,65.81,432.31,1,0,0,1.82332186692096,0.19596357222901
17.82,49.15,1020.73,70.25,457.35,0,1,0,-0.8087196577542305,-1.0039566525546655
23.25,56.9,1006.82,76.37,442.76,1,0,0,0.769563428348564,0.851829495287316
9.37,40.11,1024.94,75.03,471.13,0,1,0,-2.3166478732424554,-1.2306423901381565
24.43,58.2,1017.18,46.84,444.89,1,0,0,0.9896036683562788,-1.798288367241688
20.04,49.39,1020.62,78.84,449.63,0,0,0,-0.8318716330886593,-0.5617395681605712
10.06,43.22,1014.1,85.7,473.0,0,1,0,-1.6623596320381735,0.5207992578163255
21.44,50.78,1008.87,87.56,443.3,0,1,0,-0.08181814477033315,1.1694033387598426
29.04,62.26,1010.63,56.6,433.97,1,0,0,1.7406201290999337,-0.5800481249563918
8.83,41.26,1023.04,86.08,478.87,0,1,0,-2.469726127694094,-0.4403422166343792
24.19,46.21,1010.79,62.04,440.87,1,0,0,0.4796344732736444,-0.4127645181149231
11.97,41.04,1026.42,70.75,468.81,0,1,0,-2.0501113962906734,-1.6230195462380077
19.43,52.9,1017.16,67.41,458.46,0,0,0,-0.1928993483326728,-0.7426739353253997
15.59,45.09,1013.41,91.97,457.54,0,1,0,-1.240283831384713,0.8969056165007531
13.23,42.34,1018.02,97.49,462.21,0,1,0,-2.01485320801511,0.6739287130230314
16.34,41.16,1006.36,75.52,462.56,0,1,0,-0.44114749924299806,0.778456538585225
28.1,61.02,1011.28,59.05,437.5,1,0,0,1.5000298449281422,-0.5278990173561511
26.08,70.32,1012.32,89.0,434.24,1,0,0,0.8898040087007711,0.9938079825632905
24.44,52.84,1006.39,49.05,440.2,1,0,0,1.431995416583707,-0.5526350244736223
18.37,58.96,1015.5,67.79,460.25,1,0,0,0.09003240211109105,-0.4862607257109465
22.93,51.19,1009.3,82.8,443.57,1,1,0,0.15430510432152006,0.8699633696464941
29.67,73.67,1006.48,64.98,429.28,1,0,0,2.3596265227574307,0.3920363533863716
12.15,43.71,1025.78,93.69,472.59,0,1,0,-2.4733481367862287,-0.34873792855492636
15.67,45.17,1018.73,94.74,462.09,0,1,0,-1.6652383345820347,0.4607752567505864
14.7,48.6,1006.91,85.65,460.63,0,1,0,-0.5506925997555119,1.3126893314403594
27.33,52.84,1005.88,56.16,438.97,1,0,0,1.519506456653451,-0.1497853388193019
12.55,38.91,1012.58,75.44,474.35,0,1,0,-1.275132249900241,0.10487208838044787
31.42,69.13,1009.34,57.16,425.98,1,0,0,2.3132613491350114,-0.37160647236186
15.44,39.54,1007.49,82.14,469.28,0,1,0,-0.8368808522456546,0.9902939688942842
24.19,47.45,1008.26,64.25,446.3,1,0,0,0.6490429068421892,-0.013217512797161537
6.05,41.14,1027.69,86.93,481.02,0,1,0,-3.043703795163619,-0.884717544524533
13.94,42.86,1012.35,88.78,471.64,0,1,0,-1.3191618572376111,0.8409379517123223
5.79,45.87,1010.23,95.41,480.97,0,1,0,-1.887843335077215,1.493978369443595
27.01,69.75,1009.78,81.29,442.57,1,0,0,1.3160718591348106,0.8613705694293426
9.59,38.56,1017.01,60.1,481.3,0,1,0,-1.4360484909413613,-1.152012901860754
27.46,69.98,1013.28,63.73,435.36,1,0,0,1.5835929696315365,-0.4274959929700687
22.63,70.47,1008.0,82.27,441.92,1,0,0,1.08205101582349,1.1414952298839343
28.11,77.95,1009.38,72.81,432.98,1,0,0,2.0172495553398937,0.5256615197954123
18.87,44.06,1013.42,68.78,451.4,0,0,0,-0.4096800369341846,-0.3321193525865362
15.5,49.25,1021.41,77.92,453.99,0,0,0,-1.2425808206073004,-0.66535857325342
3.73,39.42,1024.4,82.42,488.58,0,1,0,-2.9688687267492315,-0.7573473377767218
26.41,68.24,1010.6,77.79,428.52,1,0,0,1.2355290304821016,0.5833320660233183
17.83,66.86,1011.65,77.31,456.56,1,0,0,0.40747746720738137,0.49173555816958625
13.44,37.85,1009.78,99.13,469.89,0,1,0,-1.6765538989350497,1.6181553826474209
14.62,46.18,1014.75,96.81,462.26,0,1,0,-1.49011892511233,1.016290119744546
19.7,43.79,1015.93,47.39,464.41,0,0,0,0.034737478231925675,-1.7175510679762185
6.06,41.17,1019.67,84.7,489.62,0,1,0,-2.436503889518517,-0.12646496164483023
15.89,38.73,1001.45,74.37,465.76,0,1,0,-0.22062441906555608,1.2371808520160892
31.63,69.59,1008.66,61.81,436.89,1,0,0,2.2757264771102337,-0.05523316150293827
18.99,44.58,1018.29,54.71,468.35,0,1,0,-0.3412098541651686,-1.585381029633902
13.96,40.92,1022.65,73.08,460.95,0,1,0,-1.6950112123133227,-1.1068193437916485
20.21,54.9,1016.82,66.56,454.23,1,0,0,0.005047996471817236,-0.7387572718836632
15.14,49.64,1023.78,75.0,463.58,0,1,0,-1.3403768972727212,-1.0685506117571242
18.97,44.85,1014.86,46.31,466.17,1,0,0,0.12239027065455259,-1.6432817970697808
21.36,52.3,1007.95,79.38,448.13,1,1,0,0.2550672697954846,0.8600537198424631
29.48,64.69,1006.44,64.46,435.09,1,0,0,1.9643444139645154,0.29850900774224476
21.1,62.66,1011.19,83.49,448.8,1,0,0,0.362073463185712,0.8047005340523118
26.51,70.32,1010.3,57.4,431.82,1,0,0,1.8887493484226276,-0.42060630978847063
30.93,61.5,1009.81,41.46,437.35,1,0,0,2.3146346978721244,-1.2914347977324585
11.64,41.44,1016.4,73.18,478.99,0,1,0,-1.4400772103384638,-0.4011245397851123
7.26,36.08,1021.47,83.15,483.58,0,1,0,-2.644086195702097,-0.4516678336920367
16.36,44.88,1018.34,76.0,468.53,0,1,0,-1.1047912242760913,-0.47130132661141266
17.43,63.09,1019.87,92.77,449.36,0,0,0,-0.7561504137937911,0.3672703210649023
10.37,37.5,1013.19,79.25,473.1,0,1,0,-1.6583742590645871,0.23869195502601082
22.8,49.16,1006.4,77.05,439.65,1,1,0,0.40204173222254147,0.8733931549800442
21.0,70.02,1010.22,95.11,447.29,1,0,0,0.4408021038642583,1.5701866211551807
12.68,45.0,1022.54,77.19,479.69,0,1,0,-1.7206756521559334,-0.8410455744418511
12.35,44.2,1017.81,82.49,471.65,0,1,0,-1.5992000539926166,-0.05661577895884894
7.09,43.13,1017.91,92.37,485.04,0,1,0,-2.3455098372727727,0.4698906811548962
28.9,68.12,1011.87,46.56,438.53,1,0,0,2.1652387477134,-1.185232866077178
26.82,69.05,1004.62,40.0,437.42,1,0,0,2.7002668362795466,-0.7128319877637719
11.02,40.71,1020.3,86.64,469.31,0,1,0,-2.1410472976919683,-0.1324969726621037
14.95,43.72,1010.28,93.62,459.31,0,1,0,-1.1832305883076162,1.3162178128731064
16.58,44.68,1021.5,83.38,458.87,0,1,0,-1.5037364425553987,-0.4374654338999703
31.73,73.42,1010.8,61.81,430.46,1,0,0,2.3069404571704073,-0.2580658981309927
8.58,38.38,1021.03,84.37,482.26,0,1,0,-2.435615661571492,-0.3312685714519903
28.08,73.17,1011.19,73.1,430.8,1,0,0,1.673051710506551,0.30526451787962766
31.01,67.83,1007.95,43.57,429.46,1,0,0,2.6719913142445884,-0.9295454469359977
26.94,59.87,1011.66,58.34,448.6,1,0,0,1.3462309094465608,-0.6072656732951683
10.2,41.62,1016.52,98.09,462.87,0,1,0,-2.2100966383791754,0.8831258578661756
9.2,39.99,1011.73,85.95,484.04,0,1,0,-1.7207004992840205,0.7716066081747539
27.69,70.32,1012.2,82.27,432.57,1,0,0,1.2067306482111924,0.6484237481882691
25.71,71.14,1010.02,66.39,432.46,1,0,0,1.643045143783603,0.08607711959104787
18.22,39.63,1005.11,79.0,465.78,0,1,0,-0.3591479555865532,1.0690472565741056
16.81,42.42,1008.95,74.25,462.19,0,1,0,-0.4901958902368279,0.43783255880368105
30.63,74.22,1007.47,46.52,430.38,1,0,0,2.8779919906479137,-0.6709158311142459
12.11,38.28,1013.56,93.21,469.93,0,1,0,-1.8703840931188542,0.913513284134044
23.75,60.29,1017.36,64.04,449.57,1,0,0,0.5639001196253467,-0.9084219128246537
33.96,68.94,1006.93,47.39,427.06,1,0,0,2.9341338658662446,-0.6324890554003327
29.35,54.2,1013.07,42.45,439.47,1,0,0,1.6142531836841754,-1.6432754803245238
23.07,50.05,1006.9,86.98,442.97,1,1,0,0.16999701297958153,1.3369335571130418
12.91,41.66,1013.37,71.52,469.71,0,1,0,-1.0756021327726997,-0.16382793275932508
6.25,39.04,1019.65,71.27,484.14,0,1,0,-2.1624288157374396,-0.8360927099452446
19.8,58.79,1017.04,87.71,449.66,0,0,0,-0.42495538049045417,0.3633348193524922
31.38,68.27,1006.79,52.79,426.67,1,0,0,2.5600872815640905,-0.326229538914963
10.62,39.96,1025.37,96.64,470.8,0,1,0,-2.8140952368045804,-0.1715509797967032
6.89,43.65,1019.87,72.77,484.0,0,1,0,-1.9605522858039683,-0.749844492856392
16.3,38.73,1001.79,73.45,465.7,0,1,0,-0.18592406243862486,1.1498639652386697
14.82,44.58,1020.13,74.88,473.17,0,1,0,-1.337894859337815,-0.7159108396404549
22.97,63.94,1010.5,88.47,440.81,1,0,0,0.4897609719702966,1.1344626945988798
31.15,66.25,1008.89,61.08,437.55,1,0,0,2.0922478398571207,-0.14158730463574948
15.69,41.93,1021.3,52.69,468.43,0,1,0,-0.8828446626154374,-2.0161910269962853
26.65,66.48,1005.7,65.09,436.65,1,0,0,1.843672154086208,0.44535889205165674
29.38,73.42,1011.49,54.96,445.42,1,0,0,2.244933416838531,-0.6707803143772705
16.77,49.39,1018.61,95.86,459.38,0,0,0,-1.4094794415889547,0.5581395546870245
22.77,70.32,1012.04,82.43,440.67,1,0,0,0.8073766629599742,0.7077206955081371
15.91,44.99,1010.93,62.81,459.73,0,0,0,-0.28722438673507417,-0.34150866034302796
24.33,68.08,1013.02,64.81,442.93,1,0,0,1.2309889723784972,-0.33734927701919426
19.69,56.65,1020.79,66.94,457.17,0,0,0,-0.24130883099496103,-1.1337382379215202
31.76,66.54,1003.02,49.64,430.18,1,0,0,2.8545179379132946,-0.09491328621517868
14.47,42.86,1031.55,66.73,466.64,0,1,0,-2.0082300594481053,-2.3915287463332398
27.2,72.43,1006.75,80.67,430.32,1,0,0,1.6726888305870953,1.1795538354491433
17.29,44.06,1016.24,77.56,461.38,0,1,0,-0.961776978118141,-0.17507740958708817
25.44,63.13,1011.74,77.83,441.91,1,0,0,0.8514086616615897,0.4267414701846823
16.98,43.7,1015.07,53.51,464.01,0,0,0,-0.2950196835469538,-1.2900989725903322
22.65,68.67,1006.67,77.42,447.01,1,0,0,1.2217527510524013,1.0212774618406877
26.41,60.93,1007.16,66.02,436.71,1,0,0,1.455331560813874,0.2913430993499062
19.78,63.09,1019.01,78.39,448.34,0,0,0,-0.12779399470110325,-0.2975458265877036
19.26,65.61,1015.03,85.74,451.85,1,0,0,0.019672456725793305,0.5391012206287656
22.25,59.8,1016.79,69.02,451.64,1,0,0,0.3272204033969299,-0.5829570775686097
7.1,35.77,1015.39,92.1,480.36,0,1,0,-2.490314750654835,0.6709720281579925
18.53,39.72,1001.26,64.08,457.26,1,0,0,0.3227613065415057,0.7165632497125152
30.47,77.3,1002.13,63.7,434.68,1,0,0,2.9157152211027526,0.8233502372964248
27.34,71.64,1008.12,72.22,438.76,1,0,0,1.7768176843168828,0.5868222708977733
29.8,69.34,1009.36,64.74,437.65,1,0,0,1.9893743675272344,0.030308426594924727
22.69,65.12,1016.35,72.02,446.91,1,0,0,0.5496929216883779,-0.340322878383104
18.58,49.25,1019.92,60.24,452.94,0,1,0,-0.42478893708898047,-1.4369377770120355
14.16,44.06,1018.92,76.34,464.91,0,1,0,-1.3709521416216626,-0.5084714309227245
28.33,78.92,1011.15,70.04,432.67,1,0,0,2.029882817030159,0.1962498370120458
28.31,70.32,1007.88,47.0,432.5,1,0,0,2.4740656581942266,-0.7063385406146211
21.5,50.59,1017.08,65.28,453.8,0,0,0,-0.06277960464790337,-0.8766796025664612
29.24,64.33,1011.5,64.14,440.29,1,0,0,1.5920497023576934,-0.27019795923365364
25.15,66.49,1012.71,63.46,436.0,1,0,0,1.2849800091600325,-0.39170350273448706
15.48,53.82,1016.1,64.77,462.69,0,1,0,-0.33710520033920727,-0.7291584479746774
16.07,47.83,1006.99,86.49,458.18,0,1,0,-0.49896941849952897,1.3317826837343036
18.02,53.16,1013.41,82.84,458.01,0,0,0,-0.44534934654393515,0.47395314324982085
14.99,41.35,1004.56,98.9,466.85,0,1,0,-1.032417490462285,2.1922304826051735
29.62,71.8,1011.05,63.13,438.55,1,0,0,2.0098271422058103,-0.21577061906050568
25.04,63.86,1018.92,52.79,441.6,1,0,0,1.015385400602686,-1.6391331037388575
11.45,40.8,1027.74,78.6,476.28,0,1,0,-2.398733191988775,-1.3598482791581699
18.96,44.58,1016.66,71.95,461.96,0,1,0,-0.683054305686124,-0.5176552867072286
26.54,66.51,1015.39,51.22,440.04,1,0,0,1.5377158986016632,-1.3247483365459682
22.3,67.25,1017.33,75.85,453.27,1,0,0,0.4445172703623584,-0.22947082389191553
14.7,41.39,1018.84,68.19,469.6,0,1,0,-1.2256775845738856,-0.9457173414635476
9.14,40.6,1015.34,88.91,483.57,0,1,0,-2.0222253441601556,0.5366937272202517
6.14,38.5,1012.4,75.35,489.26,0,1,0,-1.8076462014561236,0.1603177579165333
11.24,42.34,1021.3,95.19,469.3,0,1,0,-2.3426211917643194,0.21166128126299166
30.55,71.06,1009.33,73.38,432.6,1,0,0,1.9033835611086116,0.48836190397971596
14.9,52.05,1015.11,77.33,464.82,0,1,0,-0.7237223164741144,0.016771222738119686
10.25,37.14,1013.14,70.73,474.37,0,1,0,-1.4581063338062952,-0.19780556907056168
3.26,41.31,996.32,100.0,489.38,0,1,0,-1.469303547442359,3.226004127712675
27.54,75.6,1018.26,57.89,440.87,1,0,0,1.6510564412621318,-1.2264903729877428
13.65,44.6,1017.99,87.04,466.06,0,1,0,-1.605434230702796,0.15302837731271918
22.08,41.1,1002.19,46.69,455.04,1,0,0,1.0676213006693243,-0.29562591408624517
24.93,69.05,1001.02,85.14,429.53,1,0,0,1.610160139441189,2.0224849759751247
27.58,71.97,1008.51,87.99,430.53,1,0,0,1.3725022104323363,1.3595347926829786
32.14,75.08,1005.35,49.92,439.22,1,0,0,3.096229058262196,-0.26795109264363914
16.98,44.85,1015.48,51.77,464.27,0,0,0,-0.2268026427750493,-1.4153067760589872
13.25,34.03,1018.94,72.1,470.46,0,1,0,-1.7788374062674148,-0.8041221371358447
25.9,48.92,1009.82,35.42,443.8,1,0,0,1.5019891443200615,-1.6713156584401632
30.27,64.05,1011.93,65.72,438.68,1,0,0,1.5941149009274953,-0.24473817134162978
22.37,50.78,1008.84,82.06,449.08,1,1,0,0.14070647035272238,0.8823672759662821
21.93,57.17,1009.81,81.15,448.75,1,0,0,0.3437635354900093,0.7842527095627906
29.65,74.9,1003.22,71.09,433.32,1,0,0,2.4748020201063294,1.072465991736826
18.32,42.18,1002.27,95.99,458.46,0,1,0,-0.4888098297099632,2.275261754084697
22.76,44.05,1006.95,74.07,450.31,1,1,0,0.21382046285994571,0.6187733918166737
8.95,43.56,1015.04,81.53,485.21,0,1,0,-1.6941059608951263,0.213491755378971
13.12,44.21,1019.57,89.29,469.09,0,1,0,-1.8328875999658183,0.0976403730821538
21.18,44.57,1007.27,73.67,449.93,1,1,0,0.09497397868357867,0.5782654651336334
16.71,46.18,1011.61,95.82,459.4,0,1,0,-1.0776713387630295,1.2927786436918118
15.01,43.56,1014.65,61.82,465.84,0,1,0,-0.6523032272114628,-0.8030176651428831
25.96,68.08,1011.34,71.57,432.82,1,0,0,1.3034165332549565,0.1834280679279622
33.4,69.98,1013.29,47.78,432.44,1,0,0,2.4899682271634442,-1.2926197017771226
17.4,63.09,1020.84,92.58,453.0,0,0,0,-0.8197933851751659,0.2520538200241562
6.49,35.57,1025.4,79.67,486.8,0,1,0,-2.907124977055464,-1.0580700017134455
6.01,35.79,1011.26,90.72,482.79,0,1,0,-2.2617662823483755,1.0570045212069012
29.97,69.14,1007.92,66.74,433.82,1,0,0,2.0405010493453046,0.28757511711559886
21.33,63.86,1020.33,72.13,445.02,1,0,0,0.10767214190210618,-0.7688383880671869
23.27,64.69,1006.84,70.53,438.08,1,0,0,1.265905031805014,0.6107630523178451
28.3,59.27,1010.92,61.83,445.19,1,0,0,1.3912820393934844,-0.36064268871505495
5.74,45.87,1011.44,95.94,482.0,0,1,0,-1.9883137930947614,1.3899390233660458
21.67,50.32,1008.41,85.99,445.31,0,1,0,-0.010728427038785503,1.1331564324732695
20.06,47.03,1013.66,83.23,461.02,0,0,0,-0.5744723319167768,0.40355193854115584
8.25,37.49,1009.02,81.09,480.38,0,1,0,-1.5975758741134678,0.8021141972950294
22.61,50.32,1008.41,79.4,444.74,1,1,0,0.23905894022969526,0.7865123176806603
26.31,71.29,1009.87,84.16,432.92,1,0,0,1.2450607815237216,1.0169284053035408
25.03,57.5,1014.96,62.23,449.48,1,0,0,0.7574620978288116,-0.7717770723459296
11.44,41.39,1019.59,79.95,478.52,0,1,0,-1.8531800819750768,-0.3979695174702275
25.14,49.02,1007.56,79.02,438.53,1,1,0,0.4584423171143492,0.831683083414203
30.91,69.75,1010.23,59.36,435.7,1,0,0,2.180336872362255,-0.34645052138592686
31.54,71.06,1008.4,71.77,431.87,1,0,0,2.0905704823688103,0.49973553573080837
12.24,44.9,1020.31,82.22,464.25,0,1,0,-1.7408043971518372,-0.3363617145416764
6.65,39.33,1011.29,92.85,490.41,0,1,0,-2.110573346265767,1.1878457263029858
8.31,40.46,1020.07,78.18,476.72,0,1,0,-2.1389960924718587,-0.5277164018025631
22.72,50.05,1007.0,88.24,444.43,1,1,0,0.10136645557916076,1.393487015208076
22.78,58.59,1012.84,65.55,445.45,1,0,0,0.6775914012092875,-0.34539951122602364
25.63,72.99,1008.2,86.8,436.64,1,0,0,1.3087563293843292,1.3533907548018647
6.01,35.79,1011.05,91.33,482.25,0,1,0,-2.2633889586050673,1.1113614860559868
20.21,65.06,1016.46,73.36,451.46,1,0,0,0.29984128844889907,-0.2666580710306053
7.47,40.64,1020.47,94.8,478.08,0,1,0,-2.661957709002326,0.2939611004941093
19.73,69.51,1013.14,61.84,450.99,1,0,0,0.9837936061595348,-0.46079833218668353
13.57,39.39,1014.01,82.12,471.44,0,1,0,-1.4418298210503877,0.29094074298659905
14.8,42.77,1019.14,76.53,462.29,0,1,0,-1.3949666150229063,-0.5373795090376916
10.41,44.68,1023.53,91.38,474.7,0,1,0,-2.3604356042391457,-0.20331700864939228
12.33,39.85,1012.53,66.04,479.32,0,1,0,-1.0028076807041324,-0.3659022795830602
26.65,73.18,1012.27,83.12,437.7,1,0,0,1.2200019202163153,0.7148285110678381
19.09,56.51,1015.58,92.56,449.24,0,0,0,-0.611274902115028,0.7591739125676349
12.81,45.51,1015.46,79.97,469.27,0,1,0,-1.2774111153935641,0.07655852107452317
9.99,36.71,1023.57,83.53,475.85,0,1,0,-2.544086319519637,-0.6742730077927538
13.02,40.1,1014.43,87.32,474.97,0,1,0,-1.620437326923274,0.5231487725226316
14.15,39.28,1013.5,77.63,471.23,0,1,0,-1.24671008736501,0.10981500127726179
19.46,47.03,1013.9,88.86,460.57,0,0,0,-0.7874739814279974,0.6721802379339439
23.19,42.67,1007.83,63.31,446.95,1,0,0,0.409641920458617,-0.04659976619269956
20.25,58.59,1012.99,65.98,452.18,1,0,0,0.4473102870498067,-0.32224543694046165
31.9,69.4,1003.4,57.76,436.04,1,0,0,2.754076086384323,0.30500454679192346
20.76,44.58,1017.09,57.47,462.01,0,1,0,-0.1854284651719474,-1.324329786122987
20.51,42.23,1013.25,71.83,461.78,0,0,0,-0.4231108301605156,-0.18209395506964177
22.56,70.98,1005.66,95.95,440.81,1,0,0,0.9008220105795913,2.107114350434125
25.64,68.14,1005.48,56.11,437.63,1,0,0,2.083151479086858,0.02597458060868841
23.63,58.79,1017.2,67.68,442.86,1,0,0,0.40365466248747556,-0.7143419788016369
15.3,43.14,1015.11,71.35,466.0,0,1,0,-0.9272737745566901,-0.3664617027067252
6.79,39.37,1019.79,72.39,487.3,0,1,0,-2.1421210945172464,-0.7945449447929503
23.89,48.41,1010.48,62.31,441.83,1,0,0,0.5659477836638082,-0.34530189478005097
26.23,63.56,1013.57,65.81,440.8,1,0,0,1.1249004344545732,-0.3949964226407055
12.5,45.51,1015.8,82.82,469.69,0,1,0,-1.4006508418293409,0.18879462061754543
21.97,68.12,1012.53,75.12,443.39,1,0,0,0.8019625604890912,0.2647220233448174
24.11,66.51,1015.35,56.01,437.21,1,0,0,1.2147113302484713,-1.05649709790898
18.24,49.5,1014.37,79.36,464.13,0,0,0,-0.5630697548864683,0.1587830509044424
19.7,52.84,1004.86,89.72,444.64,1,1,0,0.082337345546048,1.746003272409192
19.15,57.76,1019.62,74.89,458.66,0,0,0,-0.3649140447458387,-0.5832852487594686
14.79,39.52,1017.95,71.97,469.47,0,1,0,-1.3387921483037557,-0.6693433829163423
25.13,68.63,1013.57,43.44,446.36,1,0,0,1.8421874007865167,-1.5015360169764485
23.02,59.21,1011.74,83.18,440.5,1,0,0,0.33904191671203704,0.6879043870889163
34.35,77.17,1009.26,59.33,437.65,1,0,0,2.858316457460596,-0.20612213762648002
23.95,66.48,1003.55,73.68,431.87,1,0,0,1.5429387401851866,1.141371386061823
25.52,63.94,1017.81,41.54,440.32,1,0,0,1.42817947545876,-2.101716012084475
23.56,42.67,1008.01,66.76,440.69,1,0,0,0.3377570413928344,0.10938697322317982
26.67,59.44,1012.01,58.83,441.29,1,0,0,1.2683217609556614,-0.6216949282937193
18.7,66.51,1015.14,79.23,458.73,1,0,0,0.17574428378553497,0.2021089718452717
25.89,63.56,1013.82,64.51,443.82,1,0,0,1.1137638250624171,-0.48700806541878694
27.25,50.05,1006.53,60.64,439.63,1,0,0,1.228514855030765,-0.011194899012835427
16.73,58.59,1015.02,89.61,455.3,0,0,0,-0.5990923551075615,0.7007258666127378
30.67,77.95,1015.28,61.67,435.96,1,0,0,2.1173976970411013,-0.7093383176754017
13.98,54.3,1015.58,74.91,466.52,0,1,0,-0.6692633770786481,-0.13492910313578182
25.42,69.71,1009.29,82.5,435.59,1,0,0,1.1848630543225165,0.9877312574830517
21.57,66.49,1014.76,68.19,455.18,1,0,0,0.726135867401458,-0.3462489968113075
23.66,67.17,1007.24,87.56,443.43,1,0,0,0.9351537689400258,1.4637302859462331
13.87,42.99,1007.45,81.52,471.12,0,1,0,-0.795429950387333,1.0011575290357564
9.42,41.4,1029.6,87.43,478.12,0,1,0,-2.8973751633503624,-1.087793728989401
13.61,39.85,1012.78,58.12,475.62,0,1,0,-0.7072479284216786,-0.8107529649490174
23.84,59.87,1019.11,59.59,441.94,1,0,0,0.5497839664509112,-1.3326976210114243
31.09,59.57,1010.67,60.5,440.08,1,0,0,1.686584832382611,-0.4187330693477862
3.98,35.47,1017.22,86.53,489.64,0,1,0,-2.74027114943047,0.20306287672371187
29.28,74.33,1011.66,72.37,426.53,1,0,0,1.810271027765032,0.21754871739942583
23.55,58.79,1010.78,78.47,447.01,1,0,0,0.5527958274164667,0.5422606923905939
17.37,48.92,1011.91,58.4,455.53,0,0,0,0.054971287543498865,-0.6542036201174919
18.34,44.63,1000.76,89.27,455.22,0,1,0,-0.10059504180219996,2.112333889382446
13.86,40.83,1008.76,82.4,470.37,0,1,0,-1.0037937462618718,0.8866274547754391
27.36,58.33,1013.86,56.7,439.14,1,0,0,1.205865197004746,-0.9467415326855
27.71,54.2,1012.72,47.25,440.74,1,0,0,1.3773263138184209,-1.3461532668906255
8.46,40.8,1023.57,81.27,485.06,0,1,0,-2.4309896501665897,-0.7475508253905468
25.18,47.93,1002.92,60.33,441.29,1,0,0,1.2184155376834334,0.36291948175226474
21.82,63.9,1014.48,92.53,447.29,1,0,0,0.015643869847130842,0.9182659727885775
15.61,40.89,1010.48,80.26,467.3,0,1,0,-0.9180532952194876,0.577400783814354
30.4,71.97,1008.42,76.28,430.23,1,0,0,1.917385089062163,0.7455146733096567
10.54,42.02,997.5,99.77,472.64,0,1,0,-0.9115711154143958,3.041631342949431
10.59,39.96,1025.87,97.05,468.96,0,1,0,-2.861373542199158,-0.20461831824282206
12.52,41.44,1016.08,68.94,477.18,0,1,0,-1.2348330439641626,-0.5911942023969079
32.92,69.05,1000.74,39.61,426.61,1,0,0,3.4784597139268745,-0.35219548734405604
21.14,69.94,1008.87,79.74,440.69,1,0,0,0.9425013288624546,0.92206585695503
26.33,64.45,1013.12,43.31,450.67,1,0,0,1.7910181506824399,-1.5011213863710384
27.19,71.58,1010.85,76.1,436.77,1,0,0,1.4742805516430522,0.49043746906175273
19.64,56.53,1019.6,76.19,447.66,0,0,0,-0.4113065552631078,-0.5272483457575518
15.52,58.59,1014.12,91.22,457.74,0,0,0,-0.679673383977935,0.8901034484467711
12.95,41.38,1021.97,53.83,474.46,0,1,0,-1.2087122399781443,-2.0159942251344236
6.43,36.08,1022.73,85.03,486.39,0,1,0,-2.847620991959973,-0.4861253736593018
25.21,60.37,1006.01,73.14,436.23,1,0,0,1.223949240140738,0.7878256301010788
21.24,41.67,1012.6,49.27,459.81,1,0,0,0.24627996396629193,-1.2855251580714704
9.63,41.14,1027.99,87.89,469.73,0,1,0,-2.7937606161611583,-0.8922797507003919
24.32,58.79,1016.8,65.61,442.78,1,0,0,0.5419669079534278,-0.7823727025286168
17.47,63.31,1015.28,88.22,450.68,0,0,0,-0.311321141166652,0.6336198834407336
14.54,39.39,1013.87,76.39,470.23,0,1,0,-1.2024941458885443,0.0037338419111240407
20.74,49.69,1010.91,69.1,454.59,1,0,0,0.15564499007341304,-0.00973984360694626
8.75,40.77,1021.99,86.46,478.85,0,1,0,-2.436276314682098,-0.3098017129410745
27.67,69.59,1009.13,82.15,437.29,1,0,0,1.3853345171406208,0.9707426234620675
23.21,58.66,1012.24,65.31,450.92,1,0,0,0.7633461009093669,-0.2948368764667118
7.49,39.81,1019.03,87.29,483.59,0,1,0,-2.4024823675867175,0.05620576269521372
7.82,38.91,1015.58,90.11,479.15,0,1,0,-2.253403256239917,0.5679210069134009
7.77,35.77,1016.53,73.79,479.68,0,1,0,-2.034279875159344,-0.4030167867989375
22.84,50.05,1005.59,79.49,442.85,1,1,0,0.43604600788778386,1.0944503775341012
10.48,41.93,1017.17,92.81,480.01,0,1,0,-2.0796627261621152,0.5403484126625433
10.2,41.46,1020.23,84.54,481.46,0,1,0,-2.1160137956268454,-0.2216480496948967
27.24,68.08,1013.23,51.96,445.25,1,0,0,1.7926362942391,-1.0435026520673083
9.37,42.32,1015.15,82.96,477.57,0,1,0,-1.758976972663018,0.26248365323022993
24.12,58.66,1011.55,58.96,450.69,1,0,0,1.051428107996297,-0.553759233013586
14.54,43.14,1010.26,82.98,465.45,0,1,0,-0.9632456126501163,0.76721412796504
31.23,66.75,1017.48,36.55,433.9,1,0,0,2.1762454978675185,-2.3397834172853726
5.41,45.87,1008.47,97.51,479.48,0,1,0,-1.85409065136329,1.796617852245136
15.61,38.52,1018.4,80.99,439.21,0,1,0,-1.5815809863788781,-0.26632156265101414
26.9,59.14,1016.18,70.88,436.16,1,0,0,0.6749028713513628,-0.4576025643913087
23.95,73.67,1007.32,87.67,437.43,1,0,0,1.2373365295387255,1.5110755728167373
9.2,40.03,1017.05,92.46,480.38,0,1,0,-2.2517511080359087,0.5287854046901941
9.51,43.79,1016.02,79.81,481.12,0,1,0,-1.6596132881542003,0.01601872584083989
8.51,41.26,1023.17,87.79,477.51,0,1,0,-2.5496848015003755,-0.36402797278410326
19.66,51.43,1010.17,84.19,459.12,0,1,0,-0.20064518712066667,0.8712759203021456
27.33,51.43,1006.18,67.6,439.12,1,0,0,1.1379508298611887,0.3968055740103038
21.43,63.94,1017.28,57.49,449.02,1,0,0,0.7099494811964239,-1.1926155472488025
14.97,43.67,1011.13,87.33,465.54,0,1,0,-1.0773713299377545,0.898398040613009
21.97,69.23,1012.25,86.45,443.85,1,0,0,0.5739271925146852,0.8890824451300546
8.34,40.77,1010.84,90.01,480.48,0,1,0,-1.802707056878173,1.0902729884163656
21.86,60.27,1016.06,90.48,446.31,0,0,0,-0.19524749378240583,0.610889106781582
24.59,71.94,1006.89,88.52,430.28,1,0,0,1.2209917703902795,1.5834682057649478
26.26,73.06,1009.35,91.65,435.41,1,0,0,1.15870221696695,1.4748302511501352
26.76,71.94,1008.81,64.62,432.49,1,0,0,1.8937256443702222,0.12571059891315245
30.98,69.82,1009.17,50.63,438.44,1,0,0,2.4895911947386833,-0.6816566897737372
19.22,65.06,1015.05,82.5,446.98,1,0,0,0.07542289132663364,0.36549536334128707
25.72,70.47,1010.44,70.57,434.94,1,0,0,1.4764696007889462,0.2506834360242899
22.37,41.54,1013.74,72.21,459.06,0,0,0,-0.34334987193176486,-0.23409280280246036
26.05,44.89,1009.83,56.36,443.18,1,0,0,0.7888296943356488,-0.6248231851280814
20.8,50.9,1012.07,73.16,457.0,1,0,0,0.028767473727236162,0.0829029212072859
29.1,77.95,1010.01,71.48,431.28,1,0,0,2.090763622308213,0.38163989197755616
11.17,40.27,1009.54,74.56,476.18,0,1,0,-1.0988192440479145,0.4108154947077719
11.35,40.73,1019.37,96.05,472.32,0,1,0,-2.295415594807247,0.45247611382502806
18.12,63.09,1019.32,89.21,449.65,0,0,0,-0.5686765505884245,0.23864726400273029
16.97,42.86,1013.92,74.8,463.62,0,1,0,-0.8108029688450278,-0.07244882846700625
10.22,38.18,1018.01,70.7,474.07,0,1,0,-1.7459686464162567,-0.7210114781930994
13.1,40.55,1007.59,95.46,472.37,0,1,0,-1.3403691319532294,1.6912006975490532
18.22,45.09,1013.62,75.56,454.74,0,1,0,-0.6087207814285032,0.008873441427418376
4.15,39.9,1008.84,96.68,491.22,0,1,0,-2.224832648394636,1.6740024924522132
19.15,59.21,1018.41,88.9,450.26,0,0,0,-0.5845854921726634,0.28343131191565774
15.87,39.31,1009.95,66.78,460.59,0,1,0,-0.5778750920895048,-0.07532814451612395
8.05,40.8,1028.01,89.56,483.43,0,1,0,-2.9841611357407567,-0.8001836680045656
18.81,61.87,1009.71,70.47,448.49,1,0,0,0.5793606047467909,0.3029412479625077
23.95,51.86,1014.24,68.28,449.81,1,0,0,0.3106582651662924,-0.41909295412416614
13.21,41.2,1016.63,74.1,474.26,0,1,0,-1.360796750657115,-0.3913301507825254
9.38,43.7,1015.45,90.47,481.52,0,1,0,-1.914005663125516,0.6285860526541309
27.41,59.21,1013.3,50.93,438.39,1,0,0,1.4377444877459478,-1.1769100475172722
18.42,63.94,1020.47,74.47,450.55,0,0,0,-0.19967416863650533,-0.6427473025127345
19.51,44.05,1008.52,78.38,451.7,0,1,0,-0.27408654640475105,0.6925516337463629
28.5,76.86,999.49,77.47,430.62,1,0,0,2.5538833774042393,1.8316088721227124
11.97,42.32,1016.95,88.32,467.98,0,1,0,-1.8071615119412823,0.3254577836472094
3.0,39.64,1011.0,80.14,485.2,0,1,0,-2.0462701966558705,0.5906779481635092
12.11,41.17,1019.46,62.59,475.53,0,1,0,-1.3450842026640044,-1.2864088835822953
12.32,41.26,1022.42,79.74,470.27,0,1,0,-1.973732716043471,-0.723997738455904
8.83,36.3,1027.08,72.69,479.86,0,1,0,-2.6139477417344903,-1.611450200625432
20.08,49.69,1008.34,69.88,453.54,1,1,0,0.25600356791649953,0.3148569488765982
32.12,69.98,1013.31,54.3,429.86,1,0,0,2.212583949276841,-0.9494439874233578
18.68,56.65,1020.38,80.26,455.79,0,0,0,-0.6447822316119762,-0.394526261600533
28.33,68.27,1008.09,50.37,432.66,1,0,0,2.2829564921726186,-0.5718698577871285
25.14,67.32,1013.96,41.78,435.39,1,0,0,1.8020450225752929,-1.6403199259005425
31.43,69.89,1014.8,56.22,426.15,1,0,0,1.9999103854331088,-1.0085600670347377
29.54,72.29,1011.0,42.0,443.79,1,0,0,2.580382628566319,-1.2967103411956296
24.94,74.33,1014.3,75.34,435.21,1,0,0,1.194464816812169,0.11309408528559266
26.49,67.69,1004.61,78.13,430.62,1,0,0,1.6173792937614855,1.2480918582286504
23.89,64.27,1013.37,75.22,450.82,1,0,0,0.7308105714374981,0.13429605911718984
14.41,40.83,1009.82,80.43,470.13,0,1,0,-0.9791882465845025,0.6657530482064218
29.3,68.08,1011.23,56.23,434.11,1,0,0,1.9874373355018462,-0.6193731859441164
23.09,69.71,1009.75,91.35,437.7,1,0,0,0.7299321408313015,1.4104652616611635
23.23,71.77,1005.01,88.1,432.8,1,0,0,1.2403944195233316,1.7743997586699158
28.86,67.9,1006.29,57.19,432.97,1,0,0,2.254894127840216,-0.03039404991476579
7.4,41.04,1024.44,90.9,477.69,0,1,0,-2.818852195825067,-0.33593217386621543
25.23,61.86,1013.0,76.18,441.48,1,0,0,0.7352963728866501,0.1955747041781361
26.69,79.74,1008.29,73.79,431.41,1,0,0,2.027670420815795,0.7190545196019934
23.99,45.87,1007.63,52.62,443.66,1,0,0,0.9097296691088699,-0.5564057660235683
31.65,66.25,1008.57,59.05,437.35,1,0,0,2.2083786807527,-0.21496506785730946
8.94,43.13,1014.82,76.66,483.63,0,1,0,-1.5716329132134705,-0.01737348775693382
15.79,58.86,1015.85,91.91,455.15,0,0,0,-0.7814611470592601,0.7376959423569167
11.43,40.22,1010.84,81.04,477.5,0,1,0,-1.337522568516426,0.6016365214777577
21.14,67.71,1006.38,56.78,445.12,1,0,0,1.6139104569265987,-0.010143524193750855
25.21,65.34,1013.94,65.04,446.68,1,0,0,1.1140857635186976,-0.4537270619558436
10.42,39.35,1015.21,89.75,478.52,0,1,0,-1.984775808414089,0.5754000973287585
4.84,38.5,1011.96,81.62,491.23,0,1,0,-2.0487870451879258,0.5408075988397059
21.57,69.23,1011.94,81.73,437.55,1,0,0,0.685385241582174,0.681888700751006
20.86,39.72,1001.73,56.38,456.27,1,0,0,0.684237013323951,0.25194301765750726
11.06,37.92,1008.76,67.32,473.16,0,1,0,-0.9691405045837644,0.10378397487302234
15.86,40.66,1016.23,86.74,455.85,0,1,0,-1.4689058034389701,0.2823299173718688
22.12,60.77,1018.01,83.87,443.97,1,0,0,-0.11196354404522219,0.059572611775991165
30.2,71.8,1011.13,60.66,436.94,1,0,0,2.116787713647828,-0.3559623263178593
7.91,37.8,1020.59,61.0,483.49,0,1,0,-1.8758093883688864,-1.4899776887895335
17.1,62.1,1020.39,93.63,453.4,0,0,0,-0.8849599035603903,0.34933275564232824
13.06,44.2,1018.95,85.68,469.02,0,1,0,-1.701678330626622,-0.020898674873221494
20.73,69.94,1009.9,82.12,445.91,1,0,0,0.776247280343419,0.9355942306866951
10.69,36.71,1022.08,83.28,472.81,0,1,0,-2.37819398185932,-0.5297332205531543
17.28,44.06,1018.15,66.93,462.05,0,1,0,-0.8150489093083094,-0.9317618163742085
8.13,39.96,1026.07,95.84,477.12,0,1,0,-3.0464312313488096,-0.2720546393410215
19.4,39.53,1007.96,63.38,457.17,0,1,0,-0.05230304761427777,-0.0565377975946687
25.21,59.21,1017.37,55.06,445.33,1,0,0,0.8707621231216037,-1.3917956096303394
25.67,58.59,1013.0,62.34,451.03,1,0,0,0.9890948382800167,-0.5482885935368951
7.31,42.18,1014.75,86.75,477.38,0,1,0,-2.0069406488672437,0.5146485429299076
24.27,57.85,1012.81,63.48,445.1,1,0,0,0.8240820948268044,-0.46514214742981996
25.8,65.38,1009.3,52.28,450.5,1,0,0,1.8143180174558242,-0.6109985510713449
20.68,42.04,1010.2,63.43,464.14,0,0,0,0.009983282286611562,-0.2863721557352234
21.26,50.32,1008.41,87.22,446.22,0,1,0,-0.0767095638049,1.1994589060626997
11.2,35.76,1019.24,64.59,473.33,0,1,0,-1.6959747280646942,-1.1965620944649291
20.0,39.53,1007.59,62.09,456.28,0,1,0,0.056153456607615074,-0.08695094175446981
10.34,41.46,1017.75,89.73,478.03,0,1,0,-2.0709989874591104,0.3153584424603838
7.72,41.14,1025.11,96.75,478.34,0,1,0,-2.98657600773494,-0.10824421505034885
26.79,77.95,1009.9,80.22,437.91,1,0,0,1.679218765249468,0.8606191524186109
21.26,60.84,1018.43,78.83,446.08,1,0,0,-0.07679360764122124,-0.2399163997992298
12.85,40.92,1023.04,84.04,461.05,0,1,0,-2.099610985241812,-0.5758666699571331
28.07,70.32,1007.17,67.02,430.29,1,0,0,1.9795216412086138,0.40617650565321806
17.72,39.99,1007.34,72.3,461.7,0,1,0,-0.3615022121820797,0.4866633053241475
26.43,75.33,1004.09,86.48,431.79,1,0,0,1.7665226179217892,1.7977445487950938
27.39,67.07,1006.17,58.2,441.45,1,0,0,2.078760458773726,0.038172702884076266
30.18,65.74,1012.63,47.74,441.65,1,0,0,2.083306126312289,-1.2349776432095505
25.45,67.83,1009.47,57.97,429.95,1,0,0,1.7331720925229686,-0.31362429811367415
11.72,41.54,1020.04,66.84,476.12,0,1,0,-1.511559881383562,-1.124498976270386
8.43,40.6,1015.39,91.81,483.1,0,1,0,-2.160015016917209,0.6858190140497856
16.18,41.66,1010.01,65.62,465.82,0,1,0,-0.4224593144922986,-0.12493675216110205
13.33,54.3,1016.77,80.32,468.1,0,0,0,-0.945411266841665,0.01924811197413446
26.18,52.36,1013.46,56.65,453.54,1,0,0,0.873840365837631,-0.9457978669594682
8.57,41.17,1020.18,72.47,484.2,0,1,0,-1.944525594074425,-0.8305402380233383
21.22,59.15,1014.68,59.71,450.96,1,0,0,0.6006822459958556,-0.8320680953623415
26.53,65.18,1012.77,64.37,437.39,1,0,0,1.3132551141968325,-0.37123676155312885
12.34,40.1,1015.77,92.26,470.92,0,1,0,-1.897006351102561,0.6369344935022361
19.54,44.57,1007.19,78.93,450.54,0,1,0,-0.17238091472064765,0.8697388168372618
9.68,41.44,1015.19,87.34,479.89,0,1,0,-1.889368957512862,0.47504794473705664
18.19,66.54,1012.9,86.05,449.22,1,0,0,0.10947690752600181,0.8018192804950469
31.25,68.94,1005.99,49.61,434.51,1,0,0,2.7165347672668467,-0.3970150978912437
26.8,72.58,1008.94,78.24,428.62,1,0,0,1.5604777469608775,0.8195972480267304
16.82,41.66,1010.49,63.14,465.64,0,1,0,-0.3375560423023411,-0.309606168474448
29.52,64.79,1017.53,44.83,439.6,1,0,0,1.7289210746136072,-1.9218606290682112
26.93,72.99,1007.33,78.85,433.18,1,0,0,1.6831090428126847,1.0287987768316111
9.45,41.4,1027.06,87.35,479.0,0,1,0,-2.7196388763013783,-0.815576911776891
13.98,44.84,1023.6,89.09,462.81,0,1,0,-2.003657435977462,-0.35226752687666507
29.15,73.42,1011.43,66.49,432.26,1,0,0,1.9287511359471055,-0.06741748589869713
10.28,39.61,1020.43,69.09,478.34,0,1,0,-1.8008874873370526,-1.0565085340636564
21.24,63.47,1011.86,97.02,442.94,1,0,0,0.01011048208397612,1.435832361445407
11.41,41.4,1019.01,78.59,449.5,0,1,0,-1.780134571524695,-0.40474697230926043
20.15,39.72,1001.85,59.32,456.87,1,0,0,0.5406297105212676,0.39551187171938673
11.39,40.27,1009.04,73.13,474.93,0,1,0,-1.0092054035077482,0.3899251733990762
22.07,50.78,1008.6,61.33,449.96,1,0,0,0.6740017272310408,-0.15967854867020825
28.28,69.48,1008.56,61.3,428.75,1,0,0,2.0145227142694626,-0.048672117079829484
9.96,41.26,1022.9,83.83,475.21,0,1,0,-2.3081201311902064,-0.5489805694670882
21.69,44.57,1005.84,71.53,447.88,1,1,0,0.29048111461742904,0.6199957921597137
13.93,44.21,1022.26,82.4,469.12,0,1,0,-1.7693870167492334,-0.5564873513948976
23.63,60.93,1006.41,83.06,439.9,1,0,0,0.8317411134996036,1.2717196349380486
16.39,52.75,1024.42,54.61,459.48,0,1,0,-0.6109143980321439,-2.17439565446043
13.93,44.9,1022.15,85.93,470.59,0,1,0,-1.8237085577867134,-0.35670958349536497
14.5,41.76,1023.94,84.42,464.23,0,1,0,-1.9976798634266337,-0.6587466812781229
18.84,67.32,1012.63,81.89,449.21,1,0,0,0.3246273459622038,0.6182902852762041
27.19,64.27,1013.06,58.13,444.54,1,0,0,1.4708944067609568,-0.7368032954710769
20.95,70.72,1009.96,87.73,445.66,1,0,0,0.6781094222105288,1.2234684537456002
14.49,41.92,1030.3,56.62,463.81,0,1,0,-1.698617725670186,-2.7850871455099946
24.77,71.94,1006.77,88.86,432.27,1,0,0,1.2351451414558503,1.6128569567199997
21.14,48.78,1020.39,86.2,450.35,0,0,0,-0.9446179017064633,-0.1691525644139299
28.4,59.27,1012.03,59.75,441.64,1,0,0,1.3782114984950702,-0.5895653567686222
17.69,65.46,1013.72,67.28,448.49,1,0,0,0.45516488514233727,-0.26178217015829836
23.39,63.94,1010.54,89.94,441.44,1,0,0,0.48328693060803973,1.2031294862093724
20.98,43.77,1010.67,62.73,449.88,1,0,0,0.09726597395616766,-0.36179847347255467
7.24,41.17,1020.35,80.56,486.76,0,1,0,-2.277288805893133,-0.4223004086566902
22.17,65.61,1014.71,70.91,449.91,1,0,0,0.6691928227988938,-0.21156777505952723
19.23,41.67,1012.53,48.86,465.66,0,0,0,0.09586693661072229,-1.2853373104000028
10.82,41.55,1004.55,65.14,475.44,0,1,0,-0.4849171095145758,0.4804964215305789
16.7,50.66,1014.86,94.87,457.74,0,1,0,-1.0777310089573564,0.9260323182284542
19.83,51.19,1008.13,91.29,449.0,0,1,0,-0.24364347303140177,1.4568450357148792
29.99,74.9,1003.84,64.43,435.87,1,0,0,2.6346266620428818,0.6588027021069662
25.02,60.77,1016.71,69.85,441.21,1,0,0,0.58237892340497,-0.5425090914276656
8.85,40.22,1008.61,90.6,482.3,0,1,0,-1.6482443802722186,1.3556175418770737
9.87,40.81,1017.17,84.25,473.2,0,1,0,-1.9557087848915846,0.09356794924967395
24.04,72.43,1008.02,87.2,439.39,1,0,0,1.1546526275819422,1.3999925735824854
26.45,69.13,1001.53,89.64,427.5,1,0,0,1.5867838527077445,2.1895370240597867
27.58,57.19,1007.88,52.95,435.7,1,0,0,1.6794520343473793,-0.49993376856721816
16.53,53.29,1018.64,87.47,463.32,0,0,0,-1.0401498605023725,0.15477780203780955
29.24,60.23,1009.62,59.71,438.24,1,0,0,1.6552194085340808,-0.3272391619629707
15.52,40.0,1017.0,66.27,454.14,0,1,0,-1.0436633284450147,-0.8613034648846185
28.47,67.69,1004.79,56.51,430.67,1,0,0,2.333480750150618,0.09879082859639689
8.27,35.76,1020.11,75.25,480.8,0,1,0,-2.275677302486776,-0.720924085872802
26.75,64.79,1017.79,54.31,438.4,1,0,0,1.2348468762673979,-1.4418195957595323
22.64,72.24,1011.07,98.55,434.36,1,0,0,0.526198327868406,1.6619133266570918
19.59,66.54,1012.73,85.84,447.16,1,0,0,0.24210610637410346,0.7999214650490563
18.56,42.18,1001.46,99.59,456.61,0,1,0,-0.5078488579932064,2.5476706959258215
9.35,44.03,1011.02,88.11,476.25,0,1,0,-1.5382392566679373,0.9919423558960329
28.5,72.99,1007.02,67.13,433.24,1,0,0,2.14008110258729,0.4467563674060431
23.42,73.17,1012.07,88.39,438.22,1,0,0,0.828892465553455,1.0306667484854906
22.66,68.3,1017.73,86.92,431.27,1,0,0,0.2039835026575797,0.3044860484165267
32.0,71.85,1008.44,53.59,427.95,1,0,0,2.6357003151477603,-0.43997683675243343
21.11,65.94,1009.83,71.91,448.77,1,0,0,0.902826065556213,0.38128797674900905
26.34,69.04,1009.44,72.06,444.13,1,0,0,1.4938378066469447,0.420731357328436
20.94,44.78,1008.14,35.7,465.57,1,0,0,1.0173004566392738,-1.4734025760829408
20.54,59.39,1014.07,84.15,445.41,1,0,0,-0.04191307654221224,0.5026896889589159
8.16,39.64,1011.21,85.56,481.78,0,1,0,-1.7763267105461094,0.8123755857880532
29.11,74.9,1003.31,74.01,432.43,1,0,0,2.34779391382928,1.2171071386882353
20.16,57.76,1019.34,72.1,455.13,0,0,0,-0.1895569918232395,-0.7037392252195169
24.87,68.61,1011.19,55.69,450.54,1,0,0,1.662003742573006,-0.6083592872419387
25.86,59.92,1009.92,73.95,436.06,1,0,0,0.9700200429800445,0.39586172533728575
27.26,73.18,1012.58,74.83,429.92,1,0,0,1.4658397888459551,0.24892092883099307
28.59,69.84,1003.79,67.31,427.53,1,0,0,2.224138767458355,0.7817390354337888
8.75,40.22,1008.96,90.53,482.8,0,1,0,-1.6785308703525028,1.31457935699037
9.11,40.64,1020.68,86.91,476.62,0,1,0,-2.3347415313128987,-0.14744533823169614
22.98,69.84,1005.55,84.1,437.49,1,0,0,1.2023773287132073,1.4952593056750223
11.28,43.41,1017.91,81.03,471.42,0,1,0,-1.6910110316991787,-0.14193169559596414
26.12,75.6,1017.41,72.31,439.68,1,0,0,1.2149968247461291,-0.3797807886230945
32.9,68.51,1012.95,50.09,430.23,1,0,0,2.346707401954287,-1.144767415518258
17.31,44.71,1017.43,35.4,463.05,0,0,0,0.0890799191030709,-2.47613574169057
5.25,42.85,1013.75,89.67,477.78,0,1,0,-2.1555524676715643,0.7937498453833529
22.57,62.4,1009.77,86.05,444.69,1,0,0,0.501855901482112,1.0793351442908865
20.41,50.32,1008.45,93.12,447.06,0,1,0,-0.3037653655183559,1.5055103555441727
12.29,40.03,1017.62,89.64,472.65,0,1,0,-1.9618839450117493,0.3000240482835036
24.3,69.94,1007.02,62.14,438.92,1,0,0,1.789349426571498,0.19326654526186005
11.56,41.62,1012.5,91.42,460.6,0,1,0,-1.6494815727348862,0.9671743793727794
14.21,39.16,1016.5,85.09,473.87,0,1,0,-1.646516263990672,0.16693925582615915
24.96,68.12,1011.27,70.22,437.62,1,0,0,1.262692338260112,0.12850794088152565
28.16,70.4,1003.77,83.17,434.01,1,0,0,1.8002647723218563,1.6101687208919473
22.86,47.43,1009.75,61.54,452.53,1,0,0,0.5076180762303386,-0.3064296524047142
14.43,45.08,1023.23,83.98,465.07,0,1,0,-1.797180119885469,-0.5769374838599548
29.3,67.69,1007.17,55.5,430.72,1,0,0,2.26611718860607,-0.2181547333278009
22.61,42.8,1014.24,69.71,460.26,0,0,0,-0.23675068322607767,-0.40908991334385336
19.83,59.21,1012.67,96.42,440.03,0,0,0,-0.33362862038460384,1.2919836364027184
26.17,59.92,1010.01,73.75,444.96,1,0,0,0.994696718625983,0.3736191685330089
5.78,45.87,1012.65,88.8,483.27,0,1,0,-1.8809318317215884,0.8893061162601095
8.77,40.46,1019.68,77.84,475.0,0,1,0,-2.065555575322721,-0.5059498240843374
24.48,69.13,1002.88,69.43,432.71,1,0,0,1.8602529630403561,1.0126303670626173
15.29,41.1,1005.75,85.53,467.99,0,1,0,-0.7504389562606046,1.3683490819332256
9.44,43.99,1020.31,98.06,475.01,0,1,0,-2.4259418629794722,0.49320997558726876
26.4,48.41,1008.51,66.95,442.23,1,0,0,0.7861766641213591,0.09158853976627752
21.95,60.95,1015.22,75.09,450.38,1,0,0,0.3015845155653172,-0.0873288520740103
22.42,60.08,1017.71,67.46,452.31,1,0,0,0.33163780439144547,-0.762569632947792
24.32,65.48,1017.55,59.02,443.31,1,0,0,0.9579892968696281,-1.1503647595519273
30.15,72.51,1009.37,50.64,443.72,1,0,0,2.5257871032196,-0.6755769860131853
6.86,40.02,1031.5,77.94,476.45,0,1,0,-3.051065777706223,-1.7782277057025797
14.46,45.87,1008.26,89.44,458.69,0,1,0,-0.8819383913797191,1.3410185881779166
4.73,41.31,999.77,93.44,486.6,0,1,0,-1.4117663940529894,2.501655997532292
10.27,38.38,1022.16,70.77,475.58,0,1,0,-2.0177880146493092,-1.1679748889491115
20.37,54.9,1016.94,65.86,453.94,1,0,0,0.028364287548739528,-0.7890547811999324
8.12,43.02,1013.56,85.26,483.55,0,1,0,-1.7829856497086298,0.5685220015109662
28.57,69.34,1007.98,65.55,439.46,1,0,0,1.9607723158978512,0.23078289213376418
18.81,49.15,1020.79,67.09,459.81,0,1,0,-0.6485251014859326,-1.1803947111492168
28.62,63.77,1012.82,55.77,441.97,1,0,0,1.6449092881114036,-0.8463100410563681
13.96,40.83,1009.89,84.86,469.86,0,1,0,-1.1368621725894308,0.8899135220783745
30.47,72.86,1004.02,66.35,432.51,1,0,0,2.521860473886674,0.7186162704480561
29.13,66.56,1006.63,52.85,439.31,1,0,0,2.308328376310376,-0.3041123333645931
24.41,56.9,1006.58,77.94,439.51,1,0,0,0.8406431486391371,0.9510889511829017
14.56,45.51,1015.39,69.84,469.79,0,1,0,-0.8634930637972449,-0.45075780093445983
7.11,39.9,1008.82,87.76,484.21,0,1,0,-1.7460722493401166,1.1954434725837804
7.92,39.54,1011.51,84.41,481.44,0,1,0,-1.7909469789825463,0.7211752866825761
14.56,41.76,1023.82,85.36,464.3,0,1,0,-2.0091094636735902,-0.5975618625830985
17.45,42.28,1007.64,69.19,463.83,0,1,0,-0.22201034084313498,0.31373083258481554
29.75,70.32,1007.35,55.8,427.2,1,0,0,2.399100544792015,-0.20415458440911083
14.86,37.85,1010.58,86.8,467.71,0,1,0,-1.2916990377909048,0.8847900398641971
10.57,36.71,1022.11,82.39,472.62,0,1,0,-2.366887204511906,-0.5781276557139381
30.09,76.2,1006.64,61.02,434.68,1,0,0,2.598406146953066,0.18768277761668473
6.82,41.03,1022.12,87.63,489.64,0,1,0,-2.6235456200079907,-0.24827132341169933
15.4,41.16,1005.34,80.22,465.16,0,1,0,-0.5720068497407196,1.1385820300866365
7.31,43.02,1014.19,86.43,484.82,0,1,0,-1.9233652187868069,0.5658662767106587
32.56,68.94,1007.12,58.18,425.61,1,0,0,2.523676067866808,-0.08655578413393682
9.77,39.04,1023.73,76.06,483.87,0,1,0,-2.2752284954841384,-1.0570753432545603
29.22,72.39,1000.87,77.39,430.24,1,0,0,2.3242402028178946,1.6363004315909506
14.33,38.73,1003.52,85.92,468.86,0,1,0,-0.7923204637971373,1.6187518094096431
23.36,74.93,1016.57,71.91,443.78,1,0,0,1.0253768349992867,-0.29551256783848145
15.23,44.9,1007.75,81.34,456.07,0,1,0,-0.6147202191199904,0.9652940375404259
26.82,65.27,1013.6,53.85,437.84,1,0,0,1.5594690263741973,-1.0059779884576376
32.41,72.86,1003.69,58.04,432.75,1,0,0,2.921628301198517,0.3122712667811386
12.92,39.35,1014.56,88.29,469.83,0,1,0,-1.695967434677809,0.5537146101230893
16.92,44.6,1017.34,58.75,460.17,0,1,0,-0.5519800800065503,-1.2590689699872695
17.18,63.09,1020.67,93.58,451.37,0,0,0,-0.8524923093862681,0.3236932992008583
29.31,64.84,1010.49,53.97,442.11,1,0,0,1.954922652783244,-0.681646620369211
27.04,48.41,1008.57,60.73,441.21,1,0,0,0.9974439116227631,-0.2404365716007334
13.21,43.71,1024.5,86.59,466.39,0,1,0,-2.1130629557981147,-0.5831669250895909
12.3,39.85,1012.59,73.38,476.42,0,1,0,-1.201175310079041,0.006711716172594371
14.66,41.76,1022.12,78.13,463.6,0,1,0,-1.696028291561425,-0.786414071415884
29.1,73.9,1007.47,59.48,436.56,1,0,0,2.3989456201453763,0.0060454591969184655
24.54,60.23,1011.55,72.78,445.25,1,0,0,0.7941834126534995,0.16950190614286675
25.24,68.67,1006.76,76.95,442.29,1,0,0,1.4416688214165092,0.9695174654543113
24.81,66.44,1011.19,69.96,435.79,1,0,0,1.188491230720513,0.11128756998315252
8.75,36.3,1015.61,57.53,480.4,0,1,0,-1.4424152831532566,-1.1447290997032467
18.01,44.2,1018.84,55.72,456.36,0,1,0,-0.5027392323944845,-1.589486169838483
28.44,67.07,1006.08,50.42,433.15,1,0,0,2.37485860185389,-0.3608599644575211
13.56,40.75,1016.05,74.64,474.26,0,1,0,-1.3263167038402388,-0.30631811889419547
8.13,71.14,1018.94,86.7,471.99,0,0,0,-0.9468110426984226,0.283537956154305
18.97,44.78,1007.87,47.98,463.46,1,0,0,0.5522230296088202,-0.7965664109844849
25.66,70.02,1010.89,68.14,442.2,1,0,0,1.4844959829301099,0.07301971010753956
24.32,66.25,1009.09,91.89,444.93,1,0,0,0.7097922282096175,1.4739291590855697
16.7,46.18,1011.4,95.51,458.05,0,1,0,-1.0560789438138922,1.299707148592629
7.61,43.22,1014.8,86.92,478.55,0,1,0,-1.9441785960449813,0.5243087168779926
9.01,38.56,1016.67,63.61,482.37,0,1,0,-1.5524591786511963,-0.9298207093599931
14.98,39.58,1011.78,75.07,467.77,0,1,0,-0.9808182593983168,0.16166695841970438
30.24,67.32,1014.07,46.53,437.18,1,0,0,2.091361713554823,-1.4419145146850645
13.53,38.73,1004.86,85.38,472.46,0,1,0,-0.9355965090520535,1.4504418000463393
16.73,43.79,1016.25,73.58,468.87,0,1,0,-0.9165822698165393,-0.3799900767737648
11.94,39.28,1017.04,89.88,475.59,0,1,0,-1.990566996375396,0.3719142426009794
25.68,67.79,1010.66,69.51,449.04,1,0,0,1.3677106041853164,0.15069123335125284
17.84,61.27,1020.1,70.68,454.57,0,0,0,-0.24100033392137654,-0.8156724915905462
22.66,61.27,1019.29,55.43,448.68,1,0,0,0.6105471791084716,-1.5477243595713548
15.69,44.6,1014.06,61.51,462.07,0,1,0,-0.5020010158893551,-0.7510524028871187
22.88,63.91,1009.63,87.82,442.5,1,0,0,0.5573091247492254,1.1960029445573737
30.78,73.67,1005.97,58.7,427.15,1,0,0,2.6501148695170866,0.11576320734797065
18.44,45.38,1014.3,86.02,461.99,0,0,0,-0.8974667322451961,0.47568652771480613
12.03,41.58,1015.09,90.43,464.02,0,1,0,-1.7631617462722706,0.6305343320532413
27.74,74.78,1010.05,60.82,436.87,1,0,0,2.114581204805754,-0.18930082346131422
33.01,69.88,1006.71,53.25,433.5,1,0,0,2.7590388930897594,-0.2919391833398912
10.56,41.54,1019.92,78.95,479.33,0,1,0,-1.915566751548186,-0.478305547348327
28.8,71.58,1010.51,59.87,434.82,1,0,0,2.0544498144957744,-0.3214493814598328
18.0,44.06,1016.8,78.88,454.59,0,1,0,-0.975847758433027,-0.17275302669902434
15.27,38.73,1002.83,77.77,465.99,0,1,0,-0.4547267076500305,1.2666959841454029
6.26,41.31,1002.04,87.54,485.57,0,1,0,-1.2860745118394925,1.939448585711476
9.24,41.4,1018.34,84.91,477.65,0,1,0,-2.0787083103387385,0.009310621245855586
19.65,51.3,1014.81,90.23,452.5,0,0,0,-0.6813742962184713,0.6769265450541743
21.32,49.02,1008.81,85.81,445.65,0,1,0,-0.11949871198242427,1.0722318694721278
8.43,40.69,1020.36,87.28,484.94,0,1,0,-2.376513951993565,-0.08845330607215228
23.49,42.8,1013.96,65.31,459.9,0,0,0,-0.030052652810571776,-0.6117750352238608
17.88,46.97,1013.73,67.78,456.77,0,0,0,-0.35809779710692075,-0.3872941945138045
24.7,44.57,1008.24,57.62,444.65,1,0,0,0.7387731499774495,-0.3800097890518078
28.4,74.93,1013.65,48.6,442.23,1,0,0,2.2495511920944904,-1.2154466335795044
24.59,60.37,1005.31,76.81,438.09,1,0,0,1.1245998700004123,1.0577477733606953
18.28,60.1,1009.72,85.79,452.93,1,0,0,0.056571961818114205,1.0821409281354124
10.08,37.92,1010.47,66.37,474.63,0,1,0,-1.141785019613893,-0.12474835123072046
14.48,46.18,1015.83,92.15,462.3,0,1,0,-1.4535352464818498,0.659076113772867
24.77,48.92,1010.25,47.04,448.25,1,0,0,1.0757651496157945,-1.1105077021091387
26.13,79.74,1005.61,90.27,431.29,1,0,0,1.7335268285077412,1.86548768382922
7.61,38.06,1021.16,83.22,484.14,0,1,0,-2.5085972246369033,-0.40074386093189895
22.06,59.21,1012.84,87.06,442.31,1,0,0,0.08342383056456,0.7750095519828037
20.51,39.72,1002.25,47.97,452.39,1,0,0,0.8396580221707681,-0.23646510095225115
22.99,56.57,1013.93,78.77,445.44,1,0,0,0.18610159984604743,0.2007247339275887
14.05,39.59,1011.2,94.54,464.63,0,1,0,-1.5263628409248804,1.2364279495734527
10.95,40.81,1016.19,77.96,474.36,0,1,0,-1.635392021193659,-0.13184349201947954
11.84,40.05,1014.54,86.78,473.82,0,1,0,-1.7134240361349389,0.4909531952022232
20.76,51.19,1009.0,87.23,445.0,0,1,0,-0.12010671783555608,1.146160919376201
12.89,48.14,1017.48,83.95,463.77,0,1,0,-1.396573930782019,0.08273700214434683
26.62,72.43,1006.79,82.74,430.22,1,0,0,1.5679993782392525,1.286029320139778
15.8,41.1,1003.0,77.36,465.87,0,1,0,-0.30736870915036596,1.2424888680477368
17.8,43.72,1008.71,78.5,458.92,0,1,0,-0.4458631562467393,0.6870853559360289
5.5,39.04,1021.46,78.91,478.65,0,1,0,-2.547372098796168,-0.6336089709798515
12.38,44.2,1020.23,81.5,467.04,0,1,0,-1.7358428064240636,-0.3714179278294049
17.14,44.2,1018.91,62.18,457.02,0,1,0,-0.7481243940925049,-1.2576533447098173
9.41,39.61,1016.14,78.38,477.34,0,1,0,-1.8229711925259873,-0.10386024902682718
14.44,41.2,1015.96,81.97,469.85,0,1,0,-1.4192480693159661,0.0795186026023333
11.68,40.55,1022.21,85.76,475.13,0,1,0,-2.2008501004264374,-0.39168531776491256
17.48,49.39,1021.51,84.53,460.01,0,0,0,-1.2525284721580638,-0.3473930637755722
13.87,41.74,1021.42,64.02,472.12,0,1,0,-1.3456830688490198,-1.4334185015972394
23.57,70.04,1011.06,82.79,437.53,1,0,0,0.9184677378003379,0.8252860925750727
15.85,49.69,1015.48,88.65,464.72,0,0,0,-1.0703887383773225,0.535402158947402
25.59,73.5,1011.19,81.52,435.48,1,0,0,1.2620618591603519,0.7596345315173164
13.95,71.14,1019.76,75.51,461.18,0,0,0,-0.22994676486722526,-0.4232133755853907
17.12,49.5,1014.79,87.03,463.39,0,0,0,-0.884569504625424,0.5166850542726737
23.99,67.69,1007.9,78.57,437.1,1,0,0,1.1752370379847172,0.929678045855497
24.41,52.3,1006.28,70.33,442.62,1,0,0,0.8571451384452776,0.5538181578052888
30.25,71.8,1010.87,60.4,437.28,1,0,0,2.1454346272715363,-0.3414184901306392
13.38,40.89,1010.48,92.55,472.15,0,1,0,-1.423259419446703,1.2271324214560495
27.55,73.68,1013.62,81.13,431.86,1,0,0,1.276290875258197,0.4629828945089158
25.16,77.3,1000.73,86.4,439.37,1,0,0,1.9797206256830877,2.183992721696999
34.15,68.51,1010.75,37.02,430.19,1,0,0,2.9413990231904057,-1.5885390049307275
12.68,40.73,1017.66,92.08,465.94,0,1,0,-1.965319086324304,0.42461250771743775
24.64,58.49,1011.2,72.67,444.95,1,0,0,0.7524593740680476,0.18723139334796401
25.38,70.94,1007.87,73.59,446.31,1,0,0,1.5654283528696329,0.692524056039397
31.35,71.32,1005.99,62.35,434.43,1,0,0,2.496811394516519,0.27919997384873685
7.79,41.01,1024.0,97.2,477.0,0,1,0,-2.9226123248008706,0.03431784904799274
19.19,63.31,1016.88,66.58,453.16,1,0,0,0.2870319374039355,-0.669545009642619
11.8,42.34,1020.25,93.54,466.52,0,1,0,-2.1816986391403033,0.2369732691542894
20.47,63.07,1012.79,88.67,451.71,1,0,0,0.08371013923242876,0.905529212122592
24.82,71.94,1010.5,64.67,438.69,1,0,0,1.6170783687467678,-0.042457984676437514
29.6,71.58,1010.34,52.56,434.64,1,0,0,2.3230863767471392,-0.6857989569949561
9.48,40.11,1025.49,73.81,472.16,0,1,0,-2.3131864823273367,-1.3542621315789778
28.42,73.4,1011.39,62.72,438.25,1,0,0,1.9688580781097567,-0.2528692583788059
11.86,39.85,1013.0,66.92,478.29,0,1,0,-1.0966384234699118,-0.3684322817419794
14.48,40.89,1011.39,82.18,470.44,0,1,0,-1.123532419316979,0.5851656320378275
4.71,42.07,1005.35,82.26,486.79,0,1,0,-1.4681941619384287,1.323182061890839
21.7,60.77,1018.07,88.15,444.66,0,0,0,-0.26255995671761184,0.2768728559110256
28.97,67.9,1006.19,65.81,434.7,1,0,0,2.0455424189221088,0.4247664707858234
14.1,44.84,1025.09,79.42,468.22,0,1,0,-1.842650890110928,-1.0145492372323301
11.74,40.71,1020.64,82.15,470.05,0,1,0,-1.9874731545145028,-0.40624012085892997
23.82,48.92,1010.48,44.45,446.85,1,0,0,1.0493534722405218,-1.262772681137365
23.01,44.05,1006.56,74.95,450.67,1,1,0,0.2380485250246161,0.7049596679604586
25.77,68.08,1010.99,73.58,433.46,1,0,0,1.25907336202469,0.3266039506852707
27.0,59.15,1013.12,61.39,440.58,1,0,0,1.1402015807373953,-0.6149760489029005
11.92,40.62,1015.91,55.4,464.9,0,1,0,-0.9551051216482055,-1.2742192467059792
12.83,41.67,1012.84,84.29,474.81,0,1,0,-1.379322116831223,0.55378097175083
13.69,43.22,1009.94,74.64,466.72,0,1,0,-0.7901263922307509,0.37793869104848377
14.17,42.86,1030.94,66.47,466.2,0,1,0,-1.9846090803125445,-2.3364859731344785
12.82,41.58,1020.37,81.06,464.07,0,1,0,-1.8130857970522527,-0.4334874385285688
16.7,46.18,1012.6,96.15,455.93,0,1,0,-1.1546151885792517,1.2020939267255417
6.5,41.14,1028.15,86.78,480.96,0,1,0,-3.034004012967383,-0.9456204346657441
8.28,40.56,1023.29,79.44,486.4,0,1,0,-2.3895183950867436,-0.8122454501970173
28.46,69.75,1009.46,79.75,435.75,1,0,0,1.4978085728267112,0.8067991046842542
27.16,56.85,1012.07,39.05,437.4,1,0,0,1.7073542891669817,-1.6736191440596293
14.12,42.86,1011.84,88.29,471.86,0,1,0,-1.25673077881946,0.8699390427992484
10.8,40.69,1014.3,87.44,478.19,0,1,0,-1.7719296064387942,0.5634189531992779
21.4,44.57,1005.7,73.09,445.09,1,1,0,0.2353259872585045,0.7177582734233667
26.45,54.5,1014.96,65.55,450.76,1,0,0,0.6556441353883291,-0.6342430767171415
27.39,66.93,1017.16,53.75,441.04,1,0,0,1.4396048383970834,-1.3892720248644155
25.78,47.93,1003.67,67.23,442.46,1,0,0,1.036501569022569,0.6333868138899765
9.5,37.36,1015.13,63.41,478.8,0,1,0,-1.4547035464198517,-0.7854869104014042
25.1,74.87,1010.01,79.41,439.93,1,0,0,1.4176052679164302,0.7935619824418075
31.98,70.17,999.43,59.42,430.92,1,0,0,3.021912800910318,0.828609598985861
11.71,40.05,1014.49,86.09,471.49,0,1,0,-1.7027146459584337,0.46166277100892295
13.81,40.2,1013.66,88.16,464.23,0,1,0,-1.5202779869945786,0.6457598275536458
21.95,68.63,1012.8,61.55,448.9,1,0,0,1.1589856724064844,-0.4610080691665122
6.94,39.61,1017.74,81.43,480.07,0,1,0,-2.215619809743795,-0.10372768614945498
14.26,42.86,1011.33,88.37,471.19,0,1,0,-1.212495795266611,0.9286407911082704
19.04,50.12,1010.53,100.09,446.59,0,1,0,-0.7495993076360077,1.6466319408397838
14.65,39.28,1014.04,77.98,470.41,0,1,0,-1.251403082474809,0.065673657348653
22.35,65.61,1016.27,73.93,448.41,1,0,0,0.4987779026366161,-0.2267350729124868
33.33,73.03,1014.2,42.28,436.05,1,0,0,2.700339657120915,-1.6506012222754445
12.32,41.62,1012.16,88.37,455.71,0,1,0,-1.4838740752563415,0.8415382537768962
29.55,66.25,1009.38,69.55,436.29,1,0,0,1.7054532719258,0.25327435454709857
14.81,42.77,1017.83,75.09,463.06,0,1,0,-1.267200795782003,-0.4691595056589314
19.48,58.66,1013.32,73.16,454.4,1,0,0,0.17672472044150928,0.018330921269700793
28.01,51.43,1011.6,49.2,449.82,1,0,0,1.3053650802574805,-1.1478989116588714
31.46,70.79,1003.54,59.51,425.68,1,0,0,2.723769079234322,0.39431155306498256
13.98,40.71,1022.72,71.83,474.46,0,1,0,-1.6747278249229078,-1.1808027482567711
27.32,73.42,1012.07,86.3,432.74,1,0,0,1.2164219799765197,0.8981333519127734
24.75,63.57,1010.47,84.24,445.3,1,0,0,0.7329428946277582,0.9042048151756754
28.29,61.86,1011.87,64.17,438.25,1,0,0,1.3787315050196502,-0.32233943564725565
26.24,70.36,1005.4,82.43,437.31,1,0,0,1.548238735788445,1.4072887235289857
9.54,41.17,1019.79,65.61,481.18,0,1,0,-1.6586177247614482,-1.148865901882415
27.44,52.3,1008.15,58.92,441.75,1,0,0,1.2778944656348523,-0.25955100129809694
20.86,51.3,1012.03,92.46,449.67,0,0,0,-0.4502444271358715,1.0864701035372344
7.69,36.24,1013.08,88.37,482.46,0,1,0,-2.1659390869942667,0.7296680810422853
22.97,64.15,1021.0,70.61,450.07,1,0,0,0.24985864358347182,-0.9291294523519438
20.24,56.03,1019.78,59.8,460.76,1,1,0,0.03218507592885801,-1.4011391296145648
8.5,39.16,1014.1,86.64,485.76,0,1,0,-1.9946797471183817,0.5472836805253375
19.38,63.56,1013.13,83.54,452.01,1,0,0,0.12621973813666226,0.6150586909321748
21.31,58.05,1012.94,88.39,446.76,1,0,0,-0.07119336469718528,0.8285660084984577
32.98,71.32,1003.67,49.78,433.56,1,0,0,3.11798281341231,-0.12828905989194517
26.49,78.92,1010.82,83.42,434.91,1,0,0,1.5508818010959238,0.9355201310771624
32.14,68.31,1010.48,42.15,436.15,1,0,0,2.6510384367979145,-1.2821731801277148
9.45,43.5,1018.89,84.29,476.1,0,1,0,-1.990085806529319,-0.06710052969111784
15.06,39.3,1019.63,63.32,464.15,0,1,0,-1.214711726677375,-1.3024495688341322
15.7,44.21,1021.26,86.83,462.19,0,1,0,-1.6708796623337345,-0.23099486125388902
21.47,57.19,1006.45,75.8,448.31,1,0,0,0.6755536228989018,0.8771851415352577
9.08,36.71,1025.07,81.32,479.02,0,1,0,-2.663711123314917,-0.9454690247497705
25.72,72.39,1003.01,86.38,432.77,1,0,0,1.6545453867634627,1.891340016847597
20.25,63.91,1009.27,97.97,448.37,1,0,0,0.09955214691237212,1.7771822802337955
23.7,62.91,1012.26,57.89,444.99,1,0,0,1.183693372916584,-0.6492001758289103
31.84,71.37,1003.51,46.22,432.04,1,0,0,3.1300295951300585,-0.2864685357192467
13.15,41.14,1026.72,80.31,461.49,0,1,0,-2.2185736838693573,-1.169386486698033
10.33,41.44,1015.24,86.72,478.79,0,1,0,-1.8229276829346874,0.43315416193547296
29.23,77.3,1002.71,65.24,438.05,1,0,0,2.7335852155816514,0.8481784038441307
20.29,65.27,1013.17,74.94,445.52,1,0,0,0.4987184885604398,0.1742684486957189
12.65,41.93,1023.07,65.05,479.53,0,1,0,-1.577408189269526,-1.5500264892584854
25.06,65.46,1014.37,38.82,443.03,1,0,0,1.7628322648379209,-1.8522118011524669
23.0,63.78,1015.85,70.46,444.62,1,0,0,0.5910534292872673,-0.3793334438272146
21.9,47.43,1006.8,60.48,452.13,1,0,0,0.6572037539387362,-0.03340275822757576
23.76,58.41,1013.85,85.38,445.85,1,0,0,0.16350676343886017,0.5602494177985845
10.05,41.17,1018.98,83.71,481.38,0,1,0,-2.034270036547891,-0.12971110594082608
24.81,59.43,1009.42,54.64,439.33,1,0,0,1.4004293952514448,-0.5433879718686282
25.69,64.45,1013.05,42.0,450.94,1,0,0,1.77719844758082,-1.5567583495763504
14.1,44.92,1023.95,89.5,467.22,0,1,0,-2.0248015695812764,-0.36938352984800016
10.17,41.46,1020.01,84.86,482.36,0,1,0,-2.111852842545373,-0.18096913452136115
16.57,53.82,1015.17,63.69,462.52,0,1,0,-0.15551397657251684,-0.6911057906518461
19.02,44.85,1014.57,43.37,465.42,1,0,0,0.22311334227750768,-1.7638317997590438
14.8,40.2,1012.87,88.35,466.27,0,1,0,-1.3896714959584466,0.7348189313849814
29.39,69.89,1013.92,47.36,434.27,1,0,0,2.1230508767711145,-1.356223127460924
25.38,63.87,1018.7,52.48,442.13,1,0,0,1.066988353790775,-1.6334266458655915
13.52,42.34,1017.97,95.34,463.71,0,1,0,-1.9313272024802226,0.5663932936432886
22.31,51.19,1009.38,79.72,444.74,1,1,0,0.17816129669515568,0.7064782632546822
17.55,43.14,1018.86,76.0,461.58,0,1,0,-1.118738516202504,-0.5500648185750462
12.83,44.88,1017.86,87.88,474.26,0,1,0,-1.673856612259796,0.21840733837843979
26.77,74.22,1008.87,74.68,434.35,1,0,0,1.7281053214670579,0.6568421660569446
24.49,65.46,1015.77,44.95,445.27,1,0,0,1.4601558862784616,-1.6842743223646572
15.21,43.56,1012.92,56.61,467.0,0,1,0,-0.3817075012527485,-0.8850003455031735
31.15,67.45,1014.85,42.11,431.97,1,0,0,2.234522307351618,-1.7602014331486564
19.45,38.52,1017.99,62.86,451.96,0,1,0,-0.7629333904656272,-1.1839146289011866
17.68,45.17,1017.5,77.57,461.96,0,1,0,-0.9668136934345367,-0.30547186870514875
22.01,58.46,1016.26,75.99,443.75,1,0,0,0.10233426095012464,-0.17456558833628608
13.6,42.86,1013.37,87.52,472.27,0,1,0,-1.3838400319844972,0.6671547723004434
17.63,40.55,1002.27,73.42,462.13,0,1,0,-0.027849913405555135,1.1016263634370758
23.74,52.3,1008.88,76.34,444.4,1,1,0,0.46753832257358685,0.5855891928452158
21.34,51.61,1010.11,80.7,452.0,1,1,0,0.041240192753068464,0.6876018882105032
6.48,36.24,1013.62,92.03,484.65,0,1,0,-2.3982634398797256,0.8680955343236967
24.32,59.14,1017.46,80.14,438.08,1,0,0,0.13271888640599747,-0.10127393266309008
13.8,39.82,1012.37,83.69,473.56,0,1,0,-1.3331034325283444,0.552448345067071
30.74,71.77,1006.24,53.38,434.89,1,0,0,2.6836537853729956,-0.20332073121297167
26.52,77.17,1008.71,92.32,432.48,1,0,0,1.387491380327391,1.6104326249807406
24.01,46.93,1013.3,52.24,448.35,1,0,0,0.5814801499963607,-1.1849646048931632
25.12,71.58,1010.18,87.5,433.58,1,0,0,1.0512154617865137,1.1660766673460394
33.26,68.51,1012.49,52.68,429.38,1,0,0,2.340103051604869,-0.9634291389445765
3.38,41.31,998.79,97.76,489.11,0,1,0,-1.5692631936171502,2.8406094396673915
15.77,58.16,1016.09,82.56,450.11,0,0,0,-0.5860123325450913,0.2233512470457043
10.75,45.01,1018.73,93.16,471.47,0,1,0,-2.0370870289833505,0.41153191883037277
18.04,44.85,1015.13,48.4,463.31,0,0,0,-0.027390423694906255,-1.5584244940472087
20.79,50.59,1017.75,73.35,456.01,0,0,0,-0.37793586820583386,-0.5281478397669793
24.85,70.09,1006.56,70.09,439.96,1,0,0,1.6649786711481518,0.651235305098635
14.87,35.71,1015.53,57.7,468.75,0,1,0,-0.9622900210438228,-1.1738097987855647
10.93,39.22,1019.44,64.94,473.27,0,1,0,-1.5884944959580838,-1.170553031399124
9.51,40.46,1018.84,70.12,471.32,0,1,0,-1.7454789267955484,-0.8181077512142447
27.57,60.07,1016.52,54.75,440.12,1,0,0,1.169516357190146,-1.3244504439523161
26.13,48.06,1013.5,47.67,440.99,1,0,0,0.912061233714938,-1.4480581814963263
11.72,40.92,1023.35,88.55,465.88,0,1,0,-2.331862943402251,-0.3690608140203293
13.32,41.7,1020.22,88.3,451.93,0,1,0,-1.9454879899150679,-0.04582623568795007
15.65,54.3,1018.0,69.66,461.69,0,1,0,-0.5592279849384505,-0.6808673656511011
28.98,70.8,1008.19,73.45,434.08,1,0,0,1.8382303339973498,0.6247302784299377
21.96,48.6,1004.87,76.27,446.56,1,1,0,0.4327141731490426,1.0009370591462738
21.29,47.45,1008.85,71.6,447.78,1,1,0,0.17739933403447733,0.3218163885080906
22.0,51.3,1012.87,85.79,450.18,0,0,0,-0.23912793655591752,0.6428712031081792
16.49,49.39,1018.1,93.13,461.54,0,0,0,-1.3264820754485092,0.4746392623578346
23.57,63.91,1011.65,80.74,441.93,1,0,0,0.661548781614787,0.6058347471175924
22.72,69.13,1010.81,92.43,438.01,1,0,0,0.5733330777305806,1.3486670005649215
26.06,71.73,1009.65,77.02,432.38,1,0,0,1.4453992007229568,0.6775177384003885
31.11,74.16,1012.2,58.86,435.69,1,0,0,2.27003145808525,-0.5525986492977205
17.34,45.01,1013.22,77.71,459.01,0,1,0,-0.713790948325743,0.1687910698877237
24.42,64.79,1016.12,69.32,449.1,1,0,0,0.7641666569504137,-0.4691519650678942
28.88,71.98,1005.37,74.24,428.61,1,0,0,2.0536170085888052,0.9827418047814038
14.28,42.77,1020.06,81.77,466.75,0,1,0,-1.6375346537547244,-0.36346984820344613
12.28,40.92,1023.23,89.14,460.33,0,1,0,-2.292878292513019,-0.3293616888890839
19.92,38.52,1018.15,60.68,451.16,0,1,0,-0.6780840027497574,-1.3170932428382076
7.98,40.77,1008.69,98.65,480.72,0,1,0,-1.9116107563828735,1.7728787120684113
29.17,72.99,1006.86,64.92,430.59,1,0,0,2.2640384464834655,0.34550362983447264
20.71,58.79,1017.48,86.67,444.39,0,0,0,-0.35266858773112136,0.2555185633394569
25.15,62.91,1012.23,48.22,444.19,1,0,0,1.5581030635965443,-1.1550734953734465
18.45,42.44,1013.45,63.52,459.79,0,0,0,-0.3803656952132088,-0.6171229971427299
27.96,77.24,1007.23,78.51,433.35,1,0,0,1.971200603931096,1.0493300968538566
22.61,45.38,1013.92,62.91,459.53,1,0,0,0.07650466311440204,-0.7045297981934973
10.62,39.64,1010.51,68.55,478.37,0,1,0,-1.0810752637223338,-0.006391588648512017
7.55,38.08,1019.37,76.32,485.49,0,1,0,-2.2103274461700866,-0.561505788312423
28.84,74.67,1016.52,67.43,428.98,1,0,0,1.5866911624728224,-0.5608939051465639
23.55,65.94,1011.76,58.44,443.98,1,0,0,1.3246177009009377,-0.5409342109302311
19.11,44.85,1014.76,45.86,464.66,1,0,0,0.15252204734634947,-1.6565826023336616
25.87,67.79,1011.16,79.88,445.87,1,0,0,1.0783265165446123,0.630325065692704
11.68,40.55,1017.31,99.82,473.51,0,1,0,-2.2341831881855247,0.8676951923648097
27.51,73.67,1005.71,76.75,431.97,1,0,0,1.9262823824900817,1.0982803192185733
14.43,39.82,1012.56,78.52,470.17,0,1,0,-1.1589620287282927,0.2605456129107533
30.22,74.9,1003.57,67.15,434.17,1,0,0,2.600941861212303,0.827053752922047
18.41,44.9,1008.97,73.81,453.12,0,1,0,-0.2386632215811597,0.42198369603313424
29.56,71.14,1011.42,53.18,432.09,1,0,0,2.2105535557201286,-0.7746502076681212
31.54,77.24,1007.83,62.98,430.07,1,0,0,2.6315894209929276,0.15777602631648968
25.16,43.21,1011.73,88.69,442.29,0,1,-1,-0.3330457022594617,0.8299546401137462
30.75,73.88,1005.62,57.95,436.97,1,0,0,2.7003575133534845,0.11704709769919076
16.71,46.18,1012.06,96.6,458.4,0,1,0,-1.1287331234987052,1.284052233347709
20.29,63.09,1019.03,76.07,448.22,1,0,0,-0.026440017591312412,-0.4229824925697046
25.16,54.2,1012.69,58.02,441.99,1,0,0,0.8874726924189263,-0.7694418079607818
22.56,66.48,1003.82,77.46,437.73,1,0,0,1.3110298459871246,1.3166211817317073
32.81,75.08,1005.09,42.0,433.37,1,0,0,3.3762116196783016,-0.6531057883417707
27.04,69.98,1008.5,75.41,433.25,1,0,0,1.5696047258738464,0.698816614548263
10.58,42.34,1022.32,94.01,474.91,0,1,0,-2.4358016357853947,0.044194666303641
22.91,66.44,1011.23,63.43,444.48,1,0,0,1.199578969527115,-0.21720969539371504
31.35,68.67,1005.26,66.85,433.73,1,0,0,2.3121568515929445,0.5696566954370863
10.55,41.55,1005.02,63.24,473.99,0,1,0,-0.48959654185459534,0.3330770190943715
21.53,70.02,1010.33,95.95,440.93,1,0,0,0.4550971990370037,1.597955351712812
13.42,38.91,1012.81,73.82,472.22,0,1,0,-1.1766738216153716,-0.009749960795912302
14.26,44.47,1028.81,72.19,465.77,0,1,0,-1.9104498864946917,-1.7969144407120072
21.89,74.78,1010.35,80.39,444.6,1,0,0,1.0999054747489512,0.8283450791298537
22.98,51.95,1006.83,74.92,454.63,1,1,0,0.5662481604552139,0.737853755014791
18.63,61.27,1019.69,73.67,454.03,0,0,0,-0.22597505073616203,-0.6220653621997773
26.28,73.06,1008.06,90.7,437.01,1,0,0,1.273125716526403,1.5661015556771147
10.12,41.55,1005.78,62.34,475.46,0,1,0,-0.5533841298129552,0.20680293299508157
34.53,73.03,1013.53,36.74,437.03,1,0,0,2.9898277741228103,-1.8718647647851618
25.55,71.64,1009.09,79.35,439.37,1,0,0,1.3766315513962841,0.8615402248082031
25.41,68.94,1007.21,69.2,436.95,1,0,0,1.6394389011790855,0.521426595997372
25.59,65.46,1014.47,37.89,444.9,1,0,0,1.8240608462912837,-1.9147339680360083
23.09,69.13,1010.93,90.07,436.67,1,0,0,0.6573594254538515,1.2112339390144633
10.31,40.67,1017.61,69.61,485.25,0,1,0,-1.5730063011490436,-0.7142911206178832
30.1,66.25,1009.38,65.41,434.99,1,0,0,1.8590305259946123,0.03578093014647838
16.81,42.86,1013.83,77.11,464.36,0,1,0,-0.8782353411525397,0.057701693418384215
21.87,69.45,1014.04,71.19,439.97,1,0,0,0.8520937992828049,-0.0911822033210106
26.75,43.21,1012.29,87.28,430.45,0,1,0,-0.2031466507718927,0.6853248501671894
26.3,69.05,1005.37,41.7,438.12,1,0,0,2.5617923276751986,-0.7031723138405563
27.19,64.96,1006.71,73.99,428.79,1,0,0,1.5198035048175762,0.7789378600816369
24.15,71.73,1009.76,85.16,436.55,1,0,0,1.0675486855937453,1.0988345046807535
29.28,77.17,1009.4,76.3,433.14,1,0,0,1.9868681822775942,0.6893849424406864
13.61,38.47,1015.1,54.98,466.51,0,1,0,-0.8442098307162447,-1.236576205687837
22.04,57.32,1012.54,62.17,447.27,1,0,0,0.6692972528543342,-0.49240884108945704
9.86,38.38,1018.22,85.35,479.56,0,1,0,-2.1639992594622197,0.016529396016937987
25.81,66.51,1016.53,62.19,437.57,1,0,0,1.113086036753951,-0.8775347941056477
14.29,39.59,1012.36,92.38,463.13,0,1,0,-1.5291966004588597,0.9969746362601271
23.15,69.48,1011.07,85.83,436.16,1,0,0,0.7789929164626167,0.9795020187528739
4.96,39.4,1003.58,92.22,486.09,0,1,0,-1.704866912029049,2.0068865131646088
19.11,58.95,1017.07,85.49,449.89,0,0,0,-0.4188863316200798,0.2514599084202173
21.84,60.29,1017.23,66.89,454.4,1,0,0,0.34064462567336246,-0.7340807688984747
27.4,77.24,1007.65,78.13,435.74,1,0,0,1.906275346207132,0.987809013279553
24.63,63.9,1014.53,75.24,440.23,1,0,0,0.6959670865854317,0.0009928300841813926
24.37,68.14,1005.22,59.27,440.22,1,0,0,1.9134820111927235,0.226101491227784
27.16,59.87,1011.78,58.84,446.38,1,0,0,1.3431423168778804,-0.5960208057701867
10.67,42.02,996.55,99.94,472.65,0,1,0,-0.8405153804580094,3.1529544779049554
11.2,37.5,1013.81,72.81,472.2,0,1,0,-1.4638553549591957,-0.16696134680938945
25.67,68.3,1017.16,74.19,435.89,1,0,0,0.823926900644954,-0.31122994520339065
25.93,69.34,1008.91,79.43,434.08,1,0,0,1.316773269361409,0.8641454925134215
25.71,52.84,1006.32,53.29,445.54,1,0,0,1.4307945559010171,-0.3347925980470573
22.98,73.17,1011.94,90.13,438.5,1,0,0,0.7559714738841656,1.1376581711557519
21.94,62.52,1015.99,74.56,449.87,1,0,0,0.3313312398331453,-0.1858129355923589
22.67,68.08,1013.0,66.59,443.79,1,0,0,1.0488282954628132,-0.23193375077824385
27.28,72.58,1009.21,89.96,431.27,1,0,0,1.2754333388968613,1.3919881222135801
20.24,56.53,1020.29,77.75,455.25,0,0,0,-0.4495908261828299,-0.5259361525633099
27.92,69.23,1013.21,44.43,435.62,1,0,0,2.0975925192261746,-1.4254587109446057
31.95,70.79,1003.8,55.25,426.37,1,0,0,2.8578037979365836,0.14272438038491908
11.41,40.1,1014.27,91.17,476.81,0,1,0,-1.8430173632504718,0.7503334598785354
23.74,63.9,1014.73,81.9,445.47,1,0,0,0.4348419884911196,0.32913346030843826
18.74,44.34,1019.4,55.16,468.84,0,1,0,-0.4598607609664977,-1.6832293736778208
11.22,41.66,1008.96,72.38,477.53,0,1,0,-0.9369012243093251,0.37227336406983913
22.53,62.39,1007.84,86.4,450.08,1,0,0,0.6205494292081414,1.307733252986768
26.31,77.95,1012.45,77.22,436.83,1,0,0,1.5441423308600488,0.4313772093056359
10.23,42.07,1017.93,91.1,475.14,0,1,0,-2.1012552410238925,0.3721543615358962
9.07,36.3,1015.26,56.81,479.98,0,1,0,-1.3733272619890582,-1.14597935412617
8.42,37.49,1009.22,82.15,478.87,0,1,0,-1.6248787850867494,0.8339014803406145
4.87,42.85,1012.69,94.72,482.05,0,1,0,-2.246609912227084,1.172473698717504
26.91,74.99,1005.64,78.98,437.06,1,0,0,1.88145762049089,1.235762136716417
10.77,41.44,1016.72,75.27,479.19,0,1,0,-1.588314545414116,-0.3221211244807262
22.93,58.2,1017.75,54.09,444.95,1,0,0,0.6374883364149636,-1.4758051259015847
20.19,44.57,1009.2,72.13,454.36,0,1,0,-0.0780776174842792,0.295388251080157
25.18,61.08,1013.08,80.75,445.64,1,0,0,0.5719080177174033,0.4168581844776575
14.1,41.16,1021.26,73.87,460.01,0,1,0,-1.5987521183036957,-0.9137159738457953
20.79,68.28,1001.42,76.77,445.83,1,0,0,1.4259542554800648,1.5689002498272897
30.56,72.39,999.96,69.81,430.85,1,0,0,2.694953035033377,1.3348922692366572
17.67,53.16,1013.59,83.31,457.99,0,0,0,-0.49879064681403523,0.48101102078556335
12.66,40.35,1011.37,82.77,473.11,0,1,0,-1.3116110300021395,0.6258885576678257
17.28,65.94,1013.62,89.97,454.76,0,0,0,-0.143605428316169,0.9271887589243374
9.47,40.81,1026.44,91.87,479.96,0,1,0,-2.819842343844435,-0.5196074854464414
20.32,39.72,1001.38,57.21,456.18,1,0,0,0.6418404171351259,0.33659049573378563
18.2,52.72,1025.87,54.26,463.47,0,1,0,-0.5525562359348423,-2.3629477570277846
7.81,40.71,1023.32,82.08,475.46,0,1,0,-2.4927283584280016,-0.6747971376127788
29.46,49.3,1003.88,54.1,436.37,1,0,0,1.7294202572836042,-0.08144768482282815
22.68,70.47,1010.86,82.8,441.47,1,0,0,0.8773421109038254,0.8571227432423255
25.76,65.48,1017.82,54.77,441.14,1,0,0,1.1694909560403854,-1.4090153523812141
23.3,52.84,1003.97,72.16,439.49,1,1,0,0.8990064581529872,0.9117391546484643
25.21,49.82,1016.44,63.14,450.75,1,0,0,0.3090374333121157,-0.9490299720049943
18.82,61.27,1019.5,72.23,455.29,0,0,0,-0.15971089260214738,-0.6770193801900624
28.71,64.69,1006.52,68.38,435.85,1,0,0,1.7929036867730572,0.4974373639888977
7.0,41.55,1001.43,97.12,483.92,0,1,0,-1.4231621233243261,2.497327843696939
18.41,42.44,1012.66,65.93,463.2,0,0,0,-0.39278279990661563,-0.40641458079923354
29.06,71.64,1005.54,69.84,435.98,1,0,0,2.1568694518973075,0.7331053001474359
9.88,37.83,1005.68,97.61,470.44,0,1,0,-1.6520220089718831,2.0102478851495293
20.06,60.77,1017.19,88.73,447.35,0,0,0,-0.3530805375467485,0.4138351020426311
11.39,43.72,1010.91,98.83,467.8,0,1,0,-1.6561554193504533,1.5409243817764406
28.7,71.64,1007.11,69.85,436.58,1,0,0,2.019856902800006,0.5651416898188104
22.55,47.45,1008.65,67.9,447.42,1,0,0,0.3917155694477635,0.14396346643295266
28.08,59.14,1016.16,58.08,438.83,1,0,0,1.108135595721962,-1.124312212043221
21.05,61.87,1009.69,62.81,449.05,1,0,0,0.9657695120370583,-0.10564840617561942
14.47,48.14,1017.28,87.36,457.45,0,1,0,-1.3416366896148297,0.26976521762586375
8.05,38.38,1021.14,86.39,482.17,0,1,0,-2.5396441186436114,-0.23533757061146598
13.41,45.0,1022.31,76.29,475.9,0,1,0,-1.6212251987899169,-0.867455461333393
8.9,41.4,1030.83,85.63,472.95,0,1,0,-2.977116461128981,-1.3110901322339583
18.83,48.98,1016.33,74.23,453.28,0,1,0,-0.5368744921895418,-0.3276852808909481
24.17,48.78,1018.08,75.14,440.96,0,0,0,-0.24803432317486498,-0.5093392455506398
26.73,49.02,1007.75,67.73,438.17,1,0,0,0.8717402964002532,0.21726424791220472
21.54,58.41,1013.99,86.34,450.69,1,0,0,-0.054355536424098086,0.6097364738068862
26.12,63.31,1013.97,51.6,439.77,1,0,0,1.448848691375566,-1.1734289278557803
21.73,50.32,1008.51,84.62,442.1,1,1,0,0.023205430341982983,1.0511297003150537
28.28,61.47,1009.44,60.89,443.12,1,0,0,1.6120912250846187,-0.23017366924041993
25.61,60.32,1015.77,56.48,443.96,1,0,0,1.024692553557016,-1.1380712693146637
25.28,70.32,1006.91,81.74,431.43,1,0,0,1.3823227883988747,1.213496291922964
23.88,67.9,1005.99,67.58,446.34,1,0,0,1.5928134792161928,0.5726994709566927
34.6,64.96,1003.3,34.32,427.65,1,0,0,3.400498717085844,-0.9484554723559893
16.32,43.14,1014.72,70.43,465.38,0,1,0,-0.7924566845158618,-0.37846496658908557
23.56,67.79,1010.14,89.72,441.29,1,0,0,0.7000787712329988,1.2651735956813248
9.93,39.04,1023.78,77.08,480.54,0,1,0,-2.292084981009109,-1.0109530045686574
24.93,73.5,1011.28,83.09,437.35,1,0,0,1.1604260616632012,0.8353992122840904
28.11,70.98,1007.76,85.6,431.83,1,0,0,1.486184743955012,1.3062096701122907
29.2,64.84,1009.94,55.37,441.9,1,0,0,1.9467576975519012,-0.5487340296430412
8.66,41.01,1022.51,98.55,472.16,0,1,0,-2.7844981809741873,0.2602992111509844
9.35,41.03,1021.33,66.75,482.16,0,1,0,-1.8152540254171254,-1.257513949716169
23.04,64.27,1014.29,80.23,439.67,1,0,0,0.46701547778790214,0.2985862581449432
7.38,41.22,1016.47,96.29,485.73,0,1,0,-2.410041520775719,0.8116869980927734
25.09,65.46,1015.29,40.13,442.99,1,0,0,1.668353988472654,-1.884953907219268
5.47,38.68,1017.33,72.71,485.7,0,1,0,-2.12213720789596,-0.5067217439481465
26.11,69.84,1002.57,84.99,427.45,1,0,0,1.6406288085956098,1.8442800525968173
6.62,42.49,1008.74,94.57,482.74,0,1,0,-1.8448232966458027,1.5799438447960348
21.61,58.62,1017.61,76.07,449.11,1,0,0,-0.017755806011771305,-0.3133998796763263
29.97,70.32,1007.44,53.26,428.42,1,0,0,2.4774952388550284,-0.3465892543313086
28.79,70.79,1003.83,65.9,425.64,1,0,0,2.3166477764631876,0.7108757258346756
23.9,61.41,1011.95,67.87,451.99,1,0,0,0.8944162820071423,-0.11366004044302377
32.84,74.67,1015.89,31.81,430.88,1,0,0,2.890573273665357,-2.358582046539126
11.11,40.55,1023.91,87.12,476.37,0,1,0,-2.399335139738432,-0.5026719609814674
14.28,43.02,1012.97,49.44,467.83,0,0,0,-0.2983248133081286,-1.2586049389673877
19.94,61.87,1009.7,66.6,445.97,1,0,0,0.7744356635392897,0.09651301798652102
12.25,44.85,1014.13,85.25,470.92,0,1,0,-1.4000259507392616,0.49246732396109894
15.15,37.64,1014.37,89.82,463.98,0,1,0,-1.614328322907626,0.6243800507602286
9.08,40.46,1019.48,77.37,476.81,0,1,0,-2.0140522085743915,-0.5105568260720927
26.58,70.98,1008.96,77.36,434.41,1,0,0,1.4934096046614957,0.7606029858920224
19.31,60.07,1014.86,69.37,453.47,1,0,0,0.2189018242267333,-0.3324892114854937
33.3,80.18,1011.09,63.98,430.16,1,0,0,2.6580865670355793,-0.13388495972785006
9.33,42.49,1008.93,82.59,478.43,0,1,0,-1.3210537006244127,0.9222499881157546
26.96,65.34,1015.05,46.93,441.81,1,0,0,1.6560795802798864,-1.5215032583229697
16.72,44.34,1019.26,63.77,465.89,0,1,0,-0.8420275974923654,-1.2096766872548834
14.38,45.09,1012.95,86.1,464.27,0,1,0,-1.1554035341974116,0.6522070468722128
32.36,73.91,1003.88,59.84,431.92,1,0,0,2.903805162433421,0.3933122688602012
27.08,63.78,1015.04,50.8,447.24,1,0,0,1.4967609892486204,-1.3340040479902795
21.45,60.84,1017.86,82.8,444.99,0,0,0,-0.1259904089548127,0.025805243703005194
20.25,58.33,1013.25,68.92,448.93,1,0,0,0.3412963447152313,-0.20086502127087258
20.52,57.76,1017.03,81.19,453.64,0,0,0,-0.23988473249715753,0.014599796082448222
26.04,68.08,1010.82,75.58,430.32,1,0,0,1.2406865879454403,0.4465224312262508
18.42,60.1,1009.77,86.75,451.93,1,0,0,0.039632593799921734,1.1253023009687786
8.06,39.96,1024.23,94.48,476.03,0,1,0,-2.8912249974644917,-0.1414521569220233
28.8,74.9,1003.48,75.01,434.01,1,0,0,2.284486474774196,1.2523427807215424
23.34,73.5,1011.43,89.74,441.14,1,0,0,0.8451953209342649,1.1732502792510051
26.61,56.85,1012.48,48.84,437.26,1,0,0,1.378184786713428,-1.2090737811016152
29.24,74.67,1015.81,59.95,432.61,1,0,0,1.8635708418442538,-0.8724925403472825
12.65,44.0,1023.03,88.73,471.46,0,1,0,-2.1021978064509734,-0.3064713634977039
12.08,40.75,1015.84,86.9,476.84,0,1,0,-1.7545190726400615,0.35960484509637664
12.76,40.27,1006.58,49.34,474.03,0,0,0,-0.10675993962104409,-0.579798654201573
25.65,49.3,1003.73,68.48,440.05,1,0,0,1.0494188387702437,0.703311461878297
17.92,50.66,1012.62,93.0,456.84,0,0,0,-0.7754546357221237,1.0650425867827704
16.45,41.48,1016.64,45.21,454.69,0,0,0,-0.3267922148576994,-1.9038032176970783
22.22,59.14,1017.32,83.41,442.31,0,0,0,-0.11651182446641366,0.0971374939314953
18.56,42.28,1007.75,60.89,462.05,0,1,0,0.07899267863592178,-0.13433353949283222
19.69,56.65,1020.84,72.14,455.07,0,0,0,-0.38059843043018093,-0.8707220834463456
20.27,63.56,1014.24,86.55,446.93,1,0,0,0.04534697271980568,0.643519452143509
21.47,70.32,1011.72,88.36,440.0,1,0,0,0.5669390835502728,1.0575919302930403
10.1,41.58,1021.26,94.06,468.19,0,1,0,-2.4379655073084603,0.15934520532982854
29.36,68.94,1007.5,79.91,431.39,1,0,0,1.6658260896318215,1.01578781098825
18.62,59.15,1012.85,82.54,450.81,0,0,0,-0.08571833695904776,0.5635875877814398
20.55,63.86,1015.12,73.98,447.54,1,0,0,0.35015363255052,-0.10074104552560909
8.57,40.69,1020.87,84.15,485.18,0,1,0,-2.3179393295851307,-0.30653033089013704
14.45,43.71,1025.26,84.23,463.6,0,1,0,-2.000862849317043,-0.7962266673698835
31.17,70.98,1007.19,67.34,431.01,1,0,0,2.2547589332651667,0.40465506923048566
31.54,77.24,1008.23,70.19,431.27,1,0,0,2.4159147190386614,0.48645477921165653
14.19,43.71,1024.38,83.03,467.8,0,1,0,-1.9309695339358273,-0.7605892650202856
29.35,69.04,1008.55,61.78,445.04,1,0,0,2.0715771242492456,-0.03365744179097723
29.63,69.59,1008.3,72.53,438.64,1,0,0,1.8550731027955203,0.5510690371024951
11.21,44.03,1007.95,93.03,471.79,0,1,0,-1.3039812374498168,1.5674960692819515
13.74,41.16,1010.74,87.69,473.19,0,1,0,-1.2723720342681661,0.947632186261929
25.53,59.57,1010.65,82.04,445.59,1,0,0,0.6661835504641355,0.733477662965552
31.67,69.89,1013.88,39.33,426.35,1,0,0,2.5237932373619323,-1.782010476330142
26.63,74.22,1007.44,78.5,434.25,1,0,0,1.7142232555860142,1.0107102020261771
24.66,58.86,1013.86,56.39,444.42,1,0,0,1.0144831855467982,-0.9400288612830845
20.12,45.09,1013.73,57.78,448.35,0,0,0,0.005207414017571364,-0.9340120240938088
9.52,39.61,1021.18,73.78,478.79,0,1,0,-2.037302272600016,-0.890844501211753
13.65,41.58,1020.56,72.17,460.8,0,1,0,-1.5252300247306045,-0.9188088950078834
25.44,66.54,1011.9,56.76,437.99,1,0,0,1.5414206545387727,-0.6509909199527
12.41,41.16,1017.45,93.64,464.08,0,1,0,-1.9950930024374622,0.5333235354644215
14.05,41.39,1019.06,68.54,472.19,0,1,0,-1.3034713162969414,-0.9471600869383443
24.94,63.94,1012.72,73.71,438.55,1,0,0,0.8866978145520892,0.11727821349737379
6.08,35.79,1011.08,90.59,483.08,0,1,0,-2.240319814167528,1.069412911495142
28.84,75.6,1018.41,53.96,442.69,1,0,0,1.8508222935110774,-1.4545983444568413
7.51,43.02,1014.35,86.46,485.38,0,1,0,-1.9185501015905264,0.548627983996351
23.88,69.94,1007.48,61.0,440.63,1,0,0,1.7531117414665551,0.08719728410344653
31.88,66.44,1009.25,64.06,427.83,1,0,0,2.058462717780266,-0.030392640970558375
28.27,66.56,1007.36,55.99,433.52,1,0,0,2.105526360675021,-0.21560923097189588
23.96,51.3,1011.81,71.81,451.11,1,0,0,0.36022215080463754,0.023146261837300945
22.44,63.47,1012.02,91.08,444.65,1,0,0,0.2534640123665235,1.1035487053047288
14.01,38.91,1015.86,69.24,470.1,0,1,0,-1.2162374952009023,-0.5823126355737931
29.17,64.79,1016.43,61.05,441.2,1,0,0,1.3511845212391378,-0.9623136777092254
14.53,39.0,1016.48,76.36,464.86,0,1,0,-1.3976722268698367,-0.28506158297730516
31.42,70.17,999.3,61.22,430.78,1,0,0,2.9375195308771733,0.9395185415400498
23.64,58.49,1011.4,74.2,445.75,1,0,0,0.6163068040269937,0.2512773971073238
26.25,52.09,1013.2,53.12,450.53,1,0,0,0.9776821908247466,-1.1023856497256614
6.72,39.85,1011.84,84.66,489.09,0,1,0,-1.9053549164156955,0.7088481552574009
21.9,63.13,1011.54,81.83,447.4,1,0,0,0.4683399243207334,0.6792121279796697
20.11,51.19,1007.82,92.06,449.03,0,1,0,-0.21951906858865244,1.528437074957917
29.22,73.18,1012.22,64.91,430.57,1,0,0,1.9113744346536843,-0.2374137379809591
31.25,69.51,1010.25,36.83,428.77,1,0,0,2.7851840775730934,-1.5160393449238472
8.13,39.99,1011.71,87.89,486.19,0,1,0,-1.858345372932315,0.8812512529021371
22.35,66.44,1011.19,65.41,445.27,1,0,0,1.1043462006380023,-0.1068069883369722
13.87,38.01,1022.61,84.22,473.39,0,1,0,-2.119108524566462,-0.5501654487055017
9.27,36.3,1026.93,72.13,479.66,0,1,0,-2.5527716531257036,-1.6270357919897427
17.32,45.0,1022.19,40.45,469.38,0,1,0,-0.35379290018548964,-2.7314147491411545
13.2,45.01,1013.96,78.78,466.71,0,1,0,-1.1339046563376112,0.17174831275055252
15.83,45.01,1013.39,81.9,460.22,0,1,0,-0.9595002353472625,0.3769156865883852
9.44,41.4,1027.64,86.22,473.94,0,1,0,-2.7304790026494135,-0.9369966867138457
26.17,48.92,1009.87,34.43,440.09,1,0,0,1.5467348486187245,-1.7297150482748394
16.37,44.0,1024.61,78.26,460.14,0,1,0,-1.6292897570764329,-1.0444508146798217
10.74,40.05,1015.45,87.33,477.93,0,1,0,-1.8806277037054546,0.4277841591122183
15.45,45.0,1023.63,70.74,469.54,0,1,0,-1.3978171378956257,-1.3116432498556951
28.54,76.86,1000.09,74.67,433.35,1,0,0,2.5894451777000347,1.6214529057579703
23.29,62.91,1013.35,68.25,444.61,1,0,0,0.8048240166851219,-0.2302215403019988
21.04,50.32,1008.41,90.19,446.33,0,1,0,-0.17247648494085993,1.3542940756059911
23.56,60.77,1017.93,76.34,443.13,1,0,0,0.20910947698684373,-0.3303067938754437
13.12,39.18,1023.11,64.33,471.44,0,1,0,-1.6437722260466494,-1.6169158082604775
26.03,70.32,1008.81,71.35,438.15,1,0,0,1.5861892247061011,0.46509841616303577
10.15,43.41,1018.4,82.07,473.43,0,1,0,-1.8448605912874478,-0.13386949267006443
25.87,59.43,1008.34,65.83,440.26,1,0,0,1.2691447697971523,0.14466402890729335
23.1,72.99,1008.85,90.54,440.46,1,0,0,0.9578933684112751,1.4929906421524963
22.35,63.94,1010.32,93.02,443.9,1,0,0,0.3319643322765829,1.393199611175176
23.46,47.01,1014.41,69.19,457.76,1,0,0,0.021016460834260883,-0.42634104518351834
29.76,73.56,1008.07,84.85,432.51,1,0,0,1.7345823500534148,1.2432455091389358
23.45,66.25,1009.1,90.28,443.44,1,0,0,0.6793741563821284,1.3956652977763022
33.18,72.29,1009.51,58.35,435.26,1,0,0,2.5551601906179453,-0.3152509767442131
28.85,66.54,1010.73,43.27,437.79,1,0,0,2.2551445218766353,-1.2433491679659745
25.37,66.75,1017.94,79.26,434.16,1,0,0,0.5451667473439608,-0.14484238200363586
7.38,44.71,1020.27,70.55,486.91,0,1,0,-1.8426355436779327,-0.9028173373400913
10.9,41.46,1016.66,86.2,479.45,0,1,0,-1.8582232366257523,0.24796693105262385
20.6,45.38,1014.93,75.78,460.24,0,0,0,-0.49455810160393027,-0.13632519841870522
13.43,40.1,1015.82,87.9,471.77,0,1,0,-1.6965192425618782,0.3989496406572044
24.73,71.14,1009.07,68.87,437.55,1,0,0,1.562122551791136,0.32424259400503413
24.36,68.61,1010.27,63.78,448.71,1,0,0,1.4712337436127962,-0.0870443268961291
24.62,72.24,1011.39,83.94,432.13,1,0,0,1.0495772979916642,0.8592741289754569
10.87,37.5,1011.43,95.56,474.07,0,1,0,-1.9233094075306083,1.2689376366251781
24.82,59.27,1012.76,72.34,444.81,1,0,0,0.7039720881775948,0.00539681142902995
25.31,49.82,1014.62,62.15,453.05,1,0,0,0.46724295518150655,-0.8026646259019793
18.77,52.08,1004.02,99.86,449.62,0,1,0,-0.2356279763805637,2.3611909604197394
21.5,61.5,1008.43,78.13,447.83,1,0,0,0.672175832027777,0.8164084893339967
10.07,41.39,1019.89,70.53,480.54,0,1,0,-1.7405555005646571,-0.9075983482293887
27.92,68.3,1015.02,51.04,437.28,1,0,0,1.7604643638279536,-1.288766346579554
24.96,65.18,1012.68,76.19,436.24,1,0,0,0.8809407833120733,0.2595198298433791
20.67,70.02,1010.42,94.09,448.75,1,0,0,0.42658306002381946,1.4980061324123535
29.13,70.72,1009.61,67.49,436.9,1,0,0,1.906012607817984,0.16075664493332095
24.47,75.23,1012.43,75.25,441.07,1,0,0,1.325195060828085,0.3225117319759824
16.16,25.88,1009.58,72.24,461.86,0,1,2,-1.2634980271930647,0.136678848071072
21.32,59.8,1016.26,76.26,452.7,1,0,0,0.09740714813098936,-0.1451180552570995
20.32,39.72,1002.0,51.71,458.8,1,0,0,0.7432906666348565,-0.01486248315553084
24.32,71.14,1011.71,71.65,435.34,1,0,0,1.2756510869139948,0.18312700503421492
4.77,39.33,1011.32,68.98,494.91,0,1,0,-1.6440430705598879,-0.03491055027361855
20.87,63.31,1012.27,79.51,446.7,1,0,0,0.40211736684245414,0.4884435806300608
28.17,63.13,1012.44,66.61,439.94,1,0,0,1.322199205443453,-0.24738070941364373
29.64,69.51,1012.13,44.65,428.69,1,0,0,2.319783134259473,-1.3060082922954563
25.25,62.91,1012.51,62.64,443.14,1,0,0,1.1704594122441145,-0.44178230816211084
22.25,60.77,1017.8,82.19,444.05,1,0,0,-0.04301663760996897,-0.005184345804179693
22.49,71.29,1008.24,75.8,442.58,1,0,0,1.2593529876475411,0.7888997562272764
29.16,73.17,1010.96,67.77,429.06,1,0,0,1.9171500100201062,0.047755899609089
14.49,44.84,1024.09,86.55,465.72,0,1,0,-1.9285978717442664,-0.540235118073101
11.95,41.48,1013.44,74.83,465.41,0,1,0,-1.2540391772839496,0.00454504211600352
26.99,72.99,1008.0,76.1,430.81,1,0,0,1.7142426411994751,0.8134659965280556
26.36,73.68,1013.99,86.44,430.39,1,0,0,1.0140913519810475,0.7049675313642643
9.91,39.64,1010.57,75.82,478.63,0,1,0,-1.3337387962165799,0.3672546408549923
23.94,51.95,1008.61,73.42,448.67,1,0,0,0.5633247687053191,0.46004999540009567
22.84,59.39,1014.61,80.36,443.71,1,0,0,0.21014226149785098,0.2325142596351262
13.64,44.88,1019.85,56.86,466.66,0,1,0,-0.9320931662314238,-1.6052633558738993
20.01,43.77,1012.13,65.53,455.66,0,0,0,-0.15549983308558318,-0.3695784181339656
18.58,44.6,1016.61,48.15,459.06,0,0,0,-0.08821196376470954,-1.7381750713537032
25.69,72.43,1006.86,86.38,429.99,1,0,0,1.3913511790328428,1.4726841248590452
26.98,72.58,1008.55,78.5,431.12,1,0,0,1.595129394675114,0.8742530980922325
13.73,45.08,1023.55,81.64,470.35,0,1,0,-1.815626244201246,-0.7278029447513356
28.67,69.14,1008.24,72.68,433.79,1,0,0,1.7561688485243152,0.5682802406276228
29.22,75.23,1010.49,48.73,438.57,1,0,0,2.5425004484497236,-0.8678645247489751
25.67,74.78,1010.24,68.87,440.48,1,0,0,1.7204224096769511,0.21975242519897326
22.67,62.52,1016.47,65.63,449.34,1,0,0,0.5922072177149631,-0.704091045555632
16.44,44.0,1024.48,76.51,460.33,0,1,0,-1.5689200625716533,-1.1211220039501641
23.26,59.14,1016.98,76.29,440.37,1,0,0,0.1785588100986828,-0.2405333874569918
21.14,58.05,1012.98,87.27,449.74,1,0,0,-0.058685091057808295,0.7675502162703133
31.68,73.68,1014.85,64.0,431.11,1,0,0,1.9809328859261537,-0.5835257651042443
8.8,41.26,1008.08,96.52,479.74,0,1,0,-1.7250802893270267,1.7276736661191314
18.13,49.39,1021.29,82.52,458.53,0,0,0,-1.1313574250742684,-0.4316510394878652
22.68,59.54,1004.32,95.44,437.96,1,0,0,0.5110373302489709,2.1337120162179173
14.56,40.69,1015.48,73.73,469.31,0,1,0,-1.1837851046650074,-0.2985535983474377
29.28,75.08,1005.21,59.0,436.15,1,0,0,2.6324497275459455,0.23560557999049636
14.0,43.34,1016.37,85.51,463.99,0,1,0,-1.48167079472998,0.2378818919396643
23.76,74.22,1009.2,92.98,437.47,1,0,0,0.9789752309114002,1.586251110872031
20.98,60.1,1011.07,79.44,450.95,1,0,0,0.35331377124828256,0.5888757566343961
27.61,59.54,1005.84,71.27,437.85,1,0,0,1.445899113490836,0.6867088438856224
8.86,40.8,1028.18,91.0,483.36,0,1,0,-2.966524889601102,-0.7498846044137548
25.64,63.87,1017.14,49.25,444.34,1,0,0,1.2792069854918509,-1.6321073181822772
13.5,41.44,1015.72,68.36,471.34,0,1,0,-1.114247250342263,-0.58863736696049
33.94,74.67,1015.94,28.16,427.98,1,0,0,3.0733328027024704,-2.5599800969354627
11.72,39.18,1024.19,68.53,468.98,0,1,0,-1.9427048831395568,-1.5081061353486007
28.61,69.75,1009.82,71.7,440.53,1,0,0,1.6959992127441499,0.3509810154167713
20.11,57.25,1010.36,88.89,451.95,1,0,0,-0.04267711425769806,1.137041542168828
30.61,67.69,1004.97,47.46,429.8,1,0,0,2.734322529912479,-0.4026527638830071
22.04,58.05,1013.11,85.22,447.28,1,0,0,0.06030344070235931,0.6414114788070648
27.62,67.51,1012.38,60.25,442.13,1,0,0,1.6401950487446346,-0.5301561632539776
24.09,63.94,1017.59,51.02,442.92,1,0,0,1.0774296580993863,-1.5785687818537577
23.22,63.07,1012.91,77.59,446.62,1,0,0,0.5920357817341992,0.3016478111038356
16.2,65.46,1013.97,89.84,451.86,0,0,0,-0.2743726980327359,0.8858823948920237
9.7,40.11,1026.61,75.48,473.97,0,1,0,-2.415025293393043,-1.391492463508005
22.85,60.29,1017.29,61.92,448.58,1,0,0,0.5497868714978762,-1.0041002403271653
31.18,69.04,1008.19,49.72,441.26,1,0,0,2.562302131369867,-0.6295855324742056
15.43,39.64,1008.58,87.99,464.05,0,1,0,-1.0604761902184001,1.1745075998930037
24.57,49.5,1014.22,56.31,455.72,1,0,0,0.5719326887515445,-1.0581360263300337
9.52,40.96,1023.48,86.49,483.59,0,1,0,-2.4667138362670054,-0.4742127782104033
26.38,66.49,1013.89,43.06,442.38,1,0,0,1.839122053960107,-1.5817739882003183
26.32,69.71,1009.39,67.05,441.25,1,0,0,1.6560511300259344,0.17305787926034719
25.92,50.16,1003.95,71.3,440.98,1,0,0,1.020931827366219,0.8300287062279321
12.19,40.05,1014.77,84.39,473.92,0,1,0,-1.6377639738395025,0.34013131683448616
19.79,44.9,1008.66,72.68,455.59,0,1,0,-0.0740995330980491,0.3879687667000721
9.76,41.01,1019.66,97.59,467.6,0,1,0,-2.4743173612711713,0.5135259180756235
16.74,41.16,1006.87,74.24,463.0,0,1,0,-0.4094554811913406,0.6541128961575639
11.34,41.54,1020.25,75.83,477.24,0,1,0,-1.7921579766994526,-0.6806409516252092
25.9,47.45,1007.8,55.96,443.13,1,0,0,1.0381676539031734,-0.4028042624564431
16.63,43.77,1012.25,75.09,458.66,0,1,0,-0.6924672039909575,0.13400363375121951
17.45,50.9,1012.16,83.8,458.67,0,0,0,-0.5318998656642833,0.645303454534965
23.34,45.61,1012.73,74.09,455.82,0,0,0,-0.06411597392747763,-0.0009100035251893518
24.41,58.59,1012.62,64.52,442.64,1,0,0,0.8540402796820729,-0.38575896349337646
12.31,44.78,1011.15,77.34,468.29,0,1,0,-0.9882968069852454,0.40758300214299165
10.35,37.14,1013.37,69.26,472.63,0,1,0,-1.4271209271655467,-0.29942253000316144
33.43,66.44,1010.29,53.45,433.01,1,0,0,2.392739708910062,-0.7019787676357618
5.64,40.62,1015.76,85.98,483.17,0,1,0,-2.2622933808858745,0.36377268180175504
24.8,61.02,1009.86,71.75,438.96,1,0,0,0.9926070143587429,0.30491825381976484
24.33,46.93,1013.72,48.27,447.43,1,0,0,0.6829973091412471,-1.4378390301098758
14.87,38.28,1014.65,80.24,467.29,0,1,0,-1.3779773955924164,0.10637628211664715
7.66,41.92,1031.96,82.48,485.11,0,1,0,-3.051263812266238,-1.5840869680565886
27.61,69.68,1012.79,77.01,438.31,1,0,0,1.2691351631962715,0.30801894432814864
23.4,72.99,1009.48,88.82,438.51,1,0,0,0.9846480557453396,1.333548952418715
13.98,44.58,1016.48,77.59,473.01,0,1,0,-1.2291943642405607,-0.17285517946507528
18.12,58.95,1017.82,86.16,449.28,0,0,0,-0.5692383257049545,0.211155122189005
17.12,48.6,1007.38,79.15,454.47,0,1,0,-0.21314567072072357,0.9094065003627325
9.56,44.71,1021.13,64.6,487.92,0,1,0,-1.5658585135762713,-1.318528244971401
24.85,58.05,1011.5,70.12,444.53,1,0,0,0.7965738619929527,0.017940010623656973
11.63,41.5,1013.6,87.11,477.3,0,1,0,-1.6113651404335927,0.6234507868895721
17.19,43.14,1014.34,68.62,464.72,0,0,0,-0.6474453820167336,-0.4364801153721869
15.68,43.7,1015.09,58.96,470.29,0,1,0,-0.5460946219301893,-1.0020274339680029
23.64,69.94,1005.2,64.53,439.66,1,0,0,1.7965044468660645,0.519323672052209
10.19,44.63,1020.58,91.64,472.45,0,1,0,-2.1864698806596685,0.13239862138058334
27.71,70.32,1008.63,64.05,432.59,1,0,0,1.9278786880062604,0.09634127189057053
9.12,41.54,1018.61,79.26,482.95,0,1,0,-1.9532084815601438,-0.309831231386101
15.78,48.6,1007.24,84.23,460.86,0,1,0,-0.4469453178027754,1.1960699673308515
27.55,68.08,1011.42,60.71,432.59,1,0,0,1.7129776955562408,-0.3968145239911677
14.5,39.0,1017.04,75.75,465.32,0,1,0,-1.4223876241656361,-0.37732112389558636
23.88,51.95,1005.37,75.25,449.52,1,1,0,0.731446629791865,0.9077043003760118
25.01,66.56,1004.55,82.46,434.74,1,0,0,1.3363484345588843,1.479179129915572
22.36,58.79,1011.77,87.51,446.49,1,0,0,0.15085822786823105,0.9093090109331037
27.76,44.89,1009.4,50.15,442.83,1,0,0,1.1215568311181332,-0.910292260195375
9.95,43.56,1014.85,82.62,477.88,0,1,0,-1.6270981530724138,0.2836195484638184
17.48,58.95,1016.49,90.35,449.26,0,0,0,-0.6408749660236963,0.5766535185506314
17.35,47.83,1006.71,80.57,453.96,0,1,0,-0.21953765521886254,1.0478916008153163
12.82,43.5,1022.38,84.32,471.41,0,1,0,-1.9506584107539549,-0.4685640756508918
28.86,49.3,1003.93,52.85,435.75,1,0,0,1.7091529278875133,-0.14732577912857148
33.41,77.95,1010.3,59.72,432.9,1,0,0,2.7340256936782463,-0.2865159558523278
13.63,43.5,1022.12,84.32,468.28,0,1,0,-1.866077518394625,-0.4457899568250832
24.49,70.79,1005.51,88.65,430.54,1,0,0,1.2527235519375597,1.7318522461642993
25.58,63.47,1011.44,66.81,443.66,1,0,0,1.1863697075784243,-0.10774162293233032
24.25,74.93,1013.07,69.31,445.44,1,0,0,1.4053946933070847,-0.054748044368666794
9.59,38.56,1017.52,61.89,481.05,0,1,0,-1.5175931207001259,-1.115128825514491
23.27,64.15,1020.98,71.18,452.26,1,0,0,0.26108862323704457,-0.8995742805241941
23.09,70.47,1010.76,79.89,439.36,1,0,0,0.9940408863321892,0.7149748816371916
28.35,70.32,1009.22,47.13,427.21,1,0,0,2.382612866460275,-0.8457978240485833
19.62,68.63,1012.26,68.05,453.84,1,0,0,0.833639454596438,-0.050718655293885494
29.13,47.93,1002.5,49.1,435.61,1,0,0,1.8665206602716473,-0.19811048619565197
21.92,66.54,1012.49,79.82,443.03,1,0,0,0.6080875853519822,0.49933838405487496
12.52,40.24,1020.45,97.41,470.56,0,1,0,-2.3296201147653153,0.39315868499573403
18.17,52.08,1001.91,100.09,451.06,0,1,0,-0.14730662786735632,2.6068987728027246
27.5,65.59,1011.23,65.37,441.27,1,0,0,1.4902539256417056,-0.15526156053829104
14.48,39.0,1016.75,75.97,464.56,0,1,0,-1.4100158176338182,-0.33425171767081474
19.41,46.63,1013.23,86.28,452.6,0,0,0,-0.6961398692701871,0.6090510661082017
24.43,47.45,1007.68,65.18,446.45,1,0,0,0.6840926943147114,0.09630539242195076
25.45,63.76,1009.96,67.78,439.56,1,0,0,1.263980646689317,0.10670121812075024
10.07,39.66,1015.37,83.78,479.64,0,1,0,-1.8549030354586467,0.25465512904552157
18.85,48.06,1012.52,67.88,451.77,0,0,0,-0.1500993704808224,-0.2482357594686656
24.65,64.63,1020.52,53.45,446.04,1,0,0,0.8908145313025239,-1.7703981728200675
18.99,62.1,1020.0,76.76,453.09,0,0,0,-0.2615476822359748,-0.49206450885506503
8.8,39.42,1025.17,68.72,476.5,0,1,0,-2.2449096525461316,-1.5831139575193838
10.16,41.79,1021.35,52.4,472.75,0,1,0,-1.341276802546293,-1.9999506034242327
27.75,77.24,1007.48,78.37,433.57,1,0,0,1.940481927836593,1.016317476282364
23.43,61.47,1007.84,87.11,448.01,1,0,0,0.6357181835600525,1.3308284263449537
28.62,69.98,1013.3,68.53,432.11,1,0,0,1.552543808243948,-0.18978998649323567
15.82,43.34,1014.52,79.07,460.4,0,1,0,-1.0370430814017058,0.09439482452426429
22.61,44.05,1005.69,76.74,443.45,1,1,0,0.21757347956928536,0.8948293891610922
23.96,60.95,1015.01,65.24,446.4,1,0,0,0.7391902830693001,-0.5867230674638697
29.81,73.67,1005.6,60.91,430.67,1,0,0,2.537530303375493,0.2767714250568891
26.98,70.94,1007.99,68.16,434.73,1,0,0,1.8311969449131424,0.3881922768146276
7.64,41.17,1020.01,75.14,488.53,0,1,0,-2.079464315692982,-0.6678326728098948
20.07,42.23,1012.86,74.11,461.25,0,1,0,-0.4924164816636673,-0.018915517393051397
19.05,59.21,1017.99,89.53,451.0,0,0,0,-0.580667292420471,0.36236859961362744
26.27,58.33,1013.81,60.43,438.82,1,0,0,1.0218405635708476,-0.7412816523391882
22.45,57.76,1017.55,58.6,450.61,1,0,0,0.47425666906046804,-1.2214565041049468
26.52,73.21,1002.3,95.38,437.02,1,0,0,1.5699549859093844,2.4344255190766053
24.73,69.94,1006.09,59.15,439.86,1,0,0,1.9663763641610963,0.13722121528416475
26.11,70.36,1007.64,70.12,445.37,1,0,0,1.706463887978863,0.5287609826638535
10.87,38.38,1020.85,69.78,477.03,0,1,0,-1.8530843568727104,-1.0805539543464124
7.19,38.91,1016.53,88.61,486.05,0,1,0,-2.330973308714394,0.39135030552508265
14.91,39.28,1014.57,75.23,469.34,0,1,0,-1.1942173243732384,-0.13578260794081584
19.5,52.72,1025.21,50.21,457.26,0,1,0,-0.2944312632840809,-2.5090591983086834
22.96,68.61,1011.15,76.62,447.18,1,0,0,0.960165409429458,0.4895978556742347
29.74,56.9,1007.15,41.91,438.76,1,0,0,2.183200501719862,-1.0075079628728132
16.03,41.23,996.35,82.04,464.67,0,1,0,0.048430995309270045,2.2076221156592992
17.35,52.72,1026.31,58.01,463.65,0,1,0,-0.7507013951589191,-2.211445717489263
11.26,39.35,1015.47,99.28,471.83,0,1,0,-2.1821984760176236,1.0333570487088561
27.82,59.15,1012.74,42.78,442.0,1,0,0,1.720085376254183,-1.5399821712120727
28.15,71.94,1006.73,68.21,427.69,1,0,0,2.056450172031026,0.5280218373916956
14.66,42.77,1019.37,79.79,463.6,0,1,0,-1.5073892734309375,-0.3931612346165685
26.56,49.02,1007.65,70.78,438.82,1,0,0,0.7848274504422618,0.38677581823452756
15.49,42.07,1018.01,78.07,460.32,0,1,0,-1.332079709617288,-0.34519407189219703
29.29,73.18,1012.4,66.65,430.31,1,0,0,1.8594123576125774,-0.16765930813719523
21.69,57.17,1011.75,82.63,446.61,1,0,0,0.15301745940527534,0.6510756719464482
33.67,80.18,1010.83,60.87,431.99,1,0,0,2.7876183785775828,-0.2686643131065876
20.79,57.32,1012.47,70.09,446.18,1,0,0,0.36394173739033747,-0.06736130115295803
23.35,71.85,1009.32,73.48,441.28,1,0,0,1.3420167865755654,0.5501711099291908
27.01,43.77,1011.18,46.58,440.64,1,0,0,0.9822072065347047,-1.292301857870442
27.71,69.13,1001.63,51.45,432.54,1,0,0,2.681902157802796,0.19840730908829762
23.48,49.16,1002.7,70.22,445.72,1,0,0,0.8888960207642966,0.9189862952530063
17.77,43.72,1009.01,77.7,456.34,0,1,0,-0.4478876469828262,0.6133251634779413
22.24,69.23,1011.83,79.37,441.9,1,0,0,0.8098533698864603,0.5674479861178773
24.6,57.85,1012.92,69.56,447.09,1,0,0,0.6849438339187292,-0.16548174302847127
19.06,50.16,1011.36,99.64,449.74,0,1,0,-0.7910130690792622,1.5332160330206108
14.56,47.45,1009.52,91.14,451.95,0,1,0,-0.9343504169727233,1.303640981895965
26.62,71.73,1009.32,80.1,431.93,1,0,0,1.4336350591638178,0.8686324764721236
23.03,59.04,1011.85,81.24,444.85,1,0,0,0.37556672569840305,0.5743337736036411
13.73,41.92,1031.01,64.92,466.29,0,1,0,-2.0266380243686464,-2.428694708754033
13.79,42.07,1018.27,88.06,462.25,0,1,0,-1.7511662298327537,0.15386589524695926
23.46,73.18,1012.07,88.14,438.62,1,0,0,0.8391675538928767,1.0175672630679773
19.58,52.9,1017.46,64.64,458.28,0,0,0,-0.12858930533131221,-0.9193690557008074
12.76,43.7,1015.13,65.34,475.73,0,1,0,-0.9565445687784522,-0.6570517184519309
6.93,43.13,1018.61,88.31,486.94,0,1,0,-2.300348164460537,0.18516340357096311
10.63,39.61,1020.0,72.42,476.99,0,1,0,-1.8296993933546266,-0.8401643578454148
17.46,39.99,1008.52,69.73,461.01,0,1,0,-0.39625427008146574,0.22728163641806814
6.15,40.77,1022.42,88.57,482.49,0,1,0,-2.735324517011847,-0.2299221431896894
6.9,44.71,1019.7,71.21,486.3,0,1,0,-1.8606387217861815,-0.803403072514235
25.77,59.39,1014.76,69.99,438.64,1,0,0,0.7127262797378304,-0.33920823042445564
27.86,63.07,1011.11,56.81,440.48,1,0,0,1.640725887473078,-0.6068812499051626
7.91,41.79,1021.86,54.92,479.02,0,1,0,-1.627604941044521,-1.9100056707416269
22.35,63.47,1013.21,82.52,440.11,1,0,0,0.3885856187965229,0.5326713458650838
17.65,62.1,1019.63,84.3,452.2,0,0,0,-0.5439486533715225,-0.053356662764495015
16.96,52.9,1019.61,81.86,460.2,0,0,0,-0.9413908651200062,-0.24654116288009814
18.71,53.16,1013.26,82.64,455.7,0,0,0,-0.3729461707513785,0.47524511825730753
24.22,61.86,1013.39,80.11,442.65,1,0,0,0.5226506037460584,0.36290673359975567
23.61,59.39,1015.11,78.84,438.08,1,0,0,0.2793261085502126,0.09434090303736441
14.01,45.08,1023.28,82.49,464.79,0,1,0,-1.7963193948055902,-0.6564358990627128
31.33,76.86,997.85,64.43,431.44,1,0,0,3.2400201669654782,1.3176186123344176
12.86,44.77,1018.75,74.73,468.43,0,1,0,-1.3932863185521807,-0.5584800247317961
16.4,38.01,1022.2,73.05,463.79,0,1,0,-1.5904553730908098,-1.0994843965332362
22.49,58.82,1009.73,85.19,444.11,1,0,0,0.36261557762258084,1.0110005212580984
23.75,61.5,1008.16,69.14,442.35,1,0,0,1.1112084846754084,0.3663063590294796
28.92,66.51,1015.5,34.51,439.09,1,0,0,2.163301711646196,-2.2156725895817573
13.64,43.71,1024.41,84.46,468.85,0,1,0,-2.0157773256458467,-0.6862712108988945
28.52,57.82,1004.81,57.82,435.4,1,0,0,1.8668584772918198,0.084399228016676
24.79,59.21,1017.9,53.83,446.04,1,0,0,0.832103826643867,-1.5101328058180357
24.27,60.37,1005.13,77.16,437.78,1,0,0,1.1013141233313757,1.0976017813068337
31.59,62.7,1009.3,50.16,442.58,1,0,0,2.2294466524233347,-0.7815956351676938
23.25,51.86,1013.54,78.34,450.22,1,0,0,0.037729412738829834,0.18127194106897165
22.1,58.33,1013.71,69.09,441.31,1,0,0,0.4581858433645111,-0.2548128307742598
24.97,54.2,1012.68,74.25,439.71,1,0,0,0.4483677430568374,0.07085040360407388
11.96,43.41,1017.42,79.44,469.34,0,1,0,-1.5599310585027355,-0.1753140778246098
35.03,68.27,1006.55,43.82,426.22,1,0,0,3.1121036130118935,-0.7881310323181645
17.97,65.94,1012.92,88.22,448.88,1,0,0,0.006798040164521706,0.9083422720917192
24.24,70.32,1009.38,82.83,436.45,1,0,0,1.0996044409867192,1.0079450490595654
5.04,40.64,1021.35,93.63,484.42,0,1,0,-2.891944923069018,0.15434735168103741
17.18,40.55,1000.47,72.03,461.73,0,0,0,0.09404915780650043,1.2289212497918476
11.24,25.36,1009.26,97.47,469.92,0,1,1,-2.3299717207483717,1.5034951438991786
32.69,72.86,1003.57,56.84,431.76,1,0,0,2.9842769644071545,0.26147127652642266
27.6,73.42,1011.91,83.66,431.44,1,0,0,1.3194262397326175,0.7773457161676296
7.5,38.06,1021.96,83.45,485.98,0,1,0,-2.5782280299089226,-0.4752210623023576
22.15,43.77,1010.81,60.08,448.46,1,0,0,0.25353623601417324,-0.5218469451932097
18.18,44.63,1020.41,48.64,455.57,0,1,0,-0.3917809912783638,-2.123642341717933
17.19,37.2,1011.84,67.59,468.4,0,1,0,-0.7119739572179195,-0.265306271132685
10.42,43.79,1016.22,90.75,474.79,0,1,0,-1.8840123394464594,0.5528241094623257
12.74,49.83,1007.44,91.47,466.09,0,1,0,-0.8464516735822929,1.5787519148415565
27.43,56.85,1011.86,36.76,436.64,1,0,0,1.8037962133087377,-1.7708250893604267
23.68,68.12,1011.18,72.45,441.54,1,0,0,1.1049091521254204,0.2621807397801216
13.83,42.86,1030.77,75.09,470.21,0,1,0,-2.2263299841689084,-1.8706293040892152
16.58,41.93,1022.36,45.24,466.61,0,1,0,-0.6869792269118717,-2.5223041271542077
13.41,45.0,1021.65,45.24,478.96,0,1,0,-0.7648635009498472,-2.398612007982202
16.61,50.9,1013.18,85.26,460.35,0,0,0,-0.7089225550443067,0.6153618176106203
3.99,39.9,1009.74,96.81,490.91,0,1,0,-2.302794910587257,1.5838163514932522
23.39,63.21,1011.91,84.57,448.3,1,0,0,0.49802272539868697,0.7708487574669113
14.42,41.16,1004.32,88.42,467.25,0,1,0,-0.7976258698067225,1.6796751143994266
7.11,43.13,1018.96,87.82,486.11,0,1,0,-2.296549349422143,0.12052879562233111
13.7,45.64,1019.18,92.66,467.9,0,1,0,-1.7834417063302552,0.32164176846186154
24.43,65.18,1012.57,77.83,437.26,1,0,0,0.8018410242269012,0.3597859116616472
27.39,69.14,1008.82,78.35,435.22,1,0,0,1.4628166983281488,0.8066009724854265
26.94,62.91,1011.68,41.3,449.1,1,0,0,1.9241673436294222,-1.4646788541039897
19.09,42.44,1012.93,63.59,461.84,0,0,0,-0.29391920039483826,-0.5612649954381742
15.46,44.6,1017.7,68.2,459.62,0,1,0,-0.943964765133942,-0.8004152295959953
31.94,74.99,1002.05,34.12,440.17,1,0,0,3.713606405052778,-0.7237154286828713
10.58,41.49,1020.43,91.9,473.19,0,1,0,-2.28928605960679,0.1341957798493657
19.95,58.46,1017.45,89.46,447.1,0,0,0,-0.5008057637316846,0.40535863259719457
5.82,40.62,1016.79,85.04,482.67,0,1,0,-2.293096049357191,0.20186842116978332
12.72,44.9,1007.6,71.8,463.49,0,1,0,-0.562372279588633,0.5062544806653504
14.87,54.3,1017.17,71.57,462.87,0,1,0,-0.6169298299962224,-0.48656119944355725
29.17,67.45,1014.1,46.85,435.08,1,0,0,1.9983715789245224,-1.4203022884291754
14.13,43.7,1015.94,80.89,469.28,0,1,0,-1.305028172059317,0.0481948784260643
22.67,60.77,1017.56,79.43,444.43,1,0,0,0.08013265658267664,-0.12441347085291764
28.01,64.69,1007.61,58.45,440.23,1,0,0,1.9202948622847018,-0.1291131893541172
30.93,70.83,1010.61,46.13,440.59,1,0,0,2.5494079516220447,-1.0622860158542728
23.01,66.54,1009.86,64.53,442.47,1,0,0,1.2769000667223627,-0.011133959085148517
32.53,77.95,1014.76,58.1,434.44,1,0,0,2.399655687881763,-0.8497380644274837
26.57,44.57,1007.76,50.39,445.49,1,0,0,1.114768568529653,-0.7137876120196119
11.64,40.1,1015.5,87.05,477.2,0,1,0,-1.8002322957269081,0.40213815813719656
16.31,42.28,1007.45,77.77,466.49,0,1,0,-0.5273519577878307,0.7851660214437921
20.03,45.01,1012.73,56.89,460.11,1,0,0,0.08568557448295172,-0.8711107605382309
20.79,65.59,1014.9,77.0,450.3,1,0,0,0.3823192813602421,0.09142112369672208
17.3,42.24,1017.07,64.52,469.21,0,1,0,-0.7570326352712029,-0.9533906313184233
25.86,61.08,1013.51,67.5,449.67,1,0,0,0.9449515485474369,-0.3186627459037483
9.8,41.82,1032.98,67.55,473.72,0,1,0,-2.5584498431304845,-2.4813606036919333
25.42,75.6,1017.39,77.63,438.24,1,0,0,1.0195681050122865,-0.09816512074744736
28.75,77.24,1008.92,77.17,433.03,1,0,0,1.9562009339070572,0.7907472623930807
18.58,46.97,1014.25,74.09,454.26,0,1,0,-0.5006601192476696,-0.12292790457938811
22.56,70.79,1005.85,93.09,435.14,1,0,0,0.9542259555527571,1.9372438777101701
23.05,48.98,1015.64,49.33,446.05,1,0,0,0.5091329660037522,-1.5669030535470467
26.78,52.3,1008.52,61.23,441.21,1,0,0,1.1378322184918004,-0.1760684261269161
10.13,39.18,1024.09,85.48,479.42,0,1,0,-2.5100397637975727,-0.61127790154565
31.97,69.04,1008.5,47.69,441.18,1,0,0,2.659417120834064,-0.7735383225260258
8.95,36.18,1014.08,76.94,478.07,0,1,0,-1.8340886691930283,0.021601140214245283
7.57,39.61,1018.66,85.73,480.86,0,1,0,-2.3387073976252113,0.013795242524087157
25.97,43.21,1011.9,88.73,434.83,0,1,-1,-0.27882617810472393,0.8079759870407489
24.56,60.27,1017.63,74.5,440.31,1,0,0,0.3381360554685943,-0.403496819843511
30.71,64.05,1011.75,62.81,438.42,1,0,0,1.7187439462891259,-0.3783807112259382
13.8,39.39,1013.85,81.95,471.7,0,1,0,-1.4074957592412793,0.2980132766523955
20.21,58.12,1015.36,79.18,453.19,0,0,0,-0.08322046970071396,0.09767502243938207
16.77,45.01,1013.47,81.42,458.22,0,1,0,-0.8748269097370451,0.33700188050817276
29.18,71.43,1011.65,59.49,443.75,1,0,0,2.011408448045067,-0.46899398315715324
17.86,52.9,1015.71,67.99,457.42,0,1,0,-0.2387814299815756,-0.5441290959184886
4.24,39.9,1009.28,96.74,491.25,0,1,0,-2.248970087667165,1.6285785445731944
24.11,59.27,1011.02,78.18,444.35,1,0,0,0.611394451879306,0.5011982117103113
15.5,40.12,1012.79,96.75,460.41,0,1,0,-1.5494682804629836,1.1717683519728463
9.62,41.01,1019.43,97.99,467.34,0,1,0,-2.4806441656738487,0.5601753538526996
5.05,35.57,1027.03,80.02,491.4,0,1,0,-3.1462524718803655,-1.2076340443700662
26.81,71.29,1009.65,80.69,434.48,1,0,0,1.3920024319049407,0.8583199758183249
15.68,39.16,1006.09,75.62,461.98,0,1,0,-0.5680042350354186,0.8014157854157417
21.85,63.86,1020.16,68.84,445.62,1,0,0,0.24815211271032234,-0.9237345548334016
30.98,67.45,1015.18,45.4,433.59,1,0,0,2.112021910615453,-1.625117246630308
30.14,67.69,1006.54,57.05,426.91,1,0,0,2.3378967805814668,-0.07527870630166565
29.89,71.29,1009.0,55.72,431.45,1,0,0,2.343019947859403,-0.3810777486362858
29.42,56.9,1006.51,53.6,439.51,1,0,0,1.8949516463318454,-0.33212023883767783
26.6,61.02,1010.26,66.16,436.19,1,0,0,1.2599743509904457,-0.03952638318645645
19.64,48.06,1014.81,74.96,455.27,0,1,0,-0.4260275571176188,-0.13744698702230557
13.16,54.3,1017.33,82.43,468.4,0,0,0,-1.0527579079952674,0.06837040317694189
33.17,70.4,1004.45,58.0,430.14,1,0,0,2.8251291398637397,0.2024501304212145
16.14,44.71,1014.83,39.41,468.88,0,0,0,0.06498715963098319,-1.9780329801954548
25.34,71.06,1007.74,92.52,434.86,1,0,0,1.0816223414090969,1.685216184176398
21.12,63.56,1014.16,81.42,445.9,1,0,0,0.2550090535426306,0.3815758956194856
13.41,39.35,1015.1,79.32,471.85,0,1,0,-1.4579456904913346,0.02847850626327162
13.38,40.12,1013.92,96.96,468.15,0,1,0,-1.806973989285687,1.0740620171352648
17.27,43.52,1021.37,76.73,460.08,0,1,0,-1.3152951484282827,-0.7806886982778061
16.69,46.18,1010.8,96.8,466.03,0,1,0,-1.0497069597811968,1.431701458977523
7.8,39.04,1018.46,66.5,482.31,0,1,0,-1.8287215332715299,-0.9633779590677829
27.14,75.23,1011.47,63.14,439.33,1,0,0,1.9274638089995155,-0.2164097980340238
21.08,44.05,1008.13,72.52,449.6,0,1,0,0.03521252799921838,0.42175339308405524
32.23,69.13,1000.61,55.1,426.9,1,0,0,3.029131539242404,0.4670189058676054
13.48,40.73,1017.59,94.81,463.6,0,1,0,-1.9658545943109227,0.5677095425619788
10.45,40.0,1019.01,89.01,465.43,0,1,0,-2.193378055201614,0.12848785567600907
25.43,70.17,1000.46,87.84,436.43,1,0,0,1.6684334408647634,2.2284552294698643
7.09,39.37,1020.07,73.26,487.0,0,1,0,-2.159183503856525,-0.7821653067655966
31.24,74.22,1007.74,48.77,430.44,1,0,0,2.8511371196674413,-0.588320311961106
21.92,61.87,1009.68,58.83,445.52,1,0,0,1.1422593867961768,-0.3159791421168826
10.74,52.75,1021.75,75.41,467.48,0,1,0,-1.4387379384520131,-0.771245323013068
13.67,41.48,1017.51,63.54,463.97,0,1,0,-1.0945383614869308,-1.0332114549875067
9.79,39.69,1002.36,93.86,471.61,0,1,0,-1.2531068758608628,2.1937215943586783
14.04,39.64,1011.09,87.22,472.31,0,1,0,-1.3262060238565958,0.8709664840338007
24.43,61.25,1011.66,85.24,436.05,1,0,0,0.496984038180355,0.8097646904303304
14.88,42.28,1007.26,71.3,466.73,0,1,0,-0.46335902641726456,0.4815971895174421
10.68,38.38,1020.79,72.33,476.22,0,1,0,-1.9313095656797035,-0.941074352477603
14.22,42.32,1015.54,77.23,465.0,0,1,0,-1.2355321047676324,-0.10893918107101186
14.47,44.66,1016.33,93.52,464.41,0,1,0,-1.5912631009255709,0.6631902579725242
7.19,40.81,1015.22,85.65,487.15,0,1,0,-2.080545608095357,0.39647034671295717
11.73,37.92,1008.24,65.13,472.04,0,1,0,-0.8211620407859781,0.042760115242099335
10.94,43.67,1012.36,73.3,477.34,0,1,0,-1.1272359534014107,0.06768633144222504
14.44,39.0,1017.06,76.02,466.96,0,1,0,-1.4357587234446927,-0.36514947263599873
24.53,74.78,1009.9,78.34,446.3,1,0,0,1.4020508378460574,0.7534673990512782
29.72,54.2,1012.86,38.48,438.84,1,0,0,1.7628487277705058,-1.8278979385014718
17.52,44.05,1008.87,85.67,455.72,0,1,0,-0.6526912267634053,1.044401210173236
12.99,44.0,1025.22,90.27,470.93,0,1,0,-2.2636846192245703,-0.46773333133926887
10.04,39.66,1015.84,82.31,480.63,0,1,0,-1.8510099131483064,0.12779550410224652
30.5,66.75,1017.55,38.2,432.87,1,0,0,2.068105187921226,-2.257232729868797
33.11,69.75,1008.88,42.08,437.19,1,0,0,2.905499163998532,-1.1066093443879377
13.41,40.89,1010.85,89.61,472.4,0,1,0,-1.3691839383804842,1.0348591142689045
26.98,74.78,1009.77,69.54,442.28,1,0,0,1.843081202639934,0.29656486090449297
15.19,42.03,1017.38,71.66,462.64,0,1,0,-1.148153617702639,-0.6058016116247281
28.24,64.69,1007.35,61.14,438.03,1,0,0,1.886712218335744,0.036500266048652204
29.04,60.07,1014.88,47.23,438.5,1,0,0,1.599160373680336,-1.5441677531611786
13.74,45.08,1024.97,84.79,466.79,0,1,0,-1.9939246627295624,-0.7198541896741787
12.58,39.72,1017.85,57.74,471.24,0,1,0,-1.133720309127515,-1.376395968187307
17.3,47.45,1010.29,87.13,448.79,0,1,0,-0.6559107798667547,0.9940592074417529
28.0,69.05,1000.82,65.24,427.71,1,0,0,2.397188885823982,0.995908741098492
15.15,53.82,1016.34,62.59,461.6,0,1,0,-0.32373946727053815,-0.8655813364598872
25.47,65.34,1015.3,50.31,445.39,1,0,0,1.4277329059113426,-1.364043411566997
20.78,68.28,1008.75,60.87,450.57,1,0,0,1.3408726217104292,-0.04998079462227211
26.12,49.02,1008.63,72.04,438.52,1,0,0,0.6487727709594172,0.34813093048943944
13.78,40.73,1017.55,94.28,462.59,0,1,0,-1.9245170694938099,0.5426526542643406
26.28,68.14,1005.61,53.17,435.71,1,0,0,2.2039369388506085,-0.14433567638969225
27.76,75.33,1003.69,79.62,433.03,1,0,0,2.0828255285145234,1.4780479617676707
18.26,49.64,1024.92,62.82,462.6,0,1,0,-0.8423092026586744,-1.8428059771568164
6.4,39.18,1024.6,86.83,484.44,0,1,0,-2.8879492918723075,-0.5716243466002504
26.31,44.57,1007.51,52.6,452.73,1,0,0,1.052603929253106,-0.5706959361326578
32.89,73.68,1014.45,52.34,426.46,1,0,0,2.412759754693079,-1.1502117629521476
6.74,36.08,1020.36,86.98,484.18,0,1,0,-2.7114102348937594,-0.12952835771452098
22.69,65.18,1012.47,80.9,441.18,1,0,0,0.5848226846857537,0.5410570910026208
33.11,77.54,1010.36,50.99,431.77,1,0,0,2.915220571743295,-0.7450046957084973
22.28,58.86,1014.08,66.47,446.55,1,0,0,0.5396468981707905,-0.42732120112786653
31.75,74.99,1003.25,53.33,430.82,1,0,0,3.114137104309995,0.13868181452632733
9.6,41.82,1032.93,72.63,475.01,0,1,0,-2.7042934006303634,-2.2122853043336472
21.54,69.48,1011.04,80.48,443.15,1,0,0,0.787954261962801,0.7175646201713952
13.33,38.47,1015.42,58.27,466.26,0,1,0,-0.9751075119071271,-1.0996516538038803
12.73,37.73,1021.89,61.76,470.89,0,1,0,-1.589557565928973,-1.6257801945455772
28.73,68.24,1008.31,56.85,430.63,1,0,0,2.1303213142218,-0.26425526594932375
9.0,43.13,1020.25,81.32,481.09,0,1,0,-2.0586521392798094,-0.3684133454368002
31.1,68.51,1012.99,54.3,428.68,1,0,0,2.0854028228860115,-0.9194745930822344
28.81,56.86,1005.82,56.86,434.08,1,0,0,1.8046960062281874,-0.0848444570699297
14.95,42.74,1027.66,66.71,464.31,0,1,0,-1.708171647708098,-1.9732692891426946
23.04,48.06,1014.16,54.99,459.36,1,0,0,0.4207471907420377,-1.1208964183207335
24.04,68.94,1007.62,69.11,437.13,1,0,0,1.5007625899833228,0.48150046068313634
27.69,65.34,1014.31,46.59,442.84,1,0,0,1.7756670181650773,-1.4634739114465036
28.82,64.79,1016.74,56.34,445.1,1,0,0,1.4242383330674102,-1.2368375854047624
25.23,69.34,1009.51,82.87,445.92,1,0,0,1.12820089454546,0.981197706016204
8.77,40.77,1011.54,89.58,480.56,0,1,0,-1.80370384845019,0.9889203127642061
7.61,44.71,1019.41,70.48,485.36,0,1,0,-1.763190637846508,-0.8143670057607233
28.37,75.6,1017.48,55.19,439.25,1,0,0,1.843293601859737,-1.2866287097175069
21.82,50.66,1013.74,73.6,455.2,0,0,0,-0.0229794558463481,-0.08511108690476173
14.82,42.74,1028.04,69.81,466.34,0,1,0,-1.8258145489908422,-1.853711458456696
13.97,52.05,1012.05,85.36,463.64,0,0,0,-0.8016910552885064,0.7708586891404526
31.74,72.25,1012.21,41.62,437.29,1,0,0,2.687635701237059,-1.4634255963062783
27.27,72.58,1009.25,89.31,428.93,1,0,0,1.2888659816106938,1.354143787400987
23.95,58.79,1010.45,74.34,448.32,1,0,0,0.7162296695125896,0.3622383942509541
29.08,66.54,1004.67,64.5,430.16,1,0,0,2.132521645917768,0.5109243387186502
28.3,64.33,1011.23,68.88,441.51,1,0,0,1.4090123275140722,0.010333570030134001
12.66,43.67,1012.49,95.96,472.44,0,1,0,-1.5862620507301506,1.2116466194829878
30.12,74.16,1013.13,63.56,433.08,1,0,0,2.0021000160632143,-0.40444503498365236
29.44,65.51,1014.82,56.49,445.67,1,0,0,1.6341352508224727,-1.0184829087487322
25.95,59.92,1010.05,76.05,443.93,1,0,0,0.9137104270938627,0.48950913916626715
32.5,71.37,1003.75,43.8,433.7,1,0,0,3.2313782419192174,-0.4420460934259465
23.97,44.57,1007.35,62.71,448.17,1,0,0,0.606192468189454,-0.015338855387702624
21.97,58.12,1015.29,77.47,449.6,1,0,0,0.11150066418044481,0.004989213934851808
32.17,73.21,1001.43,69.86,430.64,1,0,0,2.762463193628984,1.1730266967143288
12.35,40.73,1019.03,95.53,466.71,0,1,0,-2.176110459700956,0.45581634071780897
18.03,53.16,1013.06,82.03,458.04,0,0,0,-0.39949597083372496,0.4701745481108739
32.07,71.29,1008.43,44.95,426.96,1,0,0,2.8432411601158547,-0.8899339400264654
31.39,69.59,1008.28,62.86,435.76,1,0,0,2.254387450583166,0.04198884643322116
11.92,40.62,1016.66,55.25,468.14,0,1,0,-1.0023182725492024,-1.3636223276336923
10.65,41.78,1013.66,70.04,474.27,0,1,0,-1.2379424102325804,-0.2554025080932342
31.24,68.3,1015.89,42.84,435.2,1,0,0,2.189446201499915,-1.8295157403028441
9.13,39.04,1022.36,74.6,483.24,0,1,0,-2.1964983960815236,-0.9789140117795792
23.39,71.25,1005.22,93.7,435.68,1,0,0,1.0700239742164557,2.0353642452097453
11.95,42.03,1017.58,90.89,465.2,0,1,0,-1.9317059192189623,0.38734610302946626
33.3,68.14,1003.02,53.43,426.88,1,0,0,2.9531302422678127,0.10311886029290031
24.27,61.47,1007.84,80.85,448.66,1,0,0,0.8686286632556393,1.0019044547883806
18.13,39.72,1002.75,58.85,455.81,1,0,0,0.3248274303767914,0.28705807003583605
21.9,55.5,1018.85,60.27,456.52,1,1,0,0.19695246044317136,-1.2912284511714751
27.52,67.9,1005.65,59.52,439.01,1,0,0,2.1270430163657075,0.1687346906538123
16.76,48.14,1012.92,65.74,456.31,0,0,0,-0.2904249966088349,-0.38734450800115566
12.77,36.71,1013.29,86.4,475.59,0,1,0,-1.6887694810348604,0.5741751209505098
16.44,53.82,1015.4,63.16,462.09,0,1,0,-0.1680751065785172,-0.7426219459157384
29.01,70.32,1007.26,60.55,429.23,1,0,0,2.2200373643932014,0.055928538934713064
18.9,57.5,1016.21,93.9,451.42,0,0,0,-0.6612761975633621,0.7690331342269916
22.33,71.94,1011.06,82.85,441.85,1,0,0,0.8983224350314192,0.8521607067520024
26.58,59.39,1014.49,65.87,439.46,1,0,0,0.9056483036173673,-0.5280483191540903
17.36,52.9,1015.42,69.97,458.66,0,1,0,-0.31201772446439585,-0.4069166606372754
28.18,64.84,1009.22,56.04,443.65,1,0,0,1.8941498617182027,-0.4287821218914653
24.63,59.57,1010.45,85.36,440.67,1,0,0,0.5187811528926269,0.9328041252175889
13.62,40.2,1014.2,85.05,465.74,0,1,0,-1.4915084592341532,0.42770371445343486
16.62,54.3,1017.99,63.76,459.59,0,1,0,-0.3243130711464674,-0.9910050801823244
17.33,41.35,999.51,68.36,460.46,1,0,0,0.30305095329340054,1.1493931381769384
20.72,63.94,1017.17,59.83,447.69,1,0,0,0.5977014477160512,-1.054980751915395
6.89,39.37,1020.21,74.17,486.9,0,1,0,-2.2090147942811114,-0.7490613059482121
33.61,69.88,1007.4,42.51,435.99,1,0,0,3.0421648504453405,-0.9256383579777924
27.38,59.21,1012.74,53.53,437.78,1,0,0,1.4055071566387143,-0.9815029433276778
23.21,63.94,1013.56,80.23,446.11,1,0,0,0.5162667668342183,0.3742480155659834
26.13,71.25,999.8,88.47,430.6,1,0,0,1.802359267254647,2.336756878993453
15.18,44.2,1019.6,72.45,462.09,0,1,0,-1.2253032860497266,-0.7891792262688133
5.66,39.42,1024.7,78.52,482.11,0,1,0,-2.7281151355957096,-1.0045428021441694
15.75,36.99,1007.67,93.8,464.38,0,1,0,-1.2406785636747015,1.5500073738534816
29.45,75.6,1018.12,50.68,437.31,1,0,0,2.0066505189374317,-1.5965277230328805
20.12,69.45,1013.23,88.48,442.89,1,0,0,0.3110742159408324,0.9015962859146751
22.8,73.17,1011.87,91.57,437.98,1,0,0,0.7082587174976169,1.2208523310083763
29.93,71.85,1008.43,66.64,426.82,1,0,0,2.1245223657677297,0.24898685824041783
29.25,72.99,1006.85,61.15,429.12,1,0,0,2.3698367075610918,0.151412249141332
34.14,74.34,1000.19,43.56,434.23,1,0,0,3.7466634371134053,-0.05411006054829314
19.47,58.79,1016.8,87.26,450.17,0,0,0,-0.42407114247131245,0.3684883233957951
24.03,58.46,1015.71,70.15,442.03,1,0,0,0.45916063363656373,-0.42998533297774916
12.71,43.02,1012.25,62.68,475.38,0,1,0,-0.7247934986871274,-0.48594449861804023
26.6,61.41,1012.35,54.42,451.4,1,0,0,1.4414557707189797,-0.8700417054922096
27.09,65.61,1014.22,48.13,442.94,1,0,0,1.7039431399092855,-1.3678949480291263
26.44,71.77,1006.68,81.45,430.12,1,0,0,1.5652526469376402,1.2273207250020681
28.31,65.71,1014.67,59.29,447.26,1,0,0,1.4867463087063022,-0.8482638928536406
10.87,44.71,1021.38,58.22,484.63,0,1,0,-1.3080642612124553,-1.6840784178710237
29.54,69.48,1008.91,56.07,427.82,1,0,0,2.23132186862778,-0.36539755397526913
15.98,41.48,1017.0,55.73,456.31,0,1,0,-0.6650254821215643,-1.396672854506147
24.27,70.47,1008.96,78.31,434.24,1,0,0,1.255439918110836,0.8213236273649678
29.78,70.98,1007.82,77.59,436.32,1,0,0,1.8292392946527605,0.8747348306370204
24.05,64.69,1006.63,69.2,438.36,1,0,0,1.379355079858644,0.5596343801864588
28.59,80.18,1011.36,89.18,431.55,1,0,0,1.592431133167609,1.1698978965000617
13.97,40.24,1018.32,88.72,467.93,0,1,0,-1.8376469127685924,0.1665250787143261
11.56,40.43,1025.48,74.75,489.54,0,1,0,-2.1512827553886824,-1.3162780529388665
20.07,49.21,1012.34,56.8,454.25,1,0,0,0.3030998294209984,-0.7997364274094712
31.19,68.3,1014.86,39.1,430.48,1,0,0,2.3532713344174834,-1.9101137898333658
18.39,67.71,1003.77,92.48,444.63,1,0,0,0.632002595216394,2.1359011636226533
9.78,43.8,1022.25,69.64,477.22,0,1,0,-1.7958790898652226,-1.1891059151120593
29.26,69.34,1009.76,58.64,435.32,1,0,0,2.076932209681847,-0.3244778326713004
9.53,38.38,1020.49,80.08,478.03,0,1,0,-2.2082884180281077,-0.500444539745253
22.32,48.41,1008.68,79.11,445.36,1,1,0,0.1200842629519538,0.7287394710507921
18.95,42.23,1013.01,79.4,462.73,0,1,0,-0.7333168551577709,0.2455116219950546
11.55,42.34,1020.78,94.56,469.13,0,1,0,-2.265120222815816,0.23363515913818866
27.3,65.12,1016.24,44.87,442.78,1,0,0,1.6471416212516403,-1.7615156108254606
22.1,68.63,1015.19,59.05,449.54,1,0,0,1.0737503335106093,-0.8513204400142641
17.12,68.28,1003.56,94.29,449.94,1,0,0,0.5193314859073308,2.265479167223764
14.85,45.87,1009.37,84.65,462.67,0,1,0,-0.8002584680592918,0.9702054780886438
10.33,40.69,1014.25,84.46,480.18,0,1,0,-1.7294429593048186,0.4182258951106759
19.45,46.33,1013.39,99.52,452.82,0,1,0,-1.062946576936892,1.2724813360792646
12.16,40.81,1025.79,70.97,476.63,0,1,0,-2.0073670199356495,-1.5462188759409143
7.65,36.3,1016.5,65.51,482.56,0,1,0,-1.8024080923235115,-0.8221323936740716
4.31,38.5,1011.75,82.08,492.92,0,1,0,-2.090234622044796,0.5910417628793605
19.04,43.43,1009.25,68.74,453.32,0,1,0,-0.13808102560963728,0.11360359777219554
26.02,70.79,1004.21,79.12,428.72,1,0,0,1.7166627179380025,1.37093607013965
26.09,60.29,1017.72,50.83,444.71,1,0,0,1.0776820004912038,-1.645598253001261
27.14,65.27,1013.26,55.17,441.68,1,0,0,1.5745682147834426,-0.9029980715113656
22.67,58.2,1016.91,60.75,446.36,1,0,0,0.49926559463674725,-1.0387351202174406
7.28,40.67,1020.16,72.7,493.3,0,1,0,-2.0776889962293725,-0.8117020478143218
25.62,73.17,1011.65,86.45,430.56,1,0,0,1.0898018968853163,0.9612079829348972
22.33,59.8,1016.84,67.09,450.07,1,0,0,0.38084716177110106,-0.6885876109778327
23.93,68.28,1005.16,69.91,444.95,1,0,0,1.6093958997540265,0.7860788856713706
29.07,51.43,1006.22,61.58,438.79,1,0,0,1.436145985389164,0.06976764345908605
15.79,50.88,1014.58,99.9,460.19,0,1,0,-1.2554889891096048,1.2241915903267093
28.81,64.96,1000.46,68.05,427.91,1,0,0,2.234837411001868,1.1416971358211028
17.07,44.9,1020.74,70.18,460.19,0,1,0,-1.0568512883428998,-1.0377690414513019
32.51,69.98,1011.92,49.45,428.37,1,0,0,2.466274353473288,-1.0511579144191148
22.11,59.8,1016.74,73.9,453.45,1,0,0,0.1915552402665232,-0.3246171180328934
18.41,62.1,1020.4,78.1,457.14,0,0,0,-0.37170530634921134,-0.4624730298417302
28.9,71.25,1000.73,77.24,431.52,1,0,0,2.2610318730942183,1.6368030232825357
10.47,44.21,1017.87,85.34,476.02,0,1,0,-1.8324921960387093,0.09691398319263801
10.09,37.14,1012.99,72.59,473.66,0,1,0,-1.5096891722967485,-0.08435444721000883
27.09,73.5,1011.34,76.06,434.31,1,0,0,1.5183153807501686,0.4511708353636271
17.44,44.89,1009.9,80.54,457.67,0,1,0,-0.558430565051608,0.6747227980809782
23.76,58.82,1011.75,77.34,444.57,1,0,0,0.5348474180900407,0.37711671295174
31.11,69.05,1002.37,41.56,433.19,1,0,0,3.166984119105317,-0.41662838958764614
23.86,63.77,1014.6,82.37,440.58,1,0,0,0.4355963868983335,0.3656852913638805
15.09,40.89,1010.15,92.0,466.47,0,1,0,-1.2452509545407533,1.2229839574916088
9.26,39.61,1021.18,84.58,480.38,0,1,0,-2.3409757160223106,-0.3314970866039789
15.83,52.75,1024.3,58.34,458.6,0,1,0,-0.746422100404764,-1.9649355039891911
9.96,39.66,1015.23,82.98,480.6,0,1,0,-1.8335325730616303,0.22934817560694526
19.3,65.59,1014.07,81.98,452.76,1,0,0,0.18579436087994033,0.44907309260482875
19.91,51.19,1008.0,90.23,449.23,0,1,0,-0.2004787397728242,1.4157281100837618
23.18,51.43,1011.56,81.83,449.94,1,0,0,0.05678742582604508,0.574044418888241
19.13,45.38,1014.72,81.95,459.94,0,0,0,-0.762797842405528,0.21512137279628846
24.6,63.78,1017.25,60.33,448.65,1,0,0,0.8923706872447392,-1.065676604635769
29.38,74.9,1003.25,72.19,433.74,1,0,0,2.4217277513568756,1.1278340474389639
29.15,69.48,1008.68,55.78,430.54,1,0,0,2.222391178287751,-0.3526625749264495
31.03,69.59,1007.77,63.96,432.56,1,0,0,2.2307004713783254,0.15676633842370824
21.84,45.09,1013.94,46.11,450.88,1,0,0,0.43780139140888025,-1.5711149001155955
6.28,43.02,1013.72,88.13,487.17,0,1,0,-2.0207575261174964,0.7118425784863764
22.48,50.32,1008.47,83.58,444.5,1,1,0,0.11501130919090048,0.9966684344175407
31.51,71.97,1007.84,71.18,430.11,1,0,0,2.18181135216859,0.5377828274173704
15.67,41.1,1004.1,77.93,466.45,0,1,0,-0.4079878771952418,1.153037861071774
13.24,39.16,1016.52,86.66,474.48,0,1,0,-1.7689660955690167,0.2524435309061914
17.1,43.52,1020.3,70.51,461.51,0,1,0,-1.0938426931724083,-0.9841465079364016
32.32,67.9,1006.08,37.93,428.12,1,0,0,3.0580702371652486,-1.0255049419201525
23.51,63.78,1016.1,69.79,446.58,1,0,0,0.633610678563441,-0.4446277635828768
13.58,40.75,1016.05,76.45,472.73,0,1,0,-1.3719629188658604,-0.2130100072118825
12.43,40.27,1007.08,61.56,470.92,0,1,0,-0.4874053849651001,-0.001102067009192012
16.37,39.64,1009.19,76.92,463.91,0,1,0,-0.735210334071042,0.5301587726928056
7.64,43.79,1016.17,84.45,486.01,0,1,0,-1.945431215732791,0.2520127505174788
21.03,59.8,1015.86,76.63,453.86,1,0,0,0.09107384019968888,-0.08048316600741169
33.37,73.88,1005.8,47.94,436.76,1,0,0,3.16590266383567,-0.4372379714573039
18.92,62.26,1012.05,85.99,451.51,1,0,0,0.04054813204482281,0.8518050648625943
20.61,48.78,1020.8,85.05,449.38,0,0,0,-0.9862644801197755,-0.2695425808191172
22.38,63.31,1014.76,73.8,441.3,1,0,0,0.5061946872486027,-0.08777138028268824
30.2,73.67,1006.31,62.14,428.72,1,0,0,2.4891729514077356,0.2603039845455711
31.02,70.4,1006.24,77.86,431.37,1,0,0,2.006678033997204,1.0475581966909109
17.64,57.76,1016.28,85.04,455.75,0,0,0,-0.5270621254101683,0.31470023969601224
28.85,58.33,1013.78,41.39,444.0,1,0,0,1.7343635633124002,-1.738620161665666
22.4,70.94,1008.06,84.52,440.04,1,0,0,1.0209039831102509,1.2564804944693106
19.13,68.61,1010.65,94.92,448.69,1,0,0,0.1999420428631442,1.5149788115430494
23.79,59.44,1012.53,79.48,448.67,1,0,0,0.4555601778009461,0.40746214112854157
22.12,60.37,1008.75,92.13,439.18,1,0,0,0.2858791790808339,1.4910060514078145
29.14,67.45,1015.51,46.47,433.34,1,0,0,1.9096955787937608,-1.5932345448758711
20.17,56.03,1019.47,56.77,458.04,1,1,0,0.12671904712697468,-1.5233380790948499
29.3,74.16,1007.72,81.92,431.32,1,0,0,1.8234940708201386,1.1380621398998483
5.7,40.62,1016.07,84.94,482.82,0,1,0,-2.25129990534425,0.27591830884016144
25.5,68.08,1011.13,72.86,436.07,1,0,0,1.246057879146259,0.27603431554547336
16.06,47.45,1009.97,88.09,450.62,0,1,0,-0.7615255105270498,1.086934596342353
27.75,65.34,1014.8,45.91,440.83,1,0,0,1.7649814959947734,-1.5523407554029764
25.12,66.56,1009.22,65.62,436.56,1,0,0,1.4670852366514604,0.10056625265619241
22.78,62.44,1011.79,75.43,446.12,1,0,0,0.6607448379003558,0.3100093948059054
29.3,69.48,1010.1,53.69,429.42,1,0,0,2.1925739040443646,-0.6161955419652714
8.01,40.02,1031.33,85.01,477.84,0,1,0,-3.129303840352714,-1.4025732622977762
16.58,38.01,1023.5,60.14,464.03,0,1,0,-1.3268788181524587,-1.9087603889892488
17.08,58.86,1016.04,87.46,449.98,0,0,0,-0.5716596707693098,0.478455138336865
17.54,44.58,1016.56,79.0,465.51,0,1,0,-0.9776618821968079,-0.13309529349371418
26.93,56.9,1006.25,77.79,444.7,1,0,0,1.0750541076424422,0.9620569150836497
22.52,67.32,1011.4,66.2,443.49,1,0,0,1.1222147977174755,-0.08295929136650905
13.48,46.18,1018.15,88.38,464.58,0,1,0,-1.595729325259122,0.21867644702456196
9.05,40.0,1015.48,80.91,472.41,0,1,0,-1.8566042814835428,0.1042170590742486
19.93,56.65,1020.7,62.82,456.53,0,0,0,-0.1077046882558708,-1.3382819548032245
29.68,64.33,1011.2,57.73,441.79,1,0,0,1.8163181888100015,-0.5714693444004605
30.52,70.04,1010.62,54.47,431.14,1,0,0,2.2621242921044957,-0.636368300066974
12.54,40.8,1024.56,68.97,479.65,0,1,0,-1.8403242997078972,-1.5182288433196198
27.6,69.05,1003.87,42.01,436.08,1,0,0,2.7632552425928045,-0.5327321700147305
18.48,46.48,1007.53,82.57,461.49,0,1,0,-0.2939575617272959,1.0432698088463341
15.24,48.6,1007.08,86.49,459.85,0,1,0,-0.5396627589766163,1.3338570135215002
4.41,42.07,1005.54,68.85,488.36,0,1,0,-1.1554933189430923,0.6122275920074116
15.82,44.88,1018.59,78.88,461.9,0,1,0,-1.241662422109082,-0.3461458524483847
24.65,72.43,1007.99,90.05,437.59,1,0,0,1.132572324013194,1.5462278729627508
19.02,52.72,1025.44,51.9,461.57,0,1,0,-0.3938909219995372,-2.443572160641468
23.32,69.13,1010.75,91.84,435.27,1,0,0,0.6423630573080428,1.3206403115963006
23.99,68.12,1012.92,70.68,437.14,1,0,0,1.0581192277453761,-0.020766001253077516
10.12,39.96,1025.98,98.63,471.6,0,1,0,-2.948952185813514,-0.13181312293867875
12.53,43.56,1014.8,74.05,469.23,0,1,0,-1.1868022700490488,-0.1710073197020403
18.11,52.08,1002.51,100.09,449.99,0,1,0,-0.1931650699281952,2.54198149264519
24.94,59.07,1008.89,84.79,440.12,1,0,0,0.643574119935787,1.067081945479782
30.92,59.57,1010.87,62.43,440.96,1,0,0,1.608485493704202,-0.3397072882991635
12.68,45.01,1013.86,83.26,448.69,0,1,0,-1.2870726098394087,0.4174777930293983
25.41,66.49,1014.06,51.09,449.2,1,0,0,1.5376399676888235,-1.1790914856285406
14.12,39.4,1008.02,76.45,468.63,0,1,0,-0.839450852556769,0.6467221821679993
28.33,64.96,999.71,69.66,427.42,1,0,0,2.204281734748592,1.3097551636629976
14.77,49.15,1020.56,80.27,467.72,0,0,0,-1.3106987390733837,-0.4473061138093754
29.0,70.72,1009.51,67.72,437.55,1,0,0,1.8960904106780945,0.18440694196669274
18.02,49.78,1003.86,100.09,451.41,0,1,0,-0.39403609184373184,2.3770834523389768
11.55,40.6,1014.44,87.06,475.14,0,1,0,-1.7136099694888391,0.5227083407734535
15.31,52.75,1025.21,55.22,460.77,0,1,0,-0.7698539370564401,-2.2215382783208315
12.36,37.73,1021.36,65.45,470.39,0,1,0,-1.6803854370855198,-1.3750430270428906
19.45,58.95,1017.79,93.46,445.1,0,0,0,-0.6481746499852137,0.5822108859464192
27.05,67.79,1010.99,71.37,443.89,1,0,0,1.4096841822781088,0.2014268006462451
9.73,40.22,1011.48,87.88,481.42,0,1,0,-1.7002039923657717,0.8966977125959772
11.11,37.5,1013.68,73.67,473.32,0,1,0,-1.4848932411620297,-0.10779301683486364
13.01,41.58,1020.82,78.41,464.64,0,1,0,-1.7588365466306826,-0.6205924351702194
11.76,40.96,1023.22,81.31,475.18,0,1,0,-2.1287471007831775,-0.7286367272185088
17.58,39.63,1004.84,80.43,467.33,0,1,0,-0.4309309498579383,1.1766438542297366
27.54,51.43,1012.3,54.82,439.8,1,0,0,1.0719930888962474,-0.9307593215262924
29.79,77.17,1009.68,64.0,432.84,1,0,0,2.3312826366943247,0.020402943376306333
13.83,40.2,1013.28,90.44,465.53,0,1,0,-1.5522984519003193,0.8047065147861513
32.05,77.24,1008.06,67.09,432.49,1,0,0,2.5506044477693255,0.3414360564234883
28.14,76.86,1000.7,70.17,434.68,1,0,0,2.6324315395303337,1.3254486660591576
34.11,73.56,1006.77,45.92,432.78,1,0,0,3.1995243087772893,-0.6547704480296713
22.83,70.79,1006.36,92.07,438.0,1,0,0,0.9683941440343289,1.8272114685492238
21.04,47.43,1007.15,64.82,450.27,1,0,0,0.44895192202968764,0.15842658626144912
12.39,40.75,1016.05,81.91,475.96,0,1,0,-1.6128565704098123,0.0770037970438406
27.7,72.24,1011.02,67.6,434.56,1,0,0,1.7559954617724165,0.0349308592663718
16.62,39.99,1007.07,77.14,463.74,0,1,0,-0.5603585764348663,0.7734507332426551
25.27,67.07,1006.34,66.35,445.81,1,0,0,1.6792252702037207,0.45490784642773485
9.52,41.26,1020.55,89.73,475.44,0,1,0,-2.3383926684097,0.014489683551178975
17.74,58.33,1013.55,81.8,446.01,0,0,0,-0.22289045495067708,0.44857600337072673
22.9,49.3,1003.45,80.95,441.77,1,1,0,0.5156795554527276,1.3963749053255352
14.86,43.14,1019.21,99.14,461.14,0,1,0,-1.969293969802932,0.6248545345241837
26.71,66.25,1008.11,79.28,435.41,1,0,0,1.3033796521096865,0.9132848412974519
13.42,42.86,1013.88,85.13,473.27,0,1,0,-1.3710140813430656,0.4894680926479426
25.82,72.39,1003.4,86.33,432.98,1,0,0,1.637516569061128,1.845612716218899
15.14,44.21,1019.97,83.86,463.1,0,1,0,-1.5515430994747161,-0.240047109783245
10.17,41.17,1018.58,87.72,478.04,0,1,0,-2.1018797533798033,0.12004450982858174
27.44,65.59,1010.76,68.67,441.08,1,0,0,1.4311129150892532,0.06669029306430131
23.94,63.21,1013.52,83.12,440.15,1,0,0,0.4715427726418777,0.5169370640496294
25.16,74.33,1014.55,76.7,436.15,1,0,0,1.1600406226196804,0.15458388804320833
12.88,42.74,1026.25,74.54,470.89,0,1,0,-1.9874983612994266,-1.4013680156926487
31.87,67.32,1013.65,36.69,435.47,1,0,0,2.5116593444822213,-1.9153315685679866
22.18,65.46,1016.74,54.02,447.92,1,0,0,0.9663566134963991,-1.3058471889606238
9.41,41.54,1019.48,82.19,481.59,0,1,0,-2.065150399800492,-0.25527021538120087
12.17,40.6,1013.59,88.62,473.76,0,1,0,-1.6452508454632369,0.6915571118973091
30.57,69.71,1008.94,59.99,439.38,1,0,0,2.221996716447657,-0.1714711439547647
28.16,70.98,1008.51,72.12,435.04,1,0,0,1.791423504746508,0.5282778462242701
9.72,43.41,1016.25,76.39,474.1,0,1,0,-1.5853471989522048,-0.1900832795922648
11.9,39.16,1016.53,84.59,477.75,0,1,0,-1.8261562732117416,0.15364256551276617
7.1,41.74,1022.25,91.07,484.12,0,1,0,-2.6678857780954823,-0.08102287926602801
11.47,40.27,1005.39,77.4,479.44,0,1,0,-0.8653352182807826,1.0072329342221462
28.19,67.45,1013.97,49.76,434.77,1,0,0,1.8503075130367643,-1.2492177798544992
9.75,36.66,1026.21,70.12,479.45,0,1,0,-2.3956714662695315,-1.65279304719971
7.55,43.65,1019.09,61.71,481.61,0,1,0,-1.5638919603856518,-1.2404225220548557
19.9,56.53,1020.52,78.05,456.48,0,0,0,-0.5011733551548126,-0.5331671161865652
12.45,40.56,1017.84,66.52,477.41,0,1,0,-1.3361633561123603,-0.9143681432431126
9.15,39.61,1018.11,75.29,474.88,0,1,0,-1.8979950455829115,-0.4761021156284179
14.38,40.66,1016.34,92.37,463.1,0,1,0,-1.7456768760658448,0.5711250756799694
26.16,67.9,1005.81,61.02,444.06,1,0,0,1.96468818495301,0.23804674535772807
22.63,45.61,1014.14,73.06,457.88,0,0,0,-0.19193194771418826,-0.20275365169904713
30.51,70.79,1004.55,56.05,428.79,1,0,0,2.666913196709703,0.11220573437338845
26.2,60.07,1014.75,59.41,440.89,1,0,0,1.0553441798344432,-0.8817930028311531
25.77,69.04,1009.66,65.49,445.35,1,0,0,1.6034729410310191,0.06148358146881367
14.74,44.47,1028.29,67.87,462.92,0,1,0,-1.722494582308575,-1.9666055030817133
17.02,44.85,1014.38,62.66,459.98,0,1,0,-0.433072053890267,-0.7335961036575661
17.68,53.16,1013.09,82.79,456.86,0,0,0,-0.4502886782692844,0.508536046355438
8.93,40.46,1019.03,71.0,472.77,0,1,0,-1.8292991503968121,-0.7894001336591732
9.49,40.69,1015.09,91.31,476.67,0,1,0,-2.0350393999634004,0.6861516369076188
23.48,72.99,1009.61,88.16,437.1,1,0,0,0.9996343907419433,1.2847743358269772
22.69,49.21,1012.64,46.83,449.01,1,0,0,0.7594184973354783,-1.3650218653240542
12.65,44.34,1019.4,71.45,468.8,0,1,0,-1.3881828288676366,-0.8006164129882922
12.79,44.68,1022.51,99.55,465.75,0,1,0,-2.3079468363492506,0.3132699706957961
13.01,41.17,1017.26,76.2,469.48,0,1,0,-1.4764532388864404,-0.3503823160657543
30.76,69.14,1007.63,71.24,431.67,1,0,0,2.007887408046985,0.5460734802452917
22.56,47.43,1006.72,54.82,448.65,1,0,0,0.8650332145612266,-0.3214104127317423
20.7,58.16,1016.73,68.19,453.22,1,0,0,0.15276230897983625,-0.6218946352081113
21.09,50.9,1012.42,69.09,456.09,1,0,0,0.1351940117918902,-0.16730771180633972
26.35,59.44,1012.16,63.73,443.73,1,0,0,1.1036419340919148,-0.38286831872705357
35.1,68.27,1006.96,43.51,426.3,1,0,0,3.098029185748432,-0.8492539360024604
14.43,38.28,1014.76,79.76,467.12,0,1,0,-1.4092502528009232,0.07262500418016894
16.32,43.56,1014.4,59.77,463.57,0,1,0,-0.4735673023449116,-0.890583825885009
12.21,40.64,1020.31,83.84,464.03,0,1,0,-1.9734298440240263,-0.2868357584246176
32.13,69.98,1013.3,55.85,431.84,1,0,0,2.1735881734686435,-0.8684017677782824
25.68,70.32,1009.08,90.48,431.32,1,0,0,1.0390091557810406,1.4257159181637717
24.4,62.26,1011.62,70.1,439.06,1,0,0,0.9373864798971203,0.040828572445846846
6.41,40.81,1026.57,93.51,484.49,0,1,0,-3.124122859095615,-0.428185998529269
23.38,65.06,1014.12,59.36,443.8,1,0,0,1.0868502231824857,-0.7563181495984572
30.21,75.33,1002.24,66.71,431.46,1,0,0,2.7212476517783997,0.9526786084196988
22.88,50.23,1016.11,63.77,458.08,1,0,0,0.14083880270984153,-0.8613526449085798
27.99,71.58,1010.68,68.99,435.99,1,0,0,1.7376909313208424,0.1364132816214731
16.01,49.64,1026.35,77.75,457.8,0,1,0,-1.5156448562539164,-1.212339135413977
31.08,59.57,1010.76,60.49,442.88,1,0,0,1.6798848383388973,-0.42898009824736555
23.09,70.02,1010.58,77.85,443.27,1,0,0,1.0397799660289444,0.6256293042571457
21.03,69.05,1002.17,75.35,444.35,1,0,0,1.4656844016773491,1.4184935632560431
12.05,49.83,1008.54,95.11,454.18,0,1,0,-1.0735133875599572,1.6516218312468338
14.73,54.3,1016.75,67.13,463.63,0,1,0,-0.48382937653431607,-0.6690991987977419
32.56,68.14,1004.02,35.04,425.11,1,0,0,3.3044234006511335,-0.9501232235268708
6.99,40.07,1014.83,54.36,490.11,0,1,0,-1.285453201236104,-1.1810681773499374
18.84,40.79,1005.18,92.46,459.96,0,1,0,-0.6133268524407032,1.7614320960471919
6.18,41.38,1020.23,81.38,490.81,0,1,0,-2.3687653860237035,-0.3579668226575478
13.72,49.83,1006.88,89.49,463.65,0,1,0,-0.6756471918569991,1.5308067775759155
29.48,59.27,1010.99,51.23,440.72,1,0,0,1.7608908209149354,-0.9235721521066141
14.35,39.39,1012.92,82.41,470.53,0,1,0,-1.3107160474541846,0.4192609878550795
19.47,43.43,1011.66,69.93,451.38,0,1,0,-0.2979926522827712,-0.09029604518485561
26.92,73.17,1011.42,76.94,431.29,1,0,0,1.4612855221050036,0.4863955971473354
26.16,70.04,1009.63,73.22,432.56,1,0,0,1.4798042319336315,0.46921659198321153
19.77,49.39,1019.02,91.03,451.05,0,0,0,-1.063609133323472,0.24364357068829934
26.92,62.44,1011.09,70.8,437.99,1,0,0,1.1711575137043182,0.11890509506271435
18.75,41.1,1001.97,59.6,458.31,1,0,0,0.4704224119698295,0.4175835266825775
26.29,68.24,1010.71,76.95,429.71,1,0,0,1.2400750981507915,0.5288086803015353
27.16,65.61,1014.21,47.93,441.33,1,0,0,1.7156286734158217,-1.3776098259415663
16.0,39.16,1016.37,77.63,468.49,0,1,0,-1.29497565219459,-0.2162737130801274
10.38,37.73,1021.5,75.02,475.02,0,1,0,-2.103426049557628,-0.8826878204630454
30.29,74.16,1008.77,75.23,431.39,1,0,0,2.008435469574999,0.6715910488208199
24.69,71.73,1010.13,70.54,436.78,1,0,0,1.46892702922223,0.3000739430696638
14.16,40.89,1010.78,82.86,471.15,0,1,0,-1.126125235542543,0.6888743798582229
9.97,39.99,1010.09,95.0,477.31,0,1,0,-1.7818215133004995,1.412130472779642
21.96,51.43,1007.28,89.96,442.87,1,1,0,0.03544590691677825,1.468108050855437
32.43,68.31,1010.09,42.22,439.75,1,0,0,2.6997340129161786,-1.2380780269198364
27.99,69.89,1013.94,51.25,435.79,1,0,0,1.9044864761353277,-1.1480063630987287
18.15,45.01,1013.06,72.4,455.21,0,1,0,-0.497272613681959,-0.09346173718511444
8.83,43.56,1014.9,81.55,482.43,0,1,0,-1.694988215682445,0.2305872184171603
26.62,70.36,1005.15,84.99,441.28,1,0,0,1.5297518694976275,1.5640770101526797
32.96,68.31,1010.39,42.33,443.57,1,0,0,2.720151034898603,-1.2686839196720032
24.67,68.61,1010.71,57.47,450.64,1,0,0,1.6317083292271157,-0.46283504193058855
27.06,70.47,1007.0,72.37,430.82,1,0,0,1.7745624079206233,0.7089991364338369
25.0,69.71,1009.23,80.92,438.38,1,0,0,1.1955750371090736,0.9155630768165757
15.47,38.73,1001.13,77.61,467.96,0,1,0,-0.3181374031875111,1.4421629915853496
17.36,41.23,998.08,63.46,459.1,1,0,0,0.5257710872733581,1.0509461130820303
29.62,70.02,1010.09,43.1,439.35,1,0,0,2.5202016600246195,-1.1596727175491168
13.54,40.69,1015.85,77.55,471.05,0,1,0,-1.393018301013947,-0.13465463269384526
24.52,59.15,1014.03,74.83,439.55,1,0,0,0.5222695749940387,-0.003244932543002987
9.73,38.56,1017.18,61.81,479.78,0,1,0,-1.4807672896634767,-1.0831967700488236
20.6,65.12,1015.53,71.57,452.86,1,0,0,0.44485496961752075,-0.25999446617036104
25.16,68.08,1010.89,70.16,435.78,1,0,0,1.304911302485552,0.16509552880987674
20.86,63.73,1008.54,96.83,440.42,1,0,0,0.22152218034239016,1.7921912756369902
10.31,45.01,1018.42,93.67,473.74,0,1,0,-2.0655951287456213,0.47462037428300885
20.37,69.48,1011.04,84.31,445.81,1,0,0,0.5913047356588408,0.9232898608783282
17.58,44.9,1020.52,71.48,459.78,0,1,0,-1.0337287237089667,-0.9501852901627411
19.04,51.86,1018.05,79.01,458.64,0,0,0,-0.6347369907191605,-0.24641608892128952
25.38,71.73,1009.97,72.6,434.44,1,0,0,1.4829561124377235,0.41913159074683387
32.81,77.17,1009.17,53.13,430.53,1,0,0,2.8993572823535345,-0.5058879894381669
19.41,67.32,1012.34,78.8,446.71,1,0,0,0.47218922341306185,0.48644332654208067
21.73,69.05,1001.31,86.64,439.01,1,0,0,1.2870744630637816,2.0902146500878906
22.29,56.89,1014.39,84.89,441.9,1,0,0,-0.048848495454873006,0.47395779596560705
29.39,71.14,1010.97,53.88,430.5,1,0,0,2.2089103226562736,-0.6883543955270038
20.08,58.12,1015.53,80.84,455.85,0,0,0,-0.1489176758609406,0.1657545900024291
16.51,51.86,1022.37,81.18,442.48,0,0,0,-1.1947841936101906,-0.5874553998133392
14.47,42.99,1009.78,91.15,469.0,0,1,0,-1.1564010508752822,1.2405380313700454
17.37,40.55,1001.19,71.42,460.97,0,0,0,0.07658354235830762,1.117737957369109
17.03,43.99,1021.5,82.32,460.25,0,1,0,-1.4693171922839061,-0.5008226376074066
25.91,67.07,1005.66,60.12,441.74,1,0,0,1.9412048441605796,0.2029367183144979
6.03,40.78,1025.53,98.68,480.36,0,1,0,-3.221002210979665,-0.04568613929294862
31.9,73.42,1010.82,60.58,432.27,1,0,0,2.351749205744122,-0.3249061392056534
20.03,47.45,1009.04,77.56,450.6,0,1,0,-0.09529099395586448,0.6174349832529258
31.23,68.67,1005.82,52.1,436.58,1,0,0,2.64950424455556,-0.251992856194192
13.8,45.08,1023.99,79.72,466.71,0,1,0,-1.7896752132606164,-0.8753115841932861
15.52,41.93,1022.97,52.92,471.97,0,1,0,-1.0167417135675199,-2.1849827628726493
23.68,51.3,1011.86,71.24,451.67,1,0,0,0.34859759690310826,-0.009811922160634775
23.25,70.32,1009.28,86.52,437.96,1,0,0,0.9282875829160969,1.2161005348977805
24.58,49.02,1008.85,79.32,442.47,1,1,0,0.316434004756025,0.7105438331286704
8.3,36.3,1015.97,60.62,480.58,0,1,0,-1.5848451305432474,-1.0213235548112218
9.27,42.02,1004.29,95.05,474.93,0,1,0,-1.3559771955225148,2.0673429879802243
15.52,42.86,1015.09,83.48,467.12,0,1,0,-1.237064893289162,0.2581920794260867
30.71,68.24,1006.15,34.15,429.41,1,0,0,3.0341784545415633,-1.2145371869411172
11.47,25.36,1008.27,95.4,469.51,0,1,1,-2.189401972623721,1.502845828105372
30.51,70.94,1007.64,59.42,430.91,1,0,0,2.3747982183581193,-0.04903845764507197
26.43,66.48,1004.36,55.9,435.59,1,0,0,2.15701438101576,0.11830794997296447
28.65,70.32,1008.46,58.13,433.45,1,0,0,2.1717484422283064,-0.19720341041686396
21.38,49.21,1012.49,53.77,449.66,1,0,0,0.48017322872147233,-0.9814484777397836
19.97,59.21,1017.87,83.46,450.41,0,0,0,-0.33793749105561055,0.055772590820547314
19.38,54.9,1017.08,70.46,454.1,0,0,0,-0.18309419333766117,-0.5600496722843433
17.77,44.6,1016.97,54.25,460.13,0,1,0,-0.3390091296624542,-1.4569127252680294
7.04,41.74,1021.91,88.55,488.99,0,1,0,-2.5838078923140992,-0.1736940527981763
30.3,69.51,1011.8,50.43,431.12,1,0,0,2.2457192142834663,-0.9761840678230471
14.91,43.34,1015.15,81.56,461.27,0,1,0,-1.2201691417920015,0.1605699140294228
26.87,69.23,1012.71,54.54,433.89,1,0,0,1.780833808924304,-0.8418968276110457
18.86,51.43,1010.27,86.0,446.91,0,1,0,-0.32078933506761625,0.9592988336160088
20.77,43.77,1010.76,63.12,453.46,0,0,0,0.06360624211232187,-0.35002822042334114
12.2,44.77,1018.64,76.1,469.41,0,1,0,-1.4760605233874378,-0.4712649880981047
16.17,41.79,1005.78,78.8,454.72,0,1,0,-0.47356967866208094,1.017178794454499
11.69,35.76,1019.02,55.6,471.72,0,1,0,-1.4056158072852556,-1.6400829100795409
9.17,40.67,1019.03,66.21,487.33,0,1,0,-1.6750646331471015,-1.0366414175314538
10.82,42.02,996.03,99.34,475.46,0,1,0,-0.777004237017918,3.1775703686016805
23.08,48.41,1008.44,82.35,443.5,1,1,0,0.11451061344717219,0.9169489290564685
12.74,39.13,1008.19,94.81,468.57,0,1,0,-1.4566092936721207,1.5833374436170278
26.85,57.19,1007.9,60.04,438.01,1,0,0,1.4325684109217287,-0.13108858898078934
28.44,69.4,1003.98,73.51,433.44,1,0,0,2.0173939725622656,1.0786197514037525
14.02,42.86,1030.86,68.36,467.29,0,1,0,-2.040922871087285,-2.229175878734253
14.57,41.79,1007.61,82.85,457.21,0,1,0,-0.8362228593089533,1.037951892197792
15.4,40.69,1015.1,70.25,471.66,0,1,0,-0.9976112835744132,-0.4425807618585135
16.75,42.23,1013.81,84.98,464.87,0,1,0,-1.115250088496619,0.4615185373442572
29.83,68.67,1005.33,71.15,434.28,1,0,0,2.0695655005674576,0.7944164728587304
26.25,66.56,1008.29,60.65,436.3,1,0,0,1.7536271860049173,-0.062483189617276995
27.17,63.09,1015.59,68.33,443.66,1,0,0,0.9781959207874367,-0.4950400138115262
27.49,71.94,1008.25,68.29,428.27,1,0,0,1.8962562525756022,0.37116580752540357
11.7,41.16,1017.98,95.71,462.94,0,1,0,-2.143919001726108,0.5873366761921842
24.37,73.42,1010.19,76.01,440.29,1,0,0,1.3699981815862117,0.5917400876213672
26.14,61.02,1010.13,66.71,436.17,1,0,0,1.2164984083686734,0.006165630895470018
15.91,38.62,1016.2,63.63,462.25,0,1,0,-0.9487889131225254,-0.9242763158132481
9.24,41.4,1030.72,87.36,476.9,0,1,0,-2.9867609313318546,-1.2121219258252296
14.09,41.66,1009.25,71.4,469.93,0,1,0,-0.6941834767567387,0.2704947760171114
10.61,37.5,1008.8,100.13,472.9,0,1,0,-1.884881621124469,1.793000245176055
28.72,76.86,999.31,71.74,431.74,1,0,0,2.7340434871351214,1.553881516436333
16.61,25.88,1009.34,65.47,460.97,0,1,2,-1.0330876665021516,-0.1897792841429089
24.35,51.86,1014.34,67.22,442.81,1,0,0,0.3645540730680545,-0.487438394525914
26.95,72.24,1011.16,73.14,435.65,1,0,0,1.5397827699737408,0.3108254853167145
13.89,41.49,1020.02,86.47,469.6,0,1,0,-1.8462455946463703,-0.12411390211730798
20.98,47.43,1007.39,68.15,450.0,1,0,0,0.3406212782776748,0.3046233570140249
24.74,63.87,1016.91,55.65,447.02,1,0,0,1.0533666878004302,-1.2705035176755604
16.12,45.87,1008.15,86.12,457.41,0,1,0,-0.6506730920900474,1.170251807181905
20.94,44.58,1016.98,59.65,463.69,0,1,0,-0.2200377442877474,-1.2010362518935713
21.01,58.96,1014.33,61.8,453.88,1,0,0,0.5442210382256966,-0.686155872995388
6.52,35.57,1025.37,78.32,486.06,0,1,0,-2.8673268272725783,-1.1247049856231432
13.14,43.71,1024.47,87.42,467.07,0,1,0,-2.1384838823937735,-0.5365719258860839
13.93,44.47,1025.35,81.54,469.25,0,1,0,-1.9461184921591927,-0.9352274422376621
14.46,45.87,1009.21,84.09,464.5,0,1,0,-0.8069062054558985,0.9613796728228201
21.83,62.91,1011.07,91.34,443.76,1,0,0,0.2364010932051916,1.2200634884519836
9.97,41.26,1020.6,91.14,475.43,0,1,0,-2.3415045196063593,0.07876509567125324
15.09,43.13,1015.71,54.36,466.87,0,1,0,-0.5419894220733007,-1.3075763730537084
25.63,71.58,1010.14,87.57,433.76,1,0,0,1.0942071801684885,1.170561112285797
24.17,71.58,1010.16,89.96,436.27,1,0,0,0.909886937038686,1.3017474176645067
18.6,43.56,1013.9,51.16,464.67,0,0,0,-0.02630756908757652,-1.296230589117193
31.05,69.13,1000.38,58.49,426.31,1,0,0,2.85883496756924,0.675138723609888
10.19,37.14,1012.74,73.48,475.01,0,1,0,-1.5076477358123106,-0.011870043115376488
13.26,41.78,1009.77,61.69,467.78,0,1,0,-0.5391193484465568,-0.28078214115291783
9.66,41.82,1033.19,73.19,477.67,0,1,0,-2.731700533155313,-2.2120926365461404
23.6,62.44,1011.52,78.12,440.66,1,0,0,0.6765407137820689,0.4726804454173292
15.91,71.14,1019.7,72.65,458.15,1,0,0,0.010650520960575905,-0.577725458592431
8.79,40.67,1019.5,66.3,489.02,0,1,0,-1.7408236370533963,-1.0805716302565658
30.88,67.83,1008.97,54.99,425.36,1,0,0,2.2933059056182095,-0.45013385218263946
20.98,60.07,1016.26,67.18,446.26,1,0,0,0.3185172144415323,-0.6093927419449295
14.2,42.86,1031.96,69.59,468.63,0,1,0,-2.13320201401289,-2.286671188923935
25.69,57.32,1012.34,44.18,441.43,1,0,0,1.4542873363530247,-1.4243404863619233
23.65,59.92,1010.19,89.53,436.74,1,0,0,0.3620861490634664,1.1859120922146655
15.48,44.99,1011.94,69.95,463.92,0,1,0,-0.5781487767618391,-0.07992182498229704
10.64,39.61,1018.33,66.81,471.48,0,1,0,-1.5684239292955662,-0.9480323571127287
14.48,38.92,1015.6,90.05,470.63,0,1,0,-1.7030625475409915,0.5172217251626148
10.47,43.14,1010.35,86.86,476.55,0,1,0,-1.4066945226052507,0.9855359644202651
24.65,63.86,1018.37,56.15,442.89,1,0,0,0.9328935344360829,-1.4031186016205568
16.2,45.76,1014.73,89.84,460.87,0,0,0,-1.1947318723134275,0.6444493877189317
28.61,52.84,1006.0,45.73,437.39,1,0,0,1.8895178167917657,-0.7100654112002531
23.13,61.47,1008.96,85.5,438.8,1,0,0,0.5766695978033693,1.127814644634413
13.55,42.99,1007.58,97.55,470.82,0,1,0,-1.2495832964620965,1.8167695604759737
18.71,54.9,1017.12,74.79,456.88,0,0,0,-0.35426782646081817,-0.33628237453050225
14.35,49.83,1006.39,91.23,462.54,0,1,0,-0.6357100016739415,1.6696837335659989
29.79,69.34,1008.82,65.13,434.74,1,0,0,2.01517355011455,0.10930576736454346
29.64,54.2,1013.0,39.56,438.12,1,0,0,1.7184796057501548,-1.7868372612589576
15.11,45.01,1017.01,84.39,462.21,0,1,0,-1.3307936725375573,0.11624522339409828
25.02,60.29,1017.49,54.75,445.61,1,0,0,0.9026150999571794,-1.410867734975196
23.61,49.16,1002.39,65.63,443.5,1,0,0,1.0407015886893296,0.7148828128739171
16.05,38.28,1014.38,73.89,466.75,0,1,0,-1.0962447966094475,-0.20011991952474972
19.59,59.87,1018.28,84.83,449.74,0,0,0,-0.40395499134421237,0.08977394137912233
23.23,56.89,1012.87,75.43,441.85,1,0,0,0.3795637084157094,0.14464001612151725
9.41,43.5,1021.0,88.74,473.84,0,1,0,-2.253523419753846,-0.06682144222582996
6.63,39.37,1020.33,76.18,489.16,0,1,0,-2.29117875964746,-0.6565801444853406
27.89,69.88,1007.99,85.62,430.75,1,0,0,1.4033258790742913,1.2748426658870755
22.54,51.95,1007.29,79.28,447.29,1,1,0,0.3846397173114728,0.9158693170401715
14.0,40.8,1026.17,54.82,474.87,0,1,0,-1.4598331134712428,-2.4340202819627597
6.87,39.85,1012.66,83.34,486.26,0,1,0,-1.914386763302417,0.5503951642689677
30.47,70.02,1009.65,62.03,435.72,1,0,0,2.1256977154044794,-0.14027574713373586
27.33,68.94,1007.04,61.83,431.96,1,0,0,2.002084605059153,0.1463269717826855
13.7,34.03,1018.82,69.07,470.2,0,1,0,-1.654337905755478,-0.9505609583535302
22.03,59.43,1006.88,82.05,442.9,1,0,0,0.6278983017873621,1.1672528448942547
30.32,74.22,1008.31,53.14,429.36,1,0,0,2.622150197479324,-0.4184855258880411
17.13,43.79,1016.09,58.94,465.3,0,1,0,-0.49010263205373933,-1.121120901664294
26.3,71.94,1006.64,85.12,428.83,1,0,0,1.468019172934446,1.4234726638644497
17.55,48.78,1016.81,91.27,455.11,0,0,0,-1.1293351284866926,0.5069106190818854
23.34,59.14,1017.47,78.91,439.6,1,0,0,0.08329201272957001,-0.15916797842465646
23.26,58.2,1016.72,57.98,446.87,1,0,0,0.6332986121910114,-1.1650859805566276
8.07,41.17,1019.4,86.43,484.54,0,1,0,-2.297403469998451,-0.021486483155418894
24.45,68.63,1013.38,45.35,446.33,1,0,0,1.7491059297726197,-1.377595484326091
18.41,49.69,1006.66,80.55,454.97,0,1,0,-0.04611238929453508,1.0600429761033632
18.22,58.2,1017.09,81.92,451.04,0,0,0,-0.4334867413849485,0.06501379319552776
16.54,42.86,1014.85,78.0,465.26,0,1,0,-0.9933173981368952,-0.005561840989750174
30.01,65.18,1012.87,43.95,436.91,1,0,0,2.1272589340770525,-1.4601239582251695
29.19,67.51,1011.48,55.55,446.97,1,0,0,1.953952559947032,-0.6855390058637821
14.58,41.92,1030.42,61.96,462.69,0,1,0,-1.8389097287439915,-2.523079657346666
19.41,64.45,1009.44,64.05,452.55,1,0,0,0.9287994696342847,0.017576147225208012
18.95,65.48,1018.17,71.85,452.85,1,0,0,0.1372369577683663,-0.5188052399173003
11.36,40.75,1016.34,85.19,477.5,0,1,0,-1.8033502784074071,0.22180283771403952
23.79,58.49,1011.0,75.39,445.87,1,0,0,0.6248623673805354,0.35524006487573645
16.55,41.93,1022.71,42.73,466.77,0,1,0,-0.6477287091659142,-2.6897903238135528
21.43,59.14,1015.91,64.4,448.51,1,0,0,0.4111623482959778,-0.7253739518032876
18.98,60.1,1010.09,85.34,453.37,1,0,0,0.10088116823067746,1.0138409084358364
16.38,55.5,1019.8,82.44,464.58,0,0,0,-0.9027415609798188,-0.21237840572575706
23.26,59.21,1017.71,67.16,442.38,1,0,0,0.37045099690330763,-0.7908049634765063
22.55,69.84,1006.57,76.29,438.54,1,0,0,1.3014283155572934,0.9839345937490055
10.01,40.78,1023.71,88.11,470.82,0,1,0,-2.492219514368119,-0.4204170946594932
23.33,54.2,1012.47,79.48,440.11,1,0,0,0.1906597935960532,0.37492918066861936
20.89,68.63,1012.6,69.52,452.05,1,0,0,0.8768686318768165,-0.02052312910233693
14.18,53.82,1016.9,64.57,465.25,0,1,0,-0.49371858036317556,-0.8177045244821909
8.94,42.07,1018.9,85.93,473.34,0,1,0,-2.138762714036769,0.008444683216360502
28.61,69.84,1004.02,67.26,428.25,1,0,0,2.211415328765483,0.7539789322781453
28.59,75.08,1005.58,60.3,442.7,1,0,0,2.5163035965015377,0.26714992114664704
13.91,40.24,1017.03,85.93,466.24,0,1,0,-1.681745482593371,0.1633494150725074
32.21,71.85,1008.25,58.09,429.15,1,0,0,2.5483975881116816,-0.1884034789021335
15.34,43.5,1021.18,79.44,459.77,0,1,0,-1.533334200001258,-0.6070670539592666
27.0,69.34,1008.88,74.4,439.26,1,0,0,1.5385715162936238,0.6004175377113244
23.63,65.59,1013.1,76.95,440.56,1,0,0,0.7407492094706187,0.26541709054918444
6.79,38.5,1012.61,72.46,488.69,0,1,0,-1.6927960827384496,-0.016189774930803306
9.01,40.77,1022.37,90.3,470.84,0,1,0,-2.541066714813817,-0.1547046325345145
17.92,44.2,1018.97,53.8,455.37,0,1,0,-0.46885921393933616,-1.7021492015323998
9.05,40.67,1015.57,75.48,486.55,0,1,0,-1.691310024496561,-0.1805194053421397
24.17,73.18,1011.72,86.1,437.27,1,0,0,0.9749377567160047,0.9455047609888624
26.92,63.73,1010.29,68.6,440.35,1,0,0,1.340061403715678,0.10281986188450946
15.59,52.75,1024.3,59.93,458.87,0,1,0,-0.8077790990483035,-1.8812088617243248
10.17,41.46,1019.34,83.04,480.13,0,1,0,-2.0186159573299207,-0.20198142391244606
10.66,37.5,1009.42,95.86,472.86,0,1,0,-1.8114455512890266,1.5047067766301705
32.48,69.89,1013.98,46.39,434.13,1,0,0,2.3993461467148425,-1.4339464968879427
29.05,68.24,1007.88,42.67,433.92,1,0,0,2.556585586623399,-0.9516938415697179
32.91,73.68,1014.49,50.62,426.28,1,0,0,2.456628580073521,-1.24350189993596
6.1,40.07,1020.21,67.24,494.43,0,1,0,-2.0622696986561913,-1.095799745985926
25.11,63.21,1012.21,83.58,443.43,1,0,0,0.6454026188209643,0.6753225209263376
7.89,71.14,1018.4,86.49,474.66,0,0,0,-0.9243167909412653,0.33313061426243973
22.82,69.94,1004.65,73.47,437.32,1,0,0,1.5327112356926462,1.046354489398452
14.13,43.41,1015.26,55.63,461.96,0,1,0,-0.6113866008792719,-1.1842000832138915
9.32,36.3,1027.9,77.02,478.55,0,1,0,-2.742556712814878,-1.4805340377254181
11.86,40.55,1019.82,91.45,473.31,0,1,0,-2.1717352087018083,0.16106225869282698
10.05,40.46,1018.71,67.38,469.06,0,1,0,-1.6204473028170543,-0.9491009000879462
11.22,40.22,1011.01,81.67,476.7,0,1,0,-1.3829078834838915,0.6170869426560739
31.68,70.79,1004.05,54.5,429.55,1,0,0,2.8380727668956154,0.0786292778519291
10.27,42.34,1022.69,92.78,474.55,0,1,0,-2.454472549233349,-0.05747351288217383
9.34,40.77,1012.14,90.81,477.36,0,1,0,-1.8297050894817104,0.9831996762486269
28.83,66.44,1008.47,77.49,430.01,1,0,0,1.5089652243508929,0.7687217838749587
24.01,67.17,1007.44,86.87,443.09,1,0,0,0.9684365908732594,1.4039405679788255
9.68,41.48,1018.24,71.04,473.31,0,1,0,-1.6696115392453248,-0.6982290769971027
14.86,44.71,1018.3,49.46,466.38,0,1,0,-0.5398500647027846,-1.8282457493082165
8.74,36.3,1015.18,61.97,438.63,0,1,0,-1.5299457732295458,-0.8686193091922441
16.55,46.18,1009.97,96.54,455.8,0,1,0,-0.9978811314261129,1.5096043459269177
27.65,48.41,1008.54,58.25,440.94,1,0,0,1.1146413736399872,-0.3693728649477172
10.1,41.17,1019.18,84.87,479.95,0,1,0,-2.0740904623997367,-0.09194122539233461
28.75,64.84,1009.61,58.24,441.3,1,0,0,1.857118815797543,-0.36156009498726216
18.75,63.09,1018.19,87.84,450.98,0,0,0,-0.40383890910355547,0.2866468157958041
18.32,45.0,1022.67,46.38,471.43,0,1,0,-0.45893733443931223,-2.484361306433253
28.62,68.24,1010.15,69.31,428.08,1,0,0,1.6702053121159939,0.17943114607803567
11.46,39.1,1010.17,100.15,470.55,0,1,0,-1.8381087700156276,1.6519494248275186
13.92,43.41,1015.12,61.64,464.76,0,1,0,-0.7762213414392121,-0.8572443191438877
22.89,74.78,1009.79,81.57,443.7,1,0,0,1.1897870090769438,0.9434044231866383
21.13,47.43,1006.97,64.26,448.83,1,0,0,0.4832854200090335,0.14849874156988907
24.78,68.94,1007.29,70.56,435.93,1,0,0,1.546448471786557,0.58723343059879
17.03,47.83,1004.94,79.68,460.43,0,1,0,-0.10201955972957914,1.1968453670694734
25.41,65.12,1016.01,53.39,442.86,1,0,0,1.2841922936480576,-1.2836984930058377
21.47,60.93,1006.46,87.83,442.75,1,0,0,0.5254081819455324,1.5272944672079343
10.8,41.39,1019.74,74.08,478.75,0,1,0,-1.7628417734961725,-0.7129786475956357
11.67,36.18,1016.03,61.44,472.76,0,1,0,-1.3375045000211199,-1.0095144190864906
19.61,56.65,1020.64,63.74,457.41,0,0,0,-0.15406630131259885,-1.2820660371638584
21.48,47.43,1006.88,63.54,449.2,1,0,0,0.5371235139563678,0.11873504413281256
21.48,66.91,1008.58,84.49,447.42,1,0,0,0.7326250365473375,1.1721386847471515
14.17,43.13,1014.94,48.62,471.08,0,0,0,-0.41543556757513117,-1.5137924706306158
24.15,64.63,1020.72,58.06,448.87,1,0,0,0.7154471812607168,-1.550757456798138
28.81,69.23,1013.14,39.18,433.74,1,0,0,2.313010013619327,-1.6949595886754412
16.53,46.18,1010.2,95.42,458.67,0,1,0,-0.9859459678809136,1.4268767176157509
22.1,68.12,1012.71,79.77,440.08,1,0,0,0.6789117387982472,0.4843008982406287
16.22,50.88,1014.33,100.09,454.94,0,1,0,-1.2079187487402325,1.2582824015868672
10.9,40.67,1016.66,65.09,482.4,0,1,0,-1.3414296277403295,-0.8482412997321573
13.9,40.2,1013.13,89.91,464.17,0,1,0,-1.5224449300855527,0.7931977672904678
30.61,77.17,1009.49,73.19,430.46,1,0,0,2.1717734148992887,0.5099388094850494
5.9,45.87,1013.25,87.0,481.27,0,1,0,-1.8648979952325169,0.7302304880658733
5.67,45.87,1008.91,93.29,478.44,0,1,0,-1.7523565168061384,1.5290690692414615
17.82,65.94,1013.44,88.13,452.82,1,0,0,-0.038682773396719064,0.8481037924678128
9.34,41.49,1020.58,97.59,471.04,0,1,0,-2.550543221839846,0.4200935988825997
27.07,66.93,1017.32,55.38,446.48,1,0,0,1.359691326106982,-1.3203542978463452
25.52,71.98,1006.89,86.94,433.42,1,0,0,1.3408014379252806,1.4958655914472339
33.37,79.05,1007.19,62.64,430.42,1,0,0,2.9149499955501867,0.211981423903072
22.25,66.54,1004.64,89.15,437.19,1,0,0,0.9267131791381593,1.8334609546751792
28.34,63.77,1013.7,61.13,439.75,1,0,0,1.421741469036658,-0.6634898054838316
32.87,71.32,1004.36,54.69,433.15,1,0,0,2.9335588114670434,0.05082447933562285
9.84,40.72,1022.21,77.79,477.52,0,1,0,-2.1369594982150373,-0.7892108158614752
15.8,53.82,1015.87,68.48,463.09,0,1,0,-0.3919583692328437,-0.5147668024741355
21.96,71.85,1009.38,75.98,441.52,1,0,0,1.1578726414411706,0.6822029529520149
8.3,40.35,1012.37,98.17,481.77,0,1,0,-2.142064862444244,1.3418545467100969
8.39,36.3,1015.39,62.23,479.57,0,1,0,-1.5799448933106304,-0.8756694507503354
12.55,39.58,1010.68,76.9,472.31,0,1,0,-1.1542076521944165,0.39251389625050565
24.37,65.61,1014.5,65.67,443.13,1,0,0,1.0020170860021267,-0.4742599753346908
33.43,69.88,1006.86,44.84,435.59,1,0,0,3.0032387953138864,-0.7453232227930469
13.04,41.04,1026.27,69.75,464.91,0,1,0,-1.925439482163141,-1.6656254845521807
13.52,39.39,1012.91,84.03,474.82,0,1,0,-1.420871952305602,0.5096564175216902
11.46,38.91,1012.34,77.37,477.5,0,1,0,-1.3991676005880047,0.23809043263693885
19.75,57.32,1010.76,79.29,443.63,1,0,0,0.15428175746522585,0.6008949920297972
7.19,39.37,1019.67,70.77,480.4,0,1,0,-2.058593024312305,-0.8678481535022906
26.76,70.98,1007.64,90.51,437.83,1,0,0,1.2546384424190262,1.581987308091586
29.67,71.98,1005.16,67.75,425.14,1,0,0,2.3027279356735035,0.6651497945154063
32.86,66.44,1010.98,44.99,429.32,1,0,0,2.519719054906937,-1.2099744593016872
10.02,52.75,1021.93,73.68,473.09,0,1,0,-1.465229869820693,-0.8752386788660703
17.41,40.55,1003.91,76.87,461.47,0,1,0,-0.24797003544229895,1.1026813639215554
26.53,65.61,1014.29,50.9,442.64,1,0,0,1.5805674743059563,-1.2286836171767541
29.82,69.75,1010.09,65.02,442.6,1,0,0,1.952015511633025,-0.031551561141708255
30.56,69.14,1007.49,71.0,432.26,1,0,0,2.007196241544135,0.5502925410638523
13.92,43.5,1021.14,88.44,461.45,0,1,0,-1.8829876796308667,-0.12836725000967764
19.94,38.52,1018.4,55.9,450.48,0,1,0,-0.5685717645862414,-1.5912263488327922
21.03,44.78,1007.99,36.82,459.72,1,0,0,1.0056887094872844,-1.3998635223721767
31.33,65.18,1011.97,36.62,435.77,1,0,0,2.489106530305845,-1.7495775220830978
11.7,41.16,1019.58,87.49,464.12,0,1,0,-2.038206178658408,-0.011242726199454314
16.94,50.59,1018.75,94.22,460.64,0,0,0,-1.3092319937703418,0.46673292398315525
26.06,67.83,1009.26,66.37,432.28,1,0,0,1.5783370916168036,0.1387386904637567
15.39,42.28,1007.35,81.35,467.3,0,1,0,-0.6900168350144442,0.9871642668141547
10.98,37.5,1011.12,97.51,472.34,0,1,0,-1.9440507470270167,1.4026109955229829
28.41,74.16,1010.29,72.09,439.2,1,0,0,1.8316881163711436,0.35683195575842896
4.88,40.27,1012.66,74.51,491.29,0,1,0,-1.8293819657180828,0.111509148005276
6.58,40.67,1020.18,71.07,494.84,0,1,0,-2.094234953548895,-0.8932487650264199
13.79,40.0,1016.02,70.17,461.16,0,1,0,-1.2215491526452915,-0.541436976806319
27.16,71.32,1007.81,89.07,430.53,1,0,0,1.3286817138025981,1.4891408489200173
7.65,41.01,1024.31,97.17,475.89,0,1,0,-2.954518443908796,-2.680827555922289e-05
16.3,41.16,1007.88,76.61,463.47,0,1,0,-0.5765607854708116,0.6695075507445303
23.04,63.86,1019.83,59.78,446.22,1,0,0,0.6056154772244688,-1.363675367259202
25.74,65.38,1009.6,54.34,452.94,1,0,0,1.7350830100195591,-0.5369007179094838
24.31,44.05,1006.16,73.3,442.69,1,1,0,0.4157332736775897,0.6544444166672676
23.43,69.23,1013.09,63.48,441.6,1,0,0,1.2373893590863345,-0.3982219942423833
14.91,46.9,1019.59,98.1,461.73,0,1,0,-1.7981252738891487,0.5597340971362857
31.28,75.08,1005.39,49.53,438.63,1,0,0,3.0327113298552586,-0.2865647734566513
25.84,67.83,1009.26,59.55,433.32,1,0,0,1.7383918074576907,-0.2118538872349583
24.57,49.82,1016.82,65.25,452.3,1,0,0,0.17517033550352729,-0.8770982227026447
13.42,48.04,1011.63,99.32,461.36,0,1,0,-1.3600346348667134,1.5087568393233421
25.31,65.59,1011.16,79.71,440.96,1,0,0,0.9395532980967805,0.6076535143102226
22.78,59.92,1011.28,88.78,440.87,1,0,0,0.2355642776926751,1.0344583823196927
20.19,58.86,1014.3,71.64,450.67,1,0,0,0.2170490833230359,-0.17008325205148933
17.98,39.63,1005.42,82.12,466.69,0,1,0,-0.4816201365548818,1.1980107146237162
22.71,75.23,1010.48,76.86,444.0,1,0,0,1.2708046601257037,0.6299698604468424
13.68,41.7,1019.19,84.07,464.46,0,1,0,-1.7350185957536395,-0.1545228228570248
24.87,65.75,1006.45,65.75,435.6,1,0,0,1.5961926989457174,0.4040553219060692
7.53,41.74,1022.45,90.85,487.25,0,1,0,-2.6402815361489798,-0.11709453751423347
24.97,68.61,1011.0,55.04,453.26,1,0,0,1.7001961618475354,-0.6219130946660307
13.55,40.71,1019.13,75.44,467.21,0,1,0,-1.5597956604946797,-0.6006169016493866
8.66,40.11,1032.86,75.31,479.76,0,1,0,-2.9225279412607934,-2.0736552122460514
16.84,45.01,1016.14,75.74,456.85,0,1,0,-0.9026584688977832,-0.2474236002901946
23.05,68.67,1006.69,76.43,447.34,1,0,0,1.2792735590887305,0.9652562048568263
17.7,49.78,1005.19,100.09,451.24,0,1,0,-0.5111233651757818,2.234461164207894
19.39,68.61,1011.09,96.51,446.47,1,0,0,0.14985557365772637,1.5473825526942202
30.05,56.9,1007.02,41.96,437.55,1,0,0,2.2163434002459717,-0.9928904662006145
19.82,63.9,1013.19,78.96,449.61,1,0,0,0.2931150260046349,0.3718069966988797
19.1,56.53,1020.18,76.38,455.52,0,0,0,-0.5003840241271341,-0.5768993190069001
17.47,43.56,1014.15,54.71,460.87,0,0,0,-0.22938322786832324,-1.1324538728470468
23.86,45.87,1007.71,48.73,446.67,1,0,0,0.9951949639052848,-0.765056633309316
26.31,63.77,1014.15,69.36,440.1,1,0,0,1.008454551007423,-0.27372547584029305
26.74,69.89,1013.96,51.82,436.02,1,0,0,1.7850572357107393,-1.1122159204300726
9.94,40.46,1018.9,68.51,473.74,0,1,0,-1.6720079289008218,-0.9106978359482889
27.01,71.25,1000.46,87.95,431.38,1,0,0,1.8435829283275722,2.232038289532913
21.01,51.19,1008.44,81.49,446.2,1,1,0,0.08869808608974196,0.9090862319485363
34.97,73.56,1006.57,44.69,435.15,1,0,0,3.3162824441008922,-0.7023718156153932
22.51,68.63,1015.1,57.19,450.75,1,0,0,1.1623298799232515,-0.9403488013196192
21.03,67.45,1015.01,68.59,447.11,1,0,0,0.696394350298515,-0.3413954531503998
29.05,75.6,1017.63,51.16,439.14,1,0,0,1.994499690171273,-1.5156632073807195
23.6,57.17,1009.84,74.27,446.05,1,0,0,0.6593354661602646,0.41438267441757853
5.62,43.65,1017.9,77.43,481.69,0,1,0,-2.0528353667448687,-0.28609456065303085
21.16,65.48,1016.99,72.79,446.37,1,0,0,0.3755292870088836,-0.3568989151356107
21.89,58.62,1016.15,74.59,450.05,1,0,0,0.1435667603915979,-0.23275792872002926
9.66,40.05,1015.78,89.06,481.14,0,1,0,-2.037472421938683,0.48854791969491995
25.69,59.07,1006.89,82.34,440.6,1,0,0,0.905851604793954,1.1532289843389314
8.33,38.08,1018.94,73.78,481.89,0,1,0,-2.0502600424491435,-0.6511497400596166
7.32,41.22,1015.42,97.25,484.21,0,1,0,-2.3684935059611423,0.9759814684749365
21.11,41.67,1012.44,52.86,460.33,1,0,0,0.15264852261671347,-1.0818756178564068
12.25,40.75,1016.02,82.4,475.07,0,1,0,-1.635170567058921,0.10652391350182973
24.57,51.95,1005.8,70.07,448.15,1,0,0,0.8944390624105073,0.5887444543331036
16.64,48.92,1011.55,78.76,452.56,0,1,0,-0.5127622704715289,0.4411049730883516
11.57,41.54,1020.13,69.14,476.89,0,1,0,-1.5901774450092268,-1.0145312186432698
29.23,75.6,1017.72,52.26,438.92,1,0,0,1.9744763868644981,-1.4699025128251566
32.37,67.83,1008.32,57.39,426.76,1,0,0,2.3978867237868586,-0.2656384950744673
26.17,58.86,1014.52,51.28,443.69,1,0,0,1.2276459605402907,-1.2860196006612554
6.05,38.68,1017.46,66.13,483.5,0,1,0,-1.9111874370889044,-0.8645441125447231
8.64,41.66,1014.14,80.44,481.89,0,1,0,-1.7136186105353424,0.24202265997481687
25.91,75.6,1018.23,62.65,443.2,1,0,0,1.3941835204024338,-0.9663427527995844
25.02,59.92,1009.9,76.27,436.64,1,0,0,0.8414289009928568,0.5235531258218498
25.96,68.08,1010.86,67.07,435.84,1,0,0,1.4537306253725137,0.003368621302470823
25.5,59.27,1012.92,68.88,442.65,1,0,0,0.8396017856500069,-0.19529911736199984
14.85,45.01,1013.12,85.53,460.19,0,1,0,-1.1168337714380963,0.6004146130776834
19.06,44.63,1004.23,84.43,456.54,0,1,0,-0.1512692470031049,1.4797309190181644
15.22,41.67,1013.18,67.17,469.93,0,1,0,-0.7578779824797547,-0.3834207577233311
26.07,71.37,1008.6,79.48,439.25,1,0,0,1.4376565453575876,0.9158745117754099
7.62,44.71,1020.56,69.96,486.07,0,1,0,-1.8271808025303586,-0.966491867875344
16.94,49.64,1024.43,69.22,459.25,0,1,0,-1.0850889498065177,-1.4500240474056443
26.18,69.14,1006.54,85.95,436.0,1,0,0,1.3197958309883742,1.455476561095803
21.91,48.7,1006.89,83.97,449.8,1,1,0,0.09407051492940417,1.1796766217518464
23.24,63.78,1017.1,63.8,446.95,1,0,0,0.699672843119142,-0.8609070740570446
22.48,50.05,1005.55,82.36,442.56,1,1,0,0.33406409919920604,1.2494345558537279
12.8,41.16,1022.43,86.19,462.72,0,1,0,-2.107750036097291,-0.3961778819461028
26.17,66.54,1002.23,75.6,433.81,1,0,0,1.7686382440607227,1.3695301131105702
29.71,73.18,1012.35,63.06,427.04,1,0,0,1.9912966699016859,-0.3504257505431602
7.41,39.16,1015.23,90.66,486.91,0,1,0,-2.266731264805041,0.6392384842347807
16.25,58.16,1018.34,78.59,458.31,0,0,0,-0.596053277585913,-0.22986444002838258
14.28,44.84,1024.84,79.09,474.57,0,1,0,-1.802126790866452,-1.0055963028198225
22.12,47.93,1005.5,84.47,443.41,1,1,0,0.15915570932238426,1.3491942658064473
23.06,63.9,1013.54,65.28,447.36,1,0,0,0.894143383361188,-0.39469449421856495
13.46,39.85,1012.76,72.94,472.5,0,1,0,-1.105525045605012,-0.04243925340647576
26.76,49.02,1007.96,70.05,439.4,1,0,0,0.7992755038519116,0.31396924278853233
28.57,51.43,1012.02,47.79,450.04,1,0,0,1.359795949644085,-1.270248176172683
10.31,38.18,1018.02,70.1,476.31,0,1,0,-1.7235435515060893,-0.7536913572672899
28.47,69.23,1013.18,40.73,434.12,1,0,0,2.241717483146359,-1.6169699199423235
8.35,40.77,1011.77,90.25,478.82,0,1,0,-1.8715577642444872,1.0013379194200411
24.42,57.32,1011.46,55.92,443.94,1,0,0,1.102684407325994,-0.713749620193105
25.64,50.05,1006.97,67.72,440.86,1,0,0,0.880625739875267,0.317417574189324
7.69,39.96,1023.9,89.18,478.05,0,1,0,-2.7607713720268316,-0.3766169282437666
11.54,45.51,1017.19,83.02,474.73,0,1,0,-1.5798785132509694,0.05433781582197556
15.62,40.89,1007.01,79.21,466.15,0,1,0,-0.6532161030432554,0.9009333287650221
18.74,45.09,1014.24,41.54,456.25,1,0,0,0.28090227196176004,-1.8185327947586198
20.12,65.94,1009.93,76.24,447.46,1,0,0,0.7011500131618169,0.6007089605289355
17.85,48.14,1017.16,86.68,451.9,0,0,0,-1.0367118249765037,0.2246303971512018
17.21,52.9,1019.91,77.31,460.88,0,0,0,-0.8223141108872726,-0.5158154901790595
20.99,67.07,1005.17,82.41,442.02,1,0,0,0.9860721837882116,1.440667835864372
17.69,46.36,1019.55,86.64,462.81,0,1,0,-1.2902932724888854,-0.05089966801111256
20.58,49.15,1021.42,56.15,453.87,0,1,0,-0.25951420851041646,-1.8258806093843367
12.04,38.25,1013.08,82.45,472.13,0,1,0,-1.5635907236522728,0.41050581459745145
29.07,71.64,1006.07,69.53,440.51,1,0,0,2.1296615667849665,0.6593269018138241
21.81,65.46,1013.97,52.16,444.66,1,0,0,1.1732719017458926,-1.0977512087178325
9.48,40.8,1023.82,78.98,485.36,0,1,0,-2.304006521779333,-0.8999653784001256
13.69,44.85,1016.89,79.87,470.78,0,1,0,-1.3287572156272873,-0.09562972392785239
32.18,69.75,1009.94,52.91,438.26,1,0,0,2.4734744213346804,-0.6565467702701745
23.48,60.23,1011.91,79.48,437.44,1,0,0,0.5070734832187984,0.4834485487119473
27.82,76.09,1007.83,76.07,434.52,1,0,0,1.9317967971439887,0.8497263361650484
25.26,74.33,1014.79,79.56,433.49,1,0,0,1.0771974060379603,0.27542279216562554
14.12,42.99,1007.13,78.16,468.45,0,1,0,-0.6651792111936345,0.8608240671824907
23.14,60.27,1018.51,80.54,442.59,1,0,0,0.003107191521752871,-0.17778118192150805
17.74,50.88,1015.56,89.78,457.71,0,0,0,-0.8969107769526506,0.5817023761641174
10.15,41.17,1019.38,82.3,480.71,0,1,0,-2.0164425832542827,-0.24673983281246548
8.35,43.79,1016.2,85.23,484.21,0,1,0,-1.909257466364979,0.2841643070481391
20.35,68.61,1011.17,86.69,450.89,1,0,0,0.4802423627195352,1.025136472009472
22.06,45.61,1014.3,77.75,455.61,0,0,0,-0.37244026919629863,0.025850645368870474
15.64,44.21,1020.17,83.28,462.42,0,1,0,-1.5087541484672193,-0.29518274361783026
9.32,36.66,1027.46,70.76,479.13,0,1,0,-2.5331074147608477,-1.752912217675103
29.28,65.71,1013.76,48.05,445.49,1,0,0,1.922559642610348,-1.3360986216889623
7.52,39.61,1018.61,78.96,481.54,0,1,0,-2.1625191081506214,-0.3299335820557461
29.08,67.79,1010.91,55.96,442.78,1,0,0,1.985365546035567,-0.5993040879309869
7.55,42.85,1011.21,93.25,484.93,0,1,0,-1.8860966421079486,1.239411424365161
26.51,44.57,1007.56,52.23,445.32,1,0,0,1.0753708871451255,-0.5966083458576604
26.52,63.94,1018.23,42.41,440.47,1,0,0,1.4593480833430494,-2.109362164987304
25.35,63.21,1012.31,80.16,442.23,1,0,0,0.7477614829686293,0.4862307056128931
11.36,41.48,1012.8,76.16,465.37,0,1,0,-1.2938567284419096,0.14692244561369977
11.89,40.64,1021.29,97.16,476.99,0,1,0,-2.414718909102094,0.2963203524931606
20.19,66.86,1012.97,64.7,454.84,1,0,0,0.8417815691938716,-0.31912483931487756
20.04,48.92,1011.14,68.92,447.89,1,0,0,0.052943837930212054,-0.04549444396096663
10.32,39.28,1016.56,94.13,478.88,0,1,0,-2.2026081103410986,0.6546592217733195
12.01,41.48,1017.75,66.67,469.08,0,1,0,-1.3297018038891046,-0.8864080262567264
23.08,61.86,1013.44,84.64,441.44,1,0,0,0.30677669181042183,0.5991219207842831
19.81,66.54,1013.88,80.09,449.07,1,0,0,0.33211335727504204,0.37635287320750394
24.1,71.29,1007.96,67.56,442.8,1,0,0,1.6266456336591577,0.38297943690567926
14.47,39.58,1011.31,69.85,467.34,0,1,0,-0.8544654807853471,-0.05316808285948712
32.25,77.54,1010.46,54.57,430.86,1,0,0,2.7438724962242533,-0.5651921460276358
9.51,40.81,1015.69,82.52,475.29,0,1,0,-1.8393135417519122,0.16785355791280682
12.63,41.48,1009.61,87.69,461.09,0,1,0,-1.2728395465539455,1.0808268739002895
30.91,76.2,1008.53,58.08,434.94,1,0,0,2.6140566333273108,-0.17548388142837562
8.38,39.22,1015.03,75.14,478.82,0,1,0,-1.7648380160887502,-0.1463801357770548
22.63,57.17,1009.83,77.43,433.54,1,0,0,0.497382794635187,0.5852401464457835
5.71,40.77,1022.49,87.9,487.48,0,1,0,-2.7589054187577906,-0.2691273910239099
13.09,43.67,1012.22,91.91,474.45,0,1,0,-1.4265331987920062,1.0290167775288899
22.72,62.4,1010.28,80.79,445.22,1,0,0,0.6169147369318443,0.751224410974989
23.67,72.24,1011.22,90.45,435.94,1,0,0,0.8126451336950329,1.22036579618558
18.19,43.96,1011.87,79.68,464.58,0,1,0,-0.6493664819485636,0.40321692533792
25.58,47.01,1014.5,63.53,454.39,1,0,0,0.33775964324835106,-0.7428335740968198
6.79,40.0,1019.01,81.83,480.83,0,1,0,-2.3078430203593263,-0.21718652153637397
19.05,62.96,1020.48,83.04,454.26,0,0,0,-0.41550642656339676,-0.2135916865680404
25.32,63.77,1014.55,74.69,441.5,1,0,0,0.7601944706126378,-0.035341167528851906
15.09,39.52,1017.05,72.43,469.8,0,1,0,-1.2646919638461165,-0.5496539011090061
23.44,72.24,1011.28,88.03,438.34,1,0,0,0.8528078412579729,1.0904673586725955
8.26,44.71,1020.85,68.82,485.19,0,1,0,-1.764339313999506,-1.0612942271896553
17.22,36.71,1013.77,67.92,465.32,0,1,0,-0.8713061539192919,-0.4625572776607816
27.46,68.08,1013.06,46.49,433.72,1,0,0,1.9653205961199103,-1.3088957904284932
11.52,40.03,1017.56,87.87,472.31,0,1,0,-1.975094990922975,0.22043813400542672
27.55,63.13,1012.92,71.29,440.75,1,0,0,1.1160086937854787,-0.05379224564948951
6.5,38.5,1013.92,90.1,486.78,0,1,0,-2.2669930121536632,0.7538597654345767
13.35,39.58,1012.41,83.45,465.85,0,1,0,-1.3772819381312917,0.5368441480505197
21.5,59.87,1019.05,76.56,444.05,1,0,0,-0.08270326193076065,-0.4340676005946144
22.46,48.41,1008.66,80.85,442.57,1,1,0,0.08753517642769694,0.8197913678406097
22.05,63.31,1012.39,76.95,444.37,1,0,0,0.5582247563838267,0.335150782660297
18.28,41.1,1002.0,65.69,460.03,1,0,0,0.27044751535653294,0.731936521109893
14.56,53.82,1016.37,64.46,463.64,0,1,0,-0.42334633517303183,-0.7682741273780407
26.0,70.47,1009.61,74.66,435.05,1,0,0,1.4492914407398587,0.5502938519421117
13.14,40.66,1016.47,94.76,466.95,0,1,0,-1.9193384848259574,0.6888315655446685
24.17,59.44,1012.66,78.53,447.13,1,0,0,0.5028855365086958,0.34166595316060344
26.11,73.17,1009.8,65.18,434.94,1,0,0,1.8121770199024707,0.06118065158594733
9.38,44.77,1020.41,85.26,473.9,0,1,0,-2.0688470189459403,-0.1718098162126399
18.77,49.21,1012.2,58.69,454.86,1,0,0,0.15595926891817563,-0.6780362017057417
10.0,39.66,1016.83,78.91,479.97,0,1,0,-1.832961563865166,-0.1552527249687642
10.1,44.03,1008.11,90.29,471.59,0,1,0,-1.3349067824863636,1.4162017641765259
10.35,40.27,1005.09,92.42,477.8,0,1,0,-1.3298097012809527,1.822985628337755
12.95,40.1,1015.31,86.01,471.07,0,1,0,-1.651979215883438,0.3601824840854493
21.76,47.93,1005.34,86.28,444.77,1,1,0,0.0930538143267738,1.462519333600509
25.06,52.36,1014.7,67.98,454.13,1,0,0,0.400796293640024,-0.4882218116990288
8.39,52.72,1026.06,86.76,473.45,0,1,0,-2.224451172353922,-0.6387320408960208
23.56,71.85,1009.67,74.78,439.48,1,0,0,1.3015173734783516,0.5777437495654447
23.58,58.82,1009.68,81.38,445.01,1,0,0,0.5555483891300796,0.8122983576547471
20.71,45.61,1013.64,82.39,457.4,0,0,0,-0.5601156170194985,0.3464835181168833
13.4,41.78,1010.2,64.57,466.68,0,1,0,-0.6321373483389452,-0.17987095613651888
10.36,41.46,1017.53,92.04,478.27,0,1,0,-2.114711707821538,0.45843334273771175
13.67,42.32,1015.41,79.04,464.56,0,1,0,-1.3193613152968078,0.002417705599962164
29.35,71.58,1010.07,61.8,434.45,1,0,0,2.079410329650659,-0.17766064046645486
6.61,36.24,1013.57,91.8,483.12,0,1,0,-2.3781146851736015,0.8607770452616401
13.92,39.85,1012.64,68.03,473.47,0,1,0,-0.9310740602687545,-0.2860050480035342
27.18,62.66,1009.89,52.83,442.16,1,0,0,1.7537015459401368,-0.6781809002114801
11.41,41.54,1019.94,66.49,477.89,0,1,0,-1.5211827844477417,-1.1295624495288223
26.61,69.13,1002.05,51.97,430.17,1,0,0,2.5488891723346994,0.18704003749038633
20.32,67.71,1007.42,63.71,446.22,1,0,0,1.29423887041557,0.23999997830346131
20.97,44.63,1007.64,73.69,453.26,0,1,0,0.05453842402832189,0.5409310137780629
25.34,49.5,1013.25,50.8,457.12,1,0,0,0.8455991422959919,-1.2422491573007675
6.22,39.85,1012.05,86.88,443.73,0,1,0,-2.0189511552076036,0.8040116963480186
11.87,36.43,1023.42,79.5,474.17,0,1,0,-2.285727676729624,-0.8810983479479564
11.92,41.2,1016.99,81.24,476.0,0,1,0,-1.67838776030461,-0.05309617278181638
28.15,71.25,1000.51,81.04,431.28,1,0,0,2.114830707844676,1.8620631120390085
28.01,65.34,1014.68,46.86,440.77,1,0,0,1.769797959272106,-1.49200617306234
16.51,41.79,1007.1,74.03,457.74,0,1,0,-0.4108563973549874,0.6248753184546424
13.51,39.31,1012.18,75.19,466.46,0,1,0,-1.1444578890983679,0.13217964765569035
18.34,65.94,1013.27,85.42,451.29,1,0,0,0.08664126794810867,0.7231512511766097
10.04,41.62,1013.36,95.17,463.87,0,1,0,-1.9315607915318658,1.0775251508846988
20.3,56.53,1020.27,76.49,454.12,0,0,0,-0.41035012316454134,-0.5892184748923144
18.6,56.85,1012.34,80.24,450.26,0,0,0,-0.0939013650285144,0.48198372621331176
19.79,51.19,1008.77,94.72,447.96,0,1,0,-0.3802072909815381,1.564516362015445
11.18,39.61,1018.56,68.0,468.75,0,1,0,-1.570630531046923,-0.9153279690541413
10.91,40.1,1014.07,91.45,478.34,0,1,0,-1.8779670403975957,0.7899810115708734
18.92,46.93,1009.89,77.98,453.66,0,1,0,-0.2787584392359174,0.5499668490294671
14.1,42.18,1015.05,78.25,463.3,0,1,0,-1.2448557030542127,-0.0032369375655148715
24.69,59.92,1010.12,80.58,436.33,1,0,0,0.6865685505576153,0.7243666554100985
23.61,43.77,1011.81,56.08,444.55,1,0,0,0.41038665741090413,-0.8472089189402736
27.0,60.96,1012.36,58.97,450.15,1,0,0,1.3350532403382427,-0.6425857134294765
15.87,45.0,1021.92,40.0,470.85,0,1,0,-0.4433046375097146,-2.7153424512524533
30.2,74.34,1004.17,74.77,431.77,1,0,0,2.3345777444849682,1.1507496102660697
14.18,39.3,1020.1,67.48,464.32,0,1,0,-1.4280919775884862,-1.1328418694315976
11.23,43.67,1012.57,72.1,475.41,0,1,0,-1.0862603482058482,-0.019111961637351592
32.95,75.08,1005.32,47.7,436.3,1,0,0,3.223139855586724,-0.38483088722648395
24.33,46.93,1013.83,44.59,447.54,1,0,0,0.7716595929465844,-1.6398028302337448
9.55,38.08,1019.34,68.38,479.23,0,1,0,-1.83572895995595,-0.9818223916742721
27.58,65.27,1013.51,50.43,441.3,1,0,0,1.7177006990034742,-1.1779357619811561
25.56,58.82,1010.44,70.23,441.0,1,0,0,0.9585164985360605,0.1403817372978148
5.74,37.8,1021.37,74.47,490.81,0,1,0,-2.4600758773287756,-0.8646616145669203
8.22,41.82,1032.77,71.63,477.86,0,1,0,-2.781155030997273,-2.2370627599003963
23.18,59.04,1011.44,79.28,443.12,1,0,0,0.46711643509027867,0.5167603660765435
26.91,70.02,1010.75,59.48,445.31,1,0,0,1.8235055545090868,-0.36736723461999976
16.14,54.3,1017.93,65.68,460.73,0,1,0,-0.4100114951934806,-0.8820690174614961
20.69,50.78,1008.71,91.95,447.58,0,1,0,-0.24752717163844096,1.4185905992075343
24.18,66.48,1003.3,70.99,433.37,1,0,0,1.6492586369611744,1.028143114515535
2.8,39.64,1011.01,82.96,482.66,0,1,0,-2.137148514100762,0.7365436388616771
25.26,65.61,1014.43,58.35,447.34,1,0,0,1.2715255700318548,-0.8506286198470332
10.11,52.75,1021.79,76.08,470.35,0,1,0,-1.5109709559480229,-0.7367059285464714
17.44,45.01,1013.65,75.13,456.08,0,1,0,-0.6674356384899242,-0.011907538932941128
25.37,59.14,1017.27,78.07,437.19,1,0,0,0.28642722205455795,-0.19462889791635235
9.45,41.92,1029.32,91.09,467.79,0,1,0,-2.9485225736491145,-0.8643694168230921
10.39,39.69,1003.31,89.6,473.0,0,1,0,-1.1570352670041535,1.866256526843037
26.2,74.67,1016.69,84.38,430.22,1,0,0,0.9142847717674853,0.3137112295434215
22.85,47.43,1008.13,66.36,448.15,1,0,0,0.4912885292897168,0.1188640520589176
12.65,44.03,1007.13,85.23,466.01,0,1,0,-0.9254018526166466,1.2442476423609967
15.14,41.93,1020.95,61.26,469.68,0,1,0,-1.1283198930345484,-1.53188270436208
28.51,70.02,1010.58,54.68,441.66,1,0,0,2.092583016073867,-0.6075992126015052
22.55,70.79,1006.19,92.56,436.43,1,0,0,0.944069773589963,1.8729311598118323
24.35,66.49,1012.48,62.12,439.15,1,0,0,1.2696466633927261,-0.4303754743773178
12.64,41.79,1016.38,92.65,461.46,0,1,0,-1.849514683888257,0.6022163166970882
24.2,64.33,1011.15,84.23,442.78,1,0,0,0.6749558396411286,0.8395307719553224
7.52,41.66,1015.2,78.41,483.28,0,1,0,-1.8252818177381802,0.02946096006608207
21.54,58.12,1015.33,78.67,454.32,1,0,0,0.04192563551740244,0.06552438109361018
23.43,60.32,1015.34,69.34,446.88,1,0,0,0.538034783848208,-0.4124360525247074
23.24,63.76,1010.1,79.16,441.35,1,0,0,0.7746596033753771,0.6940726685818206
24.67,69.14,1006.25,88.51,440.03,1,0,0,1.1480413751446703,1.62953347593562
6.77,40.78,1024.86,96.58,478.24,0,1,0,-3.059371391345209,-0.08621004332556546
31.94,69.98,1013.32,56.17,432.03,1,0,0,2.148180736321754,-0.8527605407515648
20.83,49.02,1009.45,91.92,445.31,0,1,0,-0.3632349648877475,1.3213380342014662
8.37,39.99,1010.36,93.26,482.31,0,1,0,-1.8868205097533028,1.3038343880792738
13.75,44.47,1029.63,70.74,467.14,0,1,0,-1.9705590444633942,-1.9575694649569784
30.82,70.36,1006.47,58.79,439.16,1,0,0,2.4710429057663292,0.03903463864041757
25.16,57.17,1009.86,75.7,442.03,1,0,0,0.7493622264434712,0.4753728799782403
22.1,65.48,1019.3,66.96,447.0,1,0,0,0.44796817397771177,-0.9158163979261513
18.7,52.72,1024.84,57.72,458.06,0,1,0,-0.5314784008705706,-2.0755897259819753
19.76,58.79,1017.37,89.09,449.76,0,0,0,-0.4868159414244884,0.3989233208217527
28.45,69.23,1013.07,39.46,436.96,1,0,0,2.2807524807718758,-1.6704228245896355
13.58,49.83,1008.9,86.8,465.82,0,1,0,-0.7546278389913829,1.1729518477180754
20.83,67.32,1011.76,73.11,443.17,1,0,0,0.7776191527236642,0.24613350184340257
5.85,41.55,1001.95,99.41,484.47,0,1,0,-1.6133713727760344,2.566794011197176
16.99,40.89,1011.54,64.51,464.95,0,1,0,-0.46485821971248326,-0.3605638613889349
10.68,37.92,1009.59,65.05,474.03,0,1,0,-0.9977742922807586,-0.10118215650226679
14.65,35.4,1016.16,60.26,469.61,0,1,0,-1.103962263029492,-1.1112323447546244
26.2,71.14,1007.92,72.95,431.7,1,0,0,1.6552412242971946,0.65004722159011
32.74,68.31,1010.23,41.29,441.66,1,0,0,2.740077402433616,-1.3034521862606827
15.78,41.16,1008.43,80.25,464.85,0,1,0,-0.7520938549505882,0.8010992331493747
12.41,39.28,1017.08,87.02,473.86,0,1,0,-1.879767341856365,0.21669475551857326
25.36,60.07,1015.06,66.11,439.73,1,0,0,0.7898012128400902,-0.5639055806066683
20.56,60.08,1017.79,78.08,452.8,0,0,0,-0.10484521997369013,-0.21029331913702426
24.92,63.86,1019.19,59.24,440.93,1,0,0,0.818528785393648,-1.3347166885734436
31.88,67.32,1013.64,35.1,436.64,1,0,0,2.5547146350792627,-1.996397942011767
24.51,51.86,1014.64,67.57,446.74,1,0,0,0.3481610365541899,-0.5031257859098934
8.48,40.05,1015.89,90.25,483.5,0,1,0,-2.1734611824525816,0.5460697036590643
27.76,71.97,1008.53,86.97,434.04,1,0,0,1.4126488359364462,1.3034678838199474
12.08,41.39,1019.45,78.3,477.8,0,1,0,-1.7476956961917065,-0.4722837669085744
23.56,73.18,1012.18,87.98,437.92,1,0,0,0.8441027107296593,0.9966470405335918
11.77,41.06,1021.45,76.63,475.88,0,1,0,-1.8805468247286112,-0.7767982913354554
21.37,65.94,1010.73,75.09,444.74,1,0,0,0.7798300016876962,0.4456943421420581
14.02,43.34,1016.06,85.8,466.38,0,1,0,-1.466463136559484,0.28646945724198686
17.53,44.9,1020.5,71.1,457.61,0,1,0,-1.0265622789735718,-0.9672843267069655
14.89,35.71,1015.1,55.11,469.37,0,1,0,-0.8636440877607616,-1.2608423756717742
14.81,43.7,1015.1,60.72,469.5,0,1,0,-0.6645738701225378,-0.9063085058793583
28.99,68.24,1008.75,66.57,428.28,1,0,0,1.8677905234002676,0.18787550125675087
30.49,70.32,1011.34,66.33,434.76,1,0,0,1.9129928798469986,-0.1000050645620648
21.59,66.54,1004.88,90.54,441.71,1,0,0,0.81955438839099,1.883600978185277
24.46,61.9,1013.88,87.16,441.34,1,0,0,0.32659330286187616,0.6722084877367153
21.63,50.16,1005.7,84.84,448.32,1,1,0,0.1937262854557839,1.3678312691159846
21.46,46.63,1012.97,71.29,452.1,0,0,0,-0.1175108825724739,-0.15053498848022034
5.7,40.35,1012.18,91.57,488.8,0,1,0,-2.1712430424207114,1.0395682712130137
27.11,70.04,1009.76,71.25,431.96,1,0,0,1.6008291338276084,0.34686638331811326
9.95,41.82,1033.09,69.44,477.52,0,1,0,-2.602956214509677,-2.3967872246940773
18.68,46.0,1002.2,97.17,447.8,0,1,0,-0.3167403465010347,2.3721137696538377
18.41,65.94,1010.23,84.71,452.66,1,0,0,0.3182300298552588,1.0170091546429678
19.02,49.25,1019.75,58.29,453.49,0,1,0,-0.3259273385849595,-1.5221072412392396
26.25,61.02,1011.47,71.22,436.44,1,0,0,1.0163697987018112,0.09235406972262442
18.07,63.31,1016.65,72.81,456.5,1,0,0,0.04747578498179501,-0.3152146326814664
26.17,70.47,1010.25,68.96,434.56,1,0,0,1.568635598559364,0.1851763806665294
23.83,49.21,1012.93,46.79,446.23,1,0,0,0.8347844133440563,-1.406450854514603
21.11,59.39,1013.87,85.29,446.02,1,0,0,-0.01102089506235339,0.5794256036476988
13.9,42.86,1030.82,71.89,473.76,0,1,0,-2.1403423350851307,-2.04175772661265
26.64,73.56,1004.98,93.31,432.93,1,0,0,1.466666899669068,2.0377621596018867
21.5,45.38,1013.88,64.28,460.18,0,0,0,-0.04818352372094696,-0.621861633988384
11.61,41.17,1019.57,58.82,476.81,0,1,0,-1.295338568332975,-1.4896028439510152
6.13,39.48,1005.17,53.5,484.12,0,1,0,-0.701384261230982,-0.17257543835884026
12.72,40.6,1013.45,86.16,471.23,0,1,0,-1.5260287379506943,0.5760399682665023
17.29,44.63,1019.6,41.98,460.66,0,1,0,-0.23598350902611037,-2.3732050516025875
31.8,69.05,1000.77,49.82,426.5,1,0,0,3.1171764951756398,0.17930164555396155
19.16,43.43,1012.36,72.59,451.0,0,1,0,-0.4408112434326217,-0.027065403463100053
23.62,73.67,1007.0,90.8,438.33,1,0,0,1.1501262635260765,1.7097638213422324
7.87,41.17,1020.33,77.77,486.2,0,1,0,-2.151021794125983,-0.5684664913246756
25.78,59.15,1013.61,66.68,441.71,1,0,0,0.8678673237666692,-0.3868844213702204
29.29,72.58,1007.39,72.85,428.73,1,0,0,2.012514585032817,0.6930770578734818
29.58,76.2,1008.37,60.73,433.91,1,0,0,2.445944014155761,-0.012164630704243054
24.29,63.57,1010.29,87.3,443.28,1,0,0,0.6272872132296132,1.0849243858381852
25.25,58.46,1015.54,70.76,444.05,1,0,0,0.5555058485453155,-0.3883192020517017
31.74,72.58,1007.26,59.58,425.12,1,0,0,2.5703501303462546,0.005402095807210636
7.39,39.85,1011.63,83.61,487.84,0,1,0,-1.808300578924213,0.6729266046263
28.5,79.74,1006.75,87.09,433.08,1,0,0,1.9345136598619688,1.560999179293698
29.98,67.22,1014.22,52.69,445.3,1,0,0,1.8943002923548968,-1.1392534203772187
22.94,61.5,1008.25,73.45,445.31,1,0,0,0.9255934564304489,0.584553736014781
25.85,70.36,1005.59,78.23,433.06,1,0,0,1.61284555357648,1.1724333030041494
21.09,74.93,1015.11,81.93,443.51,1,0,0,0.6757249020963411,0.3962621469995342
27.28,47.93,1003.46,59.22,438.0,1,0,0,1.3839326565845198,0.232470758658336
23.86,59.21,1013.02,73.6,441.22,1,0,0,0.57144040256387,0.04821421180289511
13.33,40.64,1020.92,91.47,474.07,0,1,0,-2.121955423118929,0.03300934605872053
23.66,60.37,1006.91,87.13,438.59,1,0,0,0.669086285660746,1.422686099139897
16.8,44.9,1009.14,79.78,456.42,0,1,0,-0.5391392198340441,0.722687519657361
22.12,57.19,1007.56,76.5,442.51,1,0,0,0.6352344190233652,0.7880274771622555
24.82,57.19,1007.82,71.46,439.91,1,0,0,0.9720577175778848,0.4810714022739542
11.09,40.43,1025.47,74.97,490.96,0,1,0,-2.195142111449682,-1.3006200503025107
7.64,40.81,1026.67,95.24,483.38,0,1,0,-3.0746267015855144,-0.35816327390851677
27.78,60.07,1014.66,53.74,439.43,1,0,0,1.340050634293688,-1.1755140660339578
6.49,38.68,1017.94,64.81,485.95,0,1,0,-1.8731033964786918,-0.9879597721489157
10.97,40.6,1015.0,87.59,478.69,0,1,0,-1.8135098822497184,0.4930614028333187
25.27,63.91,1009.82,75.48,440.39,1,0,0,1.0640740531583073,0.5219097985209915
14.07,43.34,1015.79,86.0,463.77,0,1,0,-1.4491546723505995,0.3258504732454065
18.9,47.83,1005.31,77.79,455.94,1,1,0,0.07648629123264546,1.0462084943962142
4.49,38.44,1015.47,76.96,485.78,0,1,0,-2.1978516539671946,-0.08003017033734432
5.94,39.9,1007.84,86.33,485.86,0,1,0,-1.738459664526118,1.2363121518092546
21.94,64.15,1021.2,61.75,453.3,1,0,0,0.38273015234205826,-1.401282384255228
21.35,59.04,1012.28,95.71,445.83,0,0,0,-0.17052564547507154,1.2860364011236223
7.94,35.77,1017.04,63.22,480.38,0,1,0,-1.7788151551157074,-1.0054032246085274
23.6,60.08,1017.51,63.02,451.97,1,0,0,0.5586879662657984,-0.9780798886701549
29.73,67.25,1017.64,37.79,439.06,1,0,0,2.031173822535915,-2.278910270430748
10.51,39.04,1023.95,85.35,479.15,0,1,0,-2.471906348308197,-0.6064704559163487
8.7,36.24,1013.34,89.5,478.69,0,1,0,-2.129830819752328,0.7527972025441958
29.6,69.82,1010.49,61.66,438.47,1,0,0,1.997472647917263,-0.2465025567533846
24.26,56.57,1013.86,70.35,442.9,1,0,0,0.515718096071109,-0.23502990604868595
20.61,60.1,1010.84,80.57,450.46,1,0,0,0.308927921901117,0.6747843405806068
14.2,38.62,1017.83,77.57,465.29,0,1,0,-1.565320466903849,-0.37038545465124995
8.77,42.49,1010.7,86.78,469.1,0,1,0,-1.5974362482508686,0.9496777507664772
27.38,69.4,1004.57,74.12,434.47,1,0,0,1.873740580891577,1.0531162209291882
12.98,39.64,1013.95,74.39,473.54,0,1,0,-1.273421851084944,-0.09555782037938881
32.38,73.91,1004.05,61.69,430.17,1,0,0,2.845523612318018,0.470176075793991
19.2,58.71,1009.8,84.62,448.17,1,0,0,0.09634178277470877,0.9955446151575302
27.37,63.73,1009.79,65.25,437.24,1,0,0,1.4988300755131456,-0.01876566675756785
18.77,58.66,1010.34,87.25,454.54,0,0,0,-0.04689340446948649,1.075064193025681
21.95,59.43,1010.29,74.67,442.84,1,0,0,0.5816577476855775,0.41551619195066386
26.73,77.95,1012.31,78.35,434.76,1,0,0,1.5588246689523702,0.5020890107205029
16.02,71.14,1019.75,70.42,456.35,1,0,0,0.07459265909307362,-0.699049050007759
18.86,46.48,1007.28,78.47,452.0,0,1,0,-0.1384125483178284,0.8562226719121372
21.7,64.44,1014.95,73.33,448.51,1,0,0,0.4992175815716103,-0.11897463311590262
20.25,44.78,1007.93,40.16,462.44,1,0,0,0.8581233301883863,-1.2155674455393506
11.42,41.38,1021.98,60.19,479.23,0,1,0,-1.5018680171176764,-1.6782819018595252
6.37,41.03,1022.23,80.36,490.47,0,1,0,-2.4782149474760318,-0.6325012018797537
14.54,42.99,1009.27,90.88,468.93,0,1,0,-1.1087978282472033,1.2816486275288066
24.43,58.05,1011.88,71.39,445.68,1,0,0,0.7028148409116741,0.04500197359267121
15.92,37.64,1014.93,83.73,464.14,0,1,0,-1.429816827075403,0.24373885300704418
27.51,71.29,1009.43,76.92,430.42,1,0,0,1.5632907287995013,0.6828569584317321
23.64,60.95,1014.92,64.91,447.86,1,0,0,0.7275376226107061,-0.5917744638229402
9.0,41.54,1018.83,79.61,484.08,0,1,0,-1.987257675752842,-0.31489521712260415
28.98,73.42,1011.25,72.9,432.2,1,0,0,1.759492586788255,0.28427090200149197
18.31,50.9,1011.87,86.83,455.5,0,0,0,-0.5203234846182361,0.8274319381519504
15.82,44.2,1018.96,66.73,460.2,0,1,0,-0.9793775596731706,-1.0191757635325898
14.88,41.66,1009.4,67.15,468.55,0,1,0,-0.5281495326551298,0.029350773282062932
27.49,63.78,1015.43,47.45,445.66,1,0,0,1.5915506116224911,-1.5522183361103492
10.74,41.46,1016.76,84.59,479.94,0,1,0,-1.8361760700749497,0.15505288951565216
18.21,62.26,1011.97,87.28,455.88,1,0,0,-0.04630775443749705,0.9319652111038632
17.2,40.55,1000.68,72.67,462.55,0,0,0,0.06465893024360832,1.2389613099595593
8.66,36.25,1028.22,86.96,479.66,0,1,0,-3.080793400577257,-0.9980967250102254
20.59,42.04,1009.78,62.77,463.08,0,0,0,0.04843572827106481,-0.27410194653686104
22.86,58.96,1014.03,54.96,451.82,1,0,0,0.8961027944146371,-1.0192607081679335
23.31,68.63,1014.73,51.57,448.2,1,0,0,1.400440609516166,-1.1956731034916537
16.71,42.99,1007.72,75.35,465.09,0,1,0,-0.4182053299394041,0.6338176701821915
4.97,38.91,1018.99,89.86,489.96,0,1,0,-2.71458433033351,0.20321054431450047
31.95,70.8,1008.38,66.26,432.79,1,0,0,2.2582924418303056,0.21255300913400504
13.89,35.71,1016.4,65.49,468.54,0,1,0,-1.3060499921685633,-0.8596645405057842
26.92,51.43,1012.29,59.33,437.35,1,0,0,0.9036515871421846,-0.6925968649364516
23.0,60.37,1005.34,83.73,437.6,1,0,0,0.8104950288501216,1.4226035606326755
25.95,59.27,1010.9,70.42,444.19,1,0,0,0.974219410194588,0.10106674702390826
14.84,38.91,1013.78,69.27,467.83,0,1,0,-1.006707561158638,-0.3599670890576763
22.5,70.94,1008.04,82.39,442.4,1,0,0,1.086180054854215,1.1480094327759633
31.84,77.95,1014.9,55.35,433.28,1,0,0,2.4050204755539584,-1.0022407266356497
19.35,39.39,1013.91,61.53,465.28,0,0,0,-0.4199135503851729,-0.8006621058342767
24.26,67.69,1008.48,66.74,437.4,1,0,0,1.4671080010374908,0.25393689978228323
21.95,68.08,1012.91,69.36,443.93,1,0,0,0.9231550598077599,-0.07420862014916586
16.07,65.46,1013.88,87.11,450.54,0,0,0,-0.20762916358802413,0.7556281609238008
30.21,79.74,1006.82,54.03,430.83,1,0,0,2.934767281927061,-0.1650926074091421
13.66,45.0,1021.97,79.04,473.12,0,1,0,-1.6492707962103308,-0.6901707424933923
9.76,39.16,1014.19,85.4,482.38,0,1,0,-1.8644169019882189,0.4648582032720714
15.69,39.3,1019.03,60.57,464.17,0,1,0,-1.0499472621688233,-1.3834009163940506
5.29,41.38,1020.62,83.83,492.12,0,1,0,-2.5328329805280068,-0.26786256859315927
26.72,65.61,1014.41,52.01,442.48,1,0,0,1.5590629189899052,-1.1857413400986667
12.68,41.4,1021.59,78.57,466.64,0,1,0,-1.8506869270602642,-0.6953639197958896
29.24,64.33,1011.49,65.08,440.12,1,0,0,1.5681684147662727,-0.2205798479898584
19.09,43.14,1012.34,45.75,463.3,1,0,0,0.24334273635873716,-1.412412609110338
5.06,40.64,1021.49,93.7,483.73,0,1,0,-2.901668136766295,0.14258156616508733
26.23,70.72,1009.73,73.44,445.28,1,0,0,1.5029955267328907,0.47468582788488484
27.15,73.9,1007.57,74.42,433.09,1,0,0,1.8407851934881925,0.7797875090514705
23.47,65.61,1014.57,69.83,447.16,1,0,0,0.8142569180023486,-0.26096413743273134
19.78,44.71,1015.7,29.43,465.49,1,0,0,0.5668938184525754,-2.612864737177353
13.07,40.83,1010.0,84.84,471.19,0,1,0,-1.2172968381863545,0.8829852747180502
8.52,38.5,1013.16,64.06,482.96,0,1,0,-1.3680050189426916,-0.521559645625028
10.39,40.96,1023.51,84.73,479.0,0,1,0,-2.3509616700923175,-0.5742868550913951
30.2,56.9,1006.89,42.69,436.17,1,0,0,2.2185113798995273,-0.9420734453986844
23.93,64.05,1013.09,86.02,440.66,1,0,0,0.46128827809758827,0.720307637869983
21.11,43.43,1010.1,62.62,447.83,1,0,0,0.13474097522485154,-0.30904352437411264
16.59,41.79,1006.67,73.9,455.42,0,1,0,-0.3715402979310893,0.6644350634071352
30.52,70.4,1003.9,64.33,438.29,1,0,0,2.478495151500912,0.6072381608259408
15.74,43.71,1024.7,78.38,462.66,0,1,0,-1.7033453071808413,-1.0460861481971795
21.25,44.05,1005.69,81.87,448.43,0,1,0,-0.028728237483278726,1.1689678329556041
12.25,44.58,1016.47,81.15,475.24,0,1,0,-1.4643274169940803,0.023845790637484827
6.49,43.65,1020.41,72.78,484.94,0,1,0,-2.0306439474770333,-0.8053897206301315
14.1,48.92,1011.6,84.39,461.34,0,0,0,-0.8729317951326424,0.7436753351083595
24.62,58.66,1011.43,56.61,449.8,1,0,0,1.1622854309212969,-0.6654333611486264
16.0,43.34,1013.89,78.39,462.33,0,1,0,-0.9614658834856618,0.1266522432981554
28.67,66.25,1007.96,76.36,434.73,1,0,0,1.5516807272493065,0.7654742266447563
29.18,68.24,1010.04,68.04,428.52,1,0,0,1.757111690435125,0.12201537472926045
26.8,68.31,1011.04,61.48,447.85,1,0,0,1.6670018929796766,-0.30871080008639645
16.76,43.67,1011.27,70.55,462.44,0,1,0,-0.5006984138319684,0.00462473213920043
9.44,39.82,1013.26,91.55,483.18,0,1,0,-1.9590307063978265,0.891123862113159
11.44,34.03,1018.57,74.06,476.06,0,1,0,-1.9542202093344956,-0.6502813303571209
13.45,43.14,1015.5,74.33,474.1,0,1,0,-1.184426141615232,-0.24243594254721085
16.46,61.27,1020.02,74.54,456.64,0,0,0,-0.4503123648616616,-0.5982533140375952
12.91,40.73,1017.66,93.66,464.61,0,1,0,-1.9876224501046897,0.5046115920436082
18.58,64.45,1009.68,67.57,444.28,1,0,0,0.7519505677234504,0.17884308384053427
13.1,40.03,1017.79,84.48,470.75,0,1,0,-1.7717836739438753,0.00958530474488479
13.45,41.16,1022.04,82.96,460.57,0,1,0,-1.9431091767395792,-0.5249113426693791
10.01,43.7,1015.73,91.97,479.24,0,1,0,-1.9202933826941733,0.6712359286776526
17.32,41.67,1013.23,68.07,462.74,0,1,0,-0.611477243726795,-0.3567487577578967
21.49,61.27,1019.81,63.21,450.07,1,0,0,0.27522848074664386,-1.1946896382920646
23.56,49.16,1003.31,66.98,445.36,1,0,0,0.9385751267481589,0.6847523867297343
11.02,38.28,1013.51,95.66,472.11,0,1,0,-2.020961158081835,1.0528906806734217
33.62,77.17,1009.38,63.71,431.03,1,0,0,2.675429902862824,0.011926161294100132
4.56,40.27,1011.13,80.24,493.87,0,1,0,-1.9012130055203476,0.5761023674442477
14.87,41.76,1022.26,78.21,464.84,0,1,0,-1.6903308103670618,-0.798961767998266
10.77,44.78,1012.87,84.16,470.66,0,1,0,-1.4108809289317656,0.582929432450931
21.45,60.08,1017.92,72.7,451.49,1,0,0,0.10033388300397215,-0.508281443091262
13.24,54.3,1017.05,81.99,467.81,0,0,0,-1.0155677831485517,0.07559398861112955
22.64,58.66,1011.68,60.97,449.79,1,0,0,0.8678873989424292,-0.45403117361811157
11.72,40.55,1020.74,86.22,474.7,0,1,0,-2.109348581665961,-0.20815850817970738
26.74,59.87,1012.5,62.88,447.88,1,0,0,1.1538204700023502,-0.4629709824227455
12.51,49.83,1008.61,94.27,452.84,0,1,0,-1.0183688571799996,1.5974907276159223
9.88,39.66,1017.81,76.05,480.05,0,1,0,-1.8349450860874614,-0.40878701668197814
25.0,68.14,1005.35,57.13,437.67,1,0,0,2.0125373720294966,0.0971611118966861
25.51,73.56,1006.59,96.63,437.07,1,0,0,1.1768805622473946,2.0415896206230255
11.22,41.93,1023.13,69.35,480.71,0,1,0,-1.8118894520967537,-1.3247928522303514
21.7,49.02,1008.74,82.8,446.46,0,1,0,-0.004708262678467621,0.921859928089174
19.83,63.94,1019.81,75.05,448.03,1,0,0,-0.05345626760502324,-0.5505775875657788
12.34,40.62,1016.28,53.6,466.47,0,1,0,-0.8986295045781179,-1.410302527982887
10.4,45.01,1018.58,93.48,470.79,0,1,0,-2.064110265677541,0.44677573283189587
13.61,42.34,1017.78,88.84,466.17,0,1,0,-1.7410943115610633,0.25089020973332904
25.55,58.95,1017.12,51.84,442.3,1,0,0,0.9885474332886086,-1.5352320599696034
13.2,41.78,1010.49,64.96,468.58,0,1,0,-0.6786071216384535,-0.18994477233701162
25.88,66.48,1004.24,63.16,434.4,1,0,0,1.9300899248520558,0.5099428750300122
14.75,41.16,1009.58,86.96,468.14,0,1,0,-1.090848857464875,1.0293429806103775
7.82,40.72,1022.17,88.13,481.52,0,1,0,-2.571150519046542,-0.23723139439911423
11.7,25.36,1008.65,92.11,470.88,0,1,1,-2.1103550699051805,1.2900477987950547
6.37,40.81,1025.98,91.0,489.18,0,1,0,-3.0216112825672266,-0.49325787328040493
23.98,50.32,1008.41,67.75,443.45,1,0,0,0.6565595778136863,0.17569789670668234
24.8,59.87,1018.79,60.79,441.0,1,0,0,0.6194789158849727,-1.24246332974744
23.89,50.16,1004.88,73.94,444.99,1,1,0,0.7209917280566465,0.8789366531127085
27.88,70.79,1005.06,72.5,429.62,1,0,0,1.9852174339208382,0.9239103088033607
7.19,39.4,1011.45,90.65,483.04,0,1,0,-2.0163375607210563,1.0537201525107385
24.2,60.95,1014.82,59.42,448.43,1,0,0,0.9240346827279979,-0.8681447111707611
33.82,72.29,1008.67,46.95,432.13,1,0,0,2.9631449121725533,-0.8167127919394443
14.69,54.3,1018.01,73.4,462.63,0,1,0,-0.7368747583030982,-0.48231216783201475
24.82,74.87,1010.28,73.54,434.46,1,0,0,1.5294756011176864,0.46302769557291207
12.59,40.03,1018.76,85.4,471.63,0,1,0,-1.9040496529757538,-0.04504567854763485
19.05,44.06,1017.02,73.76,454.28,0,1,0,-0.7703927292183915,-0.46821043552007874
5.51,35.57,1026.3,78.97,489.36,0,1,0,-3.03107880944488,-1.1855038296535139
33.7,68.27,1007.16,50.41,427.4,1,0,0,2.788538868300762,-0.5052382503786135
26.05,56.85,1012.78,59.09,438.59,1,0,0,1.0436691712565622,-0.7087350410585644
14.45,39.58,1012.41,79.0,467.62,0,1,0,-1.1702088262777655,0.299588481265304
30.48,70.04,1010.73,53.7,429.85,1,0,0,2.271444144933619,-0.6878244022592174
19.68,56.65,1020.75,67.25,456.89,0,0,0,-0.24750770059900135,-1.1133104122942272
21.34,48.06,1014.49,63.23,458.13,1,0,0,0.04261737451450239,-0.7198051073979749
23.03,65.12,1016.29,69.8,447.84,1,0,0,0.639856704791684,-0.4507250228377212
24.2,59.07,1009.25,88.25,441.93,1,0,0,0.46754014443786535,1.2115708916979828
24.54,48.06,1013.02,55.18,443.67,1,0,0,0.6173094496977919,-0.9972143522421008
32.27,71.85,1008.06,59.28,429.72,1,0,0,2.535207653178662,-0.10669041470194922
7.61,41.26,1009.05,97.32,480.68,0,1,0,-1.9103356258348392,1.6714935695507653
13.86,41.58,1020.69,70.74,461.56,0,1,0,-1.4793930946012883,-1.0082244845081698
24.35,59.21,1018.21,54.46,444.35,1,0,0,0.7581902460636608,-1.508353923789961
29.12,67.32,1014.21,48.8,435.2,1,0,0,1.9300584674262258,-1.332311948330829
18.03,58.86,1015.99,89.03,450.33,0,0,0,-0.5308663313482566,0.5584624685158621
10.59,41.54,1019.94,72.52,478.74,0,1,0,-1.746432416918412,-0.8126493248572185
27.69,69.98,1008.52,60.93,433.47,1,0,0,2.00026576431451,-0.05536020163088872
15.21,50.88,1014.24,100.11,460.56,0,1,0,-1.2856676643553342,1.2760148792627486
16.92,50.9,1013.27,82.97,460.86,0,0,0,-0.6296322715044346,0.4852189552153532
26.16,63.76,1010.03,68.77,437.24,1,0,0,1.2919398223372156,0.14533928335864815
13.78,38.47,1015.2,57.8,466.41,0,1,0,-0.9106854432928899,-1.103037635426853
17.66,60.08,1017.22,86.96,456.62,0,0,0,-0.537383710957077,0.33002911607187807
30.12,73.18,1012.29,61.32,429.31,1,0,0,2.0746951952569335,-0.43652524058587716
17.69,44.34,1019.31,61.12,464.13,0,1,0,-0.6961287735475831,-1.3585595684336151
23.14,58.95,1017.52,66.25,442.27,1,0,0,0.38581631821712137,-0.8183729412629884
13.98,39.18,1009.61,89.12,467.97,0,1,0,-1.300185672673094,1.126902788748254
24.41,69.48,1008.34,76.13,435.38,1,0,0,1.3225825667005584,0.7673506149490136
14.38,44.78,1010.8,66.58,459.66,0,1,0,-0.5124149099137536,-0.12395866003286148
22.75,70.94,1008.03,81.95,439.91,1,0,0,1.1189936428367206,1.124674233966509
26.94,65.61,1014.31,49.73,443.9,1,0,0,1.643617215291166,-1.2940660487339084
18.8,47.83,1005.86,76.77,453.9,0,1,0,0.0573887582885584,0.9343489720972975
24.45,65.12,1015.92,57.19,445.01,1,0,0,1.111795370555495,-1.0711578067774215
23.77,69.13,1011.05,89.41,434.08,1,0,0,0.7225496489137736,1.159448592343424
24.62,68.31,1010.45,75.18,448.58,1,0,0,1.169302484532474,0.47771164187125514
18.85,67.32,1012.91,82.37,446.7,1,0,0,0.29382030229461514,0.6125168498693865
21.94,56.85,1011.01,77.72,442.63,1,0,0,0.3382971357904858,0.47387188738666003
25.61,58.86,1013.9,54.9,444.77,1,0,0,1.129101183803922,-1.0277990537377928
18.97,43.43,1012.72,75.69,453.2,0,1,0,-0.5620428155024335,0.09507995334679786
23.46,51.19,1009.6,73.22,444.82,1,0,0,0.42793067199399243,0.33909242369972453
21.04,74.87,1009.09,88.25,443.44,1,0,0,0.9142312197150992,1.3778526253677732
4.23,38.44,1016.46,76.64,489.0,0,1,0,-2.2784446262354843,-0.20256426641290537
24.42,63.31,1012.64,71.8,438.39,1,0,0,0.8713670609808426,0.025859266020501336
23.1,59.43,1007.36,85.96,440.64,1,0,0,0.5813158919552504,1.3095415908286496
24.98,58.98,1010.34,78.56,441.33,1,0,0,0.706846488166521,0.586573703775539
32.96,73.03,1013.56,54.03,438.93,1,0,0,2.4063961037975896,-0.9717742553720649
22.1,71.29,1008.2,75.38,442.35,1,0,0,1.2408656763964372,0.7742362762507801
32.27,71.85,1007.88,56.01,427.56,1,0,0,2.632927607336211,-0.2559123404868697
12.36,52.75,1026.04,68.71,465.14,0,1,0,-1.4224306501423378,-1.5953042288185646
13.11,41.44,1015.55,74.45,471.61,0,1,0,-1.2939837878060538,-0.25305523087506365
13.18,52.72,1024.67,75.96,468.36,0,1,0,-1.4521196382281194,-1.0776893904138813
8.03,40.67,1020.13,70.87,492.26,0,1,0,-1.9659214667192202,-0.9080373838845058
15.49,39.0,1016.01,71.31,462.28,0,1,0,-1.1544325144450978,-0.5011638617054921
30.02,68.24,1009.8,65.73,429.5,1,0,0,1.9031675564084434,0.02314871079972087
14.73,40.35,1011.15,65.2,470.03,0,1,0,-0.6666406328575804,-0.2713868027121842
4.78,42.85,1013.07,94.72,479.09,0,1,0,-2.279945509088719,1.131714712781774
30.3,71.98,1004.4,55.6,426.52,1,0,0,2.724031309211067,0.11632580166780561
9.63,40.27,1009.96,81.03,477.38,0,1,0,-1.4236273809166178,0.7096348316011734
13.24,39.85,1012.64,59.99,477.22,0,1,0,-0.7771065878308425,-0.6964395298347235
22.93,63.13,1011.6,77.09,448.02,1,0,0,0.6731227974509165,0.4209302022841104
14.55,42.74,1027.29,66.64,457.77,0,1,0,-1.7141317204498883,-1.9338650371283623
26.42,59.27,1012.9,65.38,443.94,1,0,0,1.0083574359001775,-0.38010176111737487
18.88,43.69,1016.77,46.88,464.63,0,0,0,-0.08129356237203893,-1.8305417671735114
24.47,70.94,1008.07,81.55,436.29,1,0,0,1.2686823307817405,1.0879163594559713
14.81,42.03,1017.43,72.54,470.41,0,1,0,-1.2059216815891156,-0.5632174790555567
12.8,42.18,1016.27,83.9,467.69,0,1,0,-1.582969284540927,0.16450552538109797
9.72,39.66,1018.31,76.07,480.05,0,1,0,-1.882762127687983,-0.4611006331695846
17.74,44.2,1018.87,58.59,454.37,0,1,0,-0.602065216920141,-1.442738429497085
29.65,71.25,1001.07,73.97,430.88,1,0,0,2.3852024084707772,1.425839766600313
22.19,62.96,1019.54,67.96,453.03,1,0,0,0.3017999175513811,-0.9112340927164122
29.79,62.66,1008.5,48.51,440.27,1,0,0,2.1767744027645346,-0.7677007626822722
27.13,69.45,1013.9,51.16,434.47,1,0,0,1.8191846718619333,-1.1459659017102735
24.62,70.47,1010.55,72.71,435.88,1,0,0,1.3222594221117274,0.356704211135245
28.65,68.27,1006.96,52.78,432.73,1,0,0,2.3234328554046844,-0.32660238707508726
31.86,69.59,1008.61,59.74,435.72,1,0,0,2.352209797819798,-0.1582284739170099
27.56,63.9,1013.23,45.97,442.43,1,0,0,1.7912820811692087,-1.3886046912142525
12.29,40.71,1019.71,83.09,469.75,0,1,0,-1.9032362809040133,-0.26021147822866225
8.84,42.49,1010.28,89.09,481.58,0,1,0,-1.623386715361736,1.114186768565785
30.62,64.69,1006.23,52.06,435.84,1,0,0,2.39677693824126,-0.3265896058045029
3.99,39.64,1011.53,83.58,492.06,0,1,0,-2.090582879023327,0.7038046983882673
23.38,58.82,1012.27,77.87,446.54,1,0,0,0.45418195999978933,0.3504584180448231
27.46,66.54,1002.39,67.09,431.81,1,0,0,2.0865765381076353,0.9039502923596985
29.22,60.23,1009.73,61.5,436.32,1,0,0,1.5992948616866494,-0.24666694711728304
22.22,48.98,1015.87,53.18,447.1,1,0,0,0.3243426333509147,-1.3875104393771738
6.8,39.37,1020.24,73.29,487.33,0,1,0,-2.195493220164431,-0.7971444475681231
4.49,40.27,1012.01,76.5,494.24,0,1,0,-1.869256776211488,0.28768261365486125
22.53,74.87,1009.91,93.21,444.69,1,0,0,0.8516966367927832,1.534461231970883
23.63,60.37,1005.0,81.66,440.74,1,0,0,0.9397644394936845,1.3484500654449008
10.06,39.61,1020.87,74.01,476.92,0,1,0,-1.9776075907597364,-0.8489074673116286
11.09,42.44,1014.18,92.81,478.37,0,1,0,-1.8029806935658796,0.8658360358209211
7.64,38.18,1017.65,78.51,484.45,0,1,0,-2.138452444978957,-0.2609808096659898
33.95,68.14,1002.33,48.98,427.25,1,0,0,3.170103930456847,-0.05593585186621785
32.38,69.05,1000.76,45.85,429.31,1,0,0,3.2694693704592677,-0.028531387631834042
9.42,41.4,1029.99,88.41,477.01,0,1,0,-2.9495725076331367,-1.0796620280501645
25.92,60.32,1016.05,52.51,448.37,1,0,0,1.134929131131082,-1.3756343484701787
18.5,52.08,1006.23,100.09,451.23,0,1,0,-0.4145943208975797,2.1342879687261993
13.12,48.04,1011.93,100.07,463.46,0,1,0,-1.4248469936295687,1.516863187375024
34.33,69.05,1000.89,37.9,430.56,1,0,0,3.6292939945681906,-0.46644322912804514
29.29,70.02,1010.13,46.93,438.84,1,0,0,2.3901560168454634,-0.9640419498228757
16.4,44.9,1009.22,82.31,456.11,0,1,0,-0.6437193387311233,0.8473263929905325
21.44,62.96,1020.27,79.85,450.57,1,0,0,-0.12056853071906097,-0.3717468393423542
11.45,41.17,1017.98,84.64,476.0,0,1,0,-1.874843126502695,0.01761512819502021
14.62,44.84,1023.41,85.17,464.51,0,1,0,-1.835447025461851,-0.5383309952009038
29.29,57.19,1008.3,60.11,435.69,1,0,0,1.6048583732105532,-0.18769756133249116
10.16,40.8,1028.13,86.39,477.49,0,1,0,-2.7353546065136656,-0.9913231514435307
25.45,69.59,1008.51,83.17,445.61,1,0,0,1.2177189208411867,1.1060751229534946
31.98,73.42,1010.66,60.06,432.2,1,0,0,2.3828485575672813,-0.33487815538645244
25.93,66.56,1004.97,76.35,433.25,1,0,0,1.5433078652000038,1.1117235348067729
32.51,71.22,1005.62,47.6,433.76,1,0,0,2.998801773450298,-0.45074351374731303
11.38,52.75,1026.19,72.71,469.9,0,1,0,-1.6180669851797664,-1.3984323966735257
10.39,40.22,1009.77,83.27,478.58,0,1,0,-1.408683398034808,0.8403706588780098
13.6,41.2,1015.92,85.05,467.42,0,1,0,-1.566335164073928,0.24862405224344375
30.11,62.04,1010.69,47.96,444.42,1,0,0,2.040915553924856,-1.041720538415737
33.24,74.34,1002.58,45.05,435.5,1,0,0,3.470502049446493,-0.23125678366871272
25.59,62.39,1006.37,74.06,435.84,1,0,0,1.2957879597376907,0.8098009875398948
24.33,60.32,1015.49,59.95,445.36,1,0,0,0.8474606750500107,-0.9196941074644489
28.92,61.02,1011.19,56.13,436.76,1,0,0,1.6501482729193466,-0.6744532723703414
15.62,58.59,1013.91,97.6,457.3,0,0,0,-0.823817741155988,1.2416646069521826
7.49,36.08,1020.27,85.69,483.26,0,1,0,-2.6096627753057797,-0.19145242274012664
18.33,44.34,1019.55,51.69,468.8,0,1,0,-0.4132531648196666,-1.8759053282882487
21.38,44.05,1005.69,81.66,445.71,0,1,0,-0.01251095355658831,1.1572379467125964
24.13,73.18,1012.62,91.52,436.22,1,0,0,0.7686473890439157,1.1276052316827194
9.53,40.23,1017.74,89.05,484.0,0,1,0,-2.1736319832466227,0.27696750355972316
8.83,41.92,1031.8,78.97,483.38,0,1,0,-2.852067850009351,-1.7558709926423768
26.37,54.5,1014.48,66.31,451.78,1,0,0,0.6619066767594884,-0.54219821414491
15.04,41.35,1004.29,99.1,467.96,0,1,0,-1.0151090262534004,2.231611498608592
25.13,51.95,1005.42,62.05,447.7,1,0,0,1.176136906207261,0.21224408913213244
22.26,69.04,1010.48,84.33,444.73,1,0,0,0.765556971177896,0.9688367658314634
31.07,70.32,1011.74,65.91,436.16,1,0,0,1.9445684237684986,-0.16920273418619902
30.74,79.05,1005.78,73.19,430.69,1,0,0,2.518326555529831,0.9281341915683895
13.08,43.14,1019.39,99.74,467.06,0,1,0,-2.1441600032145733,0.6483944304993554
26.18,69.84,1005.13,72.89,431.69,1,0,0,1.7880571855954333,0.9403862731333245
14.22,40.83,1009.2,81.32,469.75,0,1,0,-0.9758569917834835,0.7805040119810428
10.95,40.22,1010.04,78.96,477.23,0,1,0,-1.2682463237650272,0.5846350749604559
30.62,66.75,1017.68,53.68,432.66,1,0,0,1.6646400637603433,-1.4730218283594518
26.96,73.68,1013.81,84.77,429.48,1,0,0,1.1195239635088508,0.6342491930606201
23.25,63.78,1016.01,72.01,448.82,1,0,0,0.5602764020875649,-0.31844041346058355
8.0,34.03,1018.98,78.67,487.17,0,1,0,-2.3865631179676567,-0.4334175108358228
12.66,41.2,1015.88,89.12,466.49,0,1,0,-1.7475455488976135,0.46952342583352347
23.04,74.99,1005.44,92.86,437.65,1,0,0,1.2129782991376705,2.0005617008986363
31.41,74.16,1011.1,57.05,434.88,1,0,0,2.417084224841358,-0.5283265784049738
29.51,75.6,1017.92,50.61,431.18,1,0,0,2.027067304722395,-1.5787758166320482
21.96,58.79,1012.1,88.74,447.31,1,0,0,0.06320403308904186,0.9396131816976727
26.45,75.6,1017.42,74.5,436.89,1,0,0,1.1843255199383862,-0.2700613106853394
12.79,44.03,1007.46,95.93,464.35,0,1,0,-1.2159458860919383,1.7597693738661924
14.63,41.23,998.96,86.4,466.36,0,1,0,-0.3589934950181158,2.1581076577396012
14.74,42.77,1017.71,76.59,463.61,0,1,0,-1.3039934994594184,-0.3781753715549443
23.56,66.49,1012.21,53.86,441.92,1,0,0,1.4386916853216707,-0.8220190505969303
17.34,44.06,1015.84,74.88,458.5,0,1,0,-0.8603484682922684,-0.27022774857410226
13.26,45.51,1015.99,69.82,472.17,0,1,0,-1.011174598049126,-0.5082352841948755
19.46,60.07,1014.81,66.61,451.89,1,0,0,0.3068125257539769,-0.47056051052307035
29.96,67.83,1008.0,44.05,433.13,1,0,0,2.569375917117834,-0.9030342962634061
21.38,60.84,1017.94,82.83,445.8,0,0,0,-0.13800608080471788,0.019122031348218
19.48,39.72,1001.75,55.41,457.16,1,0,0,0.5943195864915161,0.20911620073939408
12.99,41.93,1020.25,74.64,472.95,0,1,0,-1.6076818279174923,-0.7502092000410485
25.79,75.6,1017.46,75.63,434.65,1,0,0,1.0975961766251847,-0.2115685477367733
11.46,39.3,1019.53,76.86,475.51,0,1,0,-1.8588392896181498,-0.5679358191688205
26.38,71.58,1011.02,80.9,434.26,1,0,0,1.2704072120574945,0.725271749294697
5.23,35.57,1026.23,79.38,488.5,0,1,0,-3.0601304119039723,-1.1548021656097198
15.36,41.35,1002.4,91.67,465.01,0,1,0,-0.6656899220654933,2.051617702109596
9.19,40.62,1017.78,68.91,475.42,0,1,0,-1.6609504755324433,-0.7616896833304174
5.89,40.07,1018.99,63.13,493.9,0,1,0,-1.8890283865159672,-1.1737196021209064
34.29,68.51,1009.58,32.25,427.62,1,0,0,3.157365787444061,-1.708367962847576
19.21,60.07,1014.94,70.02,452.84,1,0,0,0.18820888050077866,-0.3069587448824341
14.02,40.66,1017.05,84.14,465.39,0,1,0,-1.6087384397517963,0.07139117487985287
29.12,67.83,1008.05,46.86,432.46,1,0,0,2.4232082342944636,-0.7576672053331124
2.58,39.42,1028.68,69.03,488.69,0,1,0,-3.005690972092423,-1.9067755833923032
12.61,41.58,1020.17,85.18,463.36,0,1,0,-1.924442489265343,-0.19757386876618954
20.48,60.29,1017.16,72.1,455.51,1,0,0,0.09702482912227973,-0.4481906594794105
7.3,43.65,1019.33,67.62,482.96,0,1,0,-1.7553223633571942,-0.95973006440778
22.7,66.44,1011.19,68.36,444.02,1,0,0,1.056147909820359,0.043101100983317105
29.78,65.74,1012.13,44.96,441.51,1,0,0,2.1570238439999345,-1.3213281663050576
15.3,43.34,1013.23,82.73,463.7,0,1,0,-1.0876529963263428,0.4273558901867499
10.39,44.85,1014.22,78.42,478.05,0,1,0,-1.3812063160637764,0.14276473929971104
13.1,49.83,1007.29,92.79,466.08,0,1,0,-0.8410046502263504,1.66077157387234
24.92,48.92,1010.11,36.53,445.56,1,0,0,1.372326360409083,-1.6388887050386571
10.89,44.2,1018.3,86.32,479.16,0,1,0,-1.8531920253597542,0.09774032239251552
6.81,38.56,1016.5,70.99,487.45,0,1,0,-1.9152963162239593,-0.5152729429427931
23.63,71.29,1008.01,70.07,442.65,1,0,0,1.518855864104151,0.5103304100393353
32.39,79.74,1006.92,58.58,430.12,1,0,0,2.9889842852512656,0.04402718699289521
20.64,49.21,1014.86,58.47,454.2,1,0,0,0.1347010498797706,-0.9917883521492857
26.89,70.32,1012.39,87.17,435.56,1,0,0,0.999706044962662,0.8861748227844987
19.02,50.66,1013.04,85.25,455.42,0,0,0,-0.5107838725899518,0.6116889541131479
20.78,58.86,1016.02,77.29,446.2,1,0,0,0.000841648186079054,-0.0696936284330441
8.72,36.25,1029.31,85.73,479.94,0,1,0,-3.118013150935151,-1.180685618112746
22.45,41.54,1012.69,70.89,460.07,0,0,0,-0.2306682149212821,-0.1884643107327798
24.2,50.78,1008.74,59.32,443.09,1,0,0,0.8927835937878293,-0.293245006131224
10.8,40.22,1011.25,84.57,478.21,0,1,0,-1.5097155054780445,0.7435438393711938
31.48,69.75,1008.9,45.66,438.19,1,0,0,2.676051867800893,-0.9128254499497199
19.09,66.51,1015.11,76.38,458.41,1,0,0,0.2844520736456139,0.055573866857879135
24.38,63.91,1009.53,79.11,446.02,1,0,0,0.915532375770147,0.7469713718148676
19.46,46.33,1013.77,89.62,452.11,0,0,0,-0.8293324500797261,0.7199323865698067
26.63,73.68,1015.15,85.13,428.8,1,0,0,0.9915224224072892,0.5091921415901037
10.26,39.13,1010.94,87.78,474.16,0,1,0,-1.6650872858218488,0.9379282440227423
31.01,71.37,1003.4,55.06,430.82,1,0,0,2.838026204416485,0.1875612761516654
3.95,38.44,1016.75,79.65,492.46,0,1,0,-2.3999803403101065,-0.0768288962674523
25.99,74.67,1016.59,83.39,434.7,1,0,0,0.92963933926526,0.27492326150197255
18.25,43.14,1011.51,55.16,462.78,0,0,0,-0.015293167004255962,-0.8304944376188707
14.46,53.82,1016.55,68.11,462.6,0,1,0,-0.539249722546871,-0.5987507113333752
29.09,70.98,1007.86,80.35,439.34,1,0,0,1.697440457466927,1.0175844824223454
12.53,42.03,1017.57,81.57,469.18,0,1,0,-1.6396126600920116,-0.09669106169307494
20.35,67.71,1005.85,63.97,446.42,1,0,0,1.3969589081611316,0.42415759706266015
5.82,41.38,1021.06,86.91,492.12,0,1,0,-2.5995695568250974,-0.16037946891030574
10.52,41.01,1020.35,93.58,466.75,0,1,0,-2.3538465493942633,0.22618284822148915
14.1,41.04,1026.11,74.25,465.89,0,1,0,-1.9446311869373523,-1.4231261377724422
21.98,55.97,1009.12,89.51,442.65,1,0,0,0.12357184086016561,1.2809725198127861
23.6,65.48,1017.44,61.26,444.38,1,0,0,0.8475289860433906,-1.0178243329779917
26.53,63.87,1017.38,48.53,445.11,1,0,0,1.3551165589564742,-1.701490558705907
28.22,51.43,1006.06,63.72,438.43,1,0,0,1.320977826147379,0.2034775407194993
26.13,73.21,1002.12,92.02,435.34,1,0,0,1.6378373455517579,2.2832218548793133
4.11,38.44,1015.9,81.79,488.05,0,1,0,-2.3847441028497185,0.12510646357741273
30.75,73.5,1011.02,54.76,429.18,1,0,0,2.398805400527289,-0.6386488617891914
13.27,42.28,1008.3,86.2,468.86,0,1,0,-1.0564981104647657,1.148605105342255
11.91,43.22,1008.75,76.57,472.88,0,1,0,-0.9063439806517511,0.6193062639923229
18.24,59.15,1012.0,84.4,449.48,0,0,0,-0.10773535005865821,0.7547569698431904
30.01,62.34,1005.28,62.34,435.94,1,0,0,2.0389637512022665,0.29280851823332077
11.41,40.62,1015.56,57.62,466.83,0,1,0,-1.0313475808254817,-1.1180152972344906
14.39,40.35,1011.33,64.86,472.43,0,1,0,-0.6980905250720243,-0.3062150722484662
20.75,60.77,1017.91,86.06,448.58,0,0,0,-0.27544804085461755,0.19288404784531565
11.36,38.25,1013.22,86.16,473.55,0,1,0,-1.7262062644741325,0.5914448625643891
27.94,63.07,1010.75,38.57,441.0,1,0,0,2.148500425403927,-1.5099069073262907
11.28,40.55,1006.23,97.78,475.14,0,1,0,-1.4584891523482437,1.97148546079713
14.69,49.64,1023.43,78.17,434.12,0,1,0,-1.4364915118786226,-0.8637110205629244
24.23,59.04,1011.91,71.79,443.06,1,0,0,0.7174574651914761,0.07172742837955047
9.44,41.79,1020.16,72.26,474.03,0,1,0,-1.8385325836282047,-0.8401544683021279
21.83,57.85,1012.49,75.16,448.21,1,0,0,0.33929974230469845,0.1893730779085302
14.79,38.73,999.83,86.45,470.28,0,1,0,-0.5166295743858854,2.0447336007093635
23.29,68.51,1013.19,77.81,441.17,1,0,0,0.812816749174714,0.3258610833974668
21.75,65.12,1015.53,66.0,452.89,1,0,0,0.685321547046349,-0.5554139327264154
17.33,53.16,1013.16,82.93,460.67,0,0,0,-0.48760730174439204,0.5105336927136889
17.53,50.66,1012.74,91.51,457.28,0,0,0,-0.7768901982752139,0.9777176853295231
22.61,54.42,1014.74,75.87,453.86,1,0,0,0.08050342601685274,-0.051907228913423246
13.34,40.83,1008.09,85.85,471.82,0,1,0,-1.0911859407580258,1.1412420566569026
15.85,49.69,1015.33,89.24,469.4,0,0,0,-1.0755794194031545,0.58219386179847
12.43,43.22,1008.93,77.42,468.01,0,1,0,-0.8979079567712398,0.6400380788560446
20.34,46.63,1013.16,79.08,453.62,0,0,0,-0.42646562025401485,0.23860435330093227
14.52,44.84,1023.51,88.51,466.88,0,1,0,-1.9377956658113165,-0.3761016331185324
31.92,75.33,1001.81,61.97,436.38,1,0,0,3.015562346645055,0.7431011358494175
22.89,73.11,1006.66,73.11,440.15,1,0,0,1.5506208059826074,0.8339789073504807
20.84,51.19,1008.63,84.11,448.98,0,1,0,-0.006749811963103079,1.0248233891224274
18.81,52.08,1005.77,98.86,450.72,0,1,0,-0.32550542725482084,2.1187529591283796
28.95,66.75,1018.22,60.48,432.39,1,0,0,1.312297687367811,-1.1693428187431991
16.82,47.45,1010.19,88.48,449.57,0,1,0,-0.7239875015614058,1.0779230628846461
11.2,41.38,1021.65,61.89,476.87,0,1,0,-1.541950252265666,-1.5530829691815098
9.13,39.16,1014.14,86.17,484.86,0,1,0,-1.933127076231275,0.5143593765688778
15.24,45.87,1009.46,85.95,456.33,0,1,0,-0.8081752126540325,1.0248567296919522
5.68,40.35,1012.11,92.86,486.79,0,1,0,-2.201830263754707,1.113925185387199
30.32,64.69,1006.35,51.36,436.72,1,0,0,2.3821262722163556,-0.37374415187477394
17.89,44.6,1014.48,42.51,463.99,1,0,0,0.14743306659812908,-1.7927248975662429
33.38,71.06,1008.1,64.83,430.98,1,0,0,2.4442399612118866,0.16153633179879123
26.19,65.61,1014.51,54.52,443.73,1,0,0,1.4429120851169248,-1.063424351227718
12.59,44.34,1017.01,85.57,474.11,0,1,0,-1.5991603798030567,0.18898607857755373
17.62,43.69,1016.49,67.92,465.93,0,0,0,-0.7159948427029397,-0.7052159117682547
22.06,64.15,1021.07,68.66,451.44,1,0,0,0.22093298457398008,-1.0312058954591328
18.28,45.0,1022.47,43.03,471.42,0,1,0,-0.3610648407740936,-2.635262511908106
16.62,52.05,1011.96,67.81,457.89,0,0,0,-0.11823491226511086,-0.14350123270670412
22.83,65.18,1012.24,79.74,442.43,1,0,0,0.642370426071172,0.5052553915772292
12.04,40.78,1025.21,85.97,463.51,0,1,0,-2.371015104065533,-0.7080868604425355
19.51,50.16,1010.33,94.37,448.28,0,1,0,-0.545939207841371,1.3702125001668037
24.65,71.98,1006.46,91.11,431.77,1,0,0,1.1893445919155574,1.7639120827944585
16.14,44.63,1019.44,47.85,463.5,0,1,0,-0.4733810322446619,-2.0448769077348827
19.27,50.9,1011.72,83.14,455.09,0,0,0,-0.3344384698351643,0.6467011081298012
6.5,38.68,1017.8,62.9,483.72,0,1,0,-1.8128231972065059,-1.071392532969273
6.43,39.61,1017.51,83.8,480.58,0,1,0,-2.3039631519042474,0.04715485801610204
23.46,57.85,1012.7,65.54,444.66,1,0,0,0.7108970306229547,-0.34127964254962384
5.68,40.77,1022.49,90.6,487.58,0,1,0,-2.8319349893990946,-0.12952967587981457
20.12,56.53,1020.34,75.59,454.54,0,0,0,-0.4064613305020068,-0.6420743765224598
27.75,66.54,1010.21,46.37,437.58,1,0,0,2.1188002086244078,-1.0191729365203057
14.32,45.08,1023.24,84.53,467.21,0,1,0,-1.8213129474263674,-0.5488798756297336
28.29,47.93,1002.6,53.23,437.13,1,0,0,1.682451319940551,0.009960230170083193
15.08,42.77,1018.43,73.19,461.68,0,1,0,-1.2361733385164062,-0.6344227072199186
10.98,41.39,1017.54,85.31,476.31,0,1,0,-1.8914457786436654,0.1050952223252762
31.85,73.91,1003.6,60.22,431.26,1,0,0,2.8708711894021874,0.4469011374726186
19.54,50.66,1014.7,84.53,456.61,0,0,0,-0.5622243501603645,0.3902259671154234
23.17,62.39,1008.04,89.42,439.29,1,0,0,0.5808222547482372,1.4374980508277602
20.28,62.52,1017.89,75.67,452.45,1,0,0,0.03577833769113427,-0.32403460150195934
10.08,41.16,1023.14,96.03,469.17,0,1,0,-2.63778419261142,0.05311179957953161
28.5,74.87,1009.67,53.78,444.88,1,0,0,2.391146096971576,-0.5158483350810722
15.16,40.73,1017.7,86.37,459.19,0,1,0,-1.6141472349694002,0.1085228574044297
28.02,68.08,1013.44,44.46,434.95,1,0,0,2.038679713502272,-1.4588986092439473
25.38,65.34,1012.87,62.49,447.41,1,0,0,1.2677003020593844,-0.47003705986480016
27.55,64.96,999.73,57.34,431.33,1,0,0,2.460472286925848,0.676863055085804
6.45,40.02,1032.08,79.7,481.36,0,1,0,-3.1704389875484402,-1.7477126111509342
14.43,43.5,1021.86,83.14,466.58,0,1,0,-1.7514875174838094,-0.48386730247082405
14.22,39.39,1014.16,80.22,470.98,0,1,0,-1.3487586830454463,0.17207660439721217
12.1,40.27,1005.53,68.37,477.61,0,1,0,-0.5869196382885191,0.5214941478260133
9.83,38.56,1017.35,62.8,480.47,0,1,0,-1.5099733056512978,-1.051278734226474
32.0,73.17,1009.94,40.48,428.69,1,0,0,2.934207905307944,-1.269491393505361
11.83,45.09,1013.11,88.52,470.32,0,1,0,-1.4400176727337466,0.7771465960791748
29.92,67.22,1014.09,50.62,444.78,1,0,0,1.9523020867529866,-1.231557001855845
7.22,41.01,1025.19,97.27,476.15,0,1,0,-3.0526181907880634,-0.08773940027775894
13.07,38.47,1015.16,57.26,468.9,0,1,0,-0.9524488412445855,-1.1217099390456282
10.08,43.14,1010.67,85.9,478.73,0,1,0,-1.4356148790666445,0.903797597456572
23.89,70.04,1011.16,84.9,433.71,1,0,0,0.8829256028496354,0.9211446557800574
18.88,44.06,1013.81,68.54,451.13,0,0,0,-0.4291722988854524,-0.38704084431371544
20.68,68.61,1011.2,84.81,446.33,1,0,0,0.5545603322753512,0.9225567278212186
13.99,36.71,1013.43,83.13,473.2,0,1,0,-1.5121712098355076,0.38177631969609377
7.4,41.03,1022.09,74.83,486.81,0,1,0,-2.239153243091881,-0.909792666588136
11.77,40.0,1021.08,85.08,475.49,0,1,0,-2.122861402535206,-0.30880390840187993
22.64,63.73,1013.88,84.22,447.21,1,0,0,0.33388315886013115,0.5476012912226839
18.13,66.86,1012.9,78.84,454.85,1,0,0,0.30703691644695724,0.43257661869537095
23.18,72.99,1009.01,90.09,439.12,1,0,0,0.9653469001923717,1.451791321466071
29.45,68.24,1007.45,32.81,432.53,1,0,0,2.87656726449681,-1.4166506366454017
10.2,41.17,1019.56,82.46,479.7,0,1,0,-2.0287685552293873,-0.25841931834195886
26.57,48.06,1013.23,40.24,439.54,1,0,0,1.1609379397792694,-1.8052554075410345
22.78,49.16,1002.29,64.28,444.99,1,0,0,1.0142904295953519,0.6617453141150732
25.59,61.08,1013.19,77.28,443.91,1,0,0,0.6889229237590634,0.22293470504714596
18.66,56.53,1020.13,80.04,459.45,0,0,0,-0.6289305325381416,-0.3794944682109619
24.66,69.94,1006.56,60.91,432.68,1,0,0,1.882565163377499,0.1773899092242579
21.9,66.54,1004.76,89.99,439.06,1,0,0,0.867694064133431,1.8661535233748932
12.12,38.28,1013.65,90.19,471.19,0,1,0,-1.7967793021648595,0.7477325138313365
14.95,42.99,1008.75,90.76,468.61,0,1,0,-1.0363699385348506,1.3292689921662595
19.31,52.72,1024.93,53.93,455.25,0,1,0,-0.38823068904938873,-2.2852227577271855
30.93,73.42,1010.98,56.42,432.44,1,0,0,2.3694847178370866,-0.5504672538157742
26.27,62.91,1011.97,48.06,447.76,1,0,0,1.6724513296268395,-1.1426777709501539
19.46,66.86,1012.74,66.2,454.89,1,0,0,0.7580140113102367,-0.21165457702679485
15.56,40.12,1013.72,89.78,461.21,0,1,0,-1.4257882628884266,0.7102614157180486
8.99,41.26,1020.52,91.96,476.09,0,1,0,-2.4383638301222597,0.13650536266450464
22.16,58.82,1009.61,87.16,444.76,1,0,0,0.2920817604483894,1.128025774871808
24.43,59.87,1019.08,60.57,441.61,1,0,0,0.5749177326798595,-1.2828680497419211
20.78,62.52,1017.58,73.3,452.3,1,0,0,0.16011191845738815,-0.4160543116828201
29.51,76.09,1007.39,71.5,432.45,1,0,0,2.2207002700622174,0.650150881249374
12.4,40.35,1011.46,79.49,476.44,0,1,0,-1.2534971547839946,0.4485295656166618
28.92,72.43,1007.03,66.14,431.5,1,0,0,2.175244825249723,0.38717639928465675
13.03,42.86,1014.39,86.25,475.03,0,1,0,-1.4672403761536172,0.4944268051068224
28.73,73.91,1004.91,70.17,436.12,1,0,0,2.2640416569017123,0.8392755620834077
26.43,77.17,1008.67,92.59,431.26,1,0,0,1.3757347981768877,1.629341975292732
17.61,56.53,1019.5,82.3,457.01,0,0,0,-0.7316985602695075,-0.18704983402440045
21.79,46.21,1012.89,72.0,449.99,0,0,0,-0.12188969665367728,-0.11080743348120843
5.11,42.07,1004.28,81.8,486.41,0,1,0,-1.350209752740762,1.4132008879498732
12.85,40.35,1011.29,81.27,472.69,0,1,0,-1.251278492644625,0.555860264070123
25.03,47.93,1003.02,62.89,443.55,1,0,0,1.1323221662076963,0.4852214567045754
25.35,66.56,1008.75,66.88,436.51,1,0,0,1.4851869786963496,0.2152177143407643
28.95,73.4,1011.33,55.14,440.67,1,0,0,2.214765558205376,-0.6412899842460952
19.72,51.19,1008.51,95.28,446.01,0,1,0,-0.38289214950129746,1.6222141928469525
30.03,67.9,1006.22,52.61,426.13,1,0,0,2.4759142323260157,-0.26721798559070886
8.7,39.72,1020.0,78.75,479.03,0,1,0,-2.149554476399289,-0.4992929846870228
14.94,42.77,1018.06,75.35,460.51,0,1,0,-1.2789457625047869,-0.4816668354350954
7.07,37.49,1010.35,87.19,481.58,0,1,0,-1.9450434183475356,0.9802922208205669
21.12,47.24,1003.79,70.55,462.41,1,1,0,0.5265228035962932,0.8180043852280579
8.6,42.28,1008.58,80.15,484.21,0,1,0,-1.3029428131843535,0.8376839834028058
10.33,44.92,1025.34,85.67,476.99,0,1,0,-2.3306502479194076,-0.6926974988386313
16.79,49.25,1021.21,68.8,458.42,0,1,0,-0.8841589315520001,-1.1232344885623766
16.16,41.79,1007.53,76.21,453.39,0,1,0,-0.5260258212396018,0.6929955842490104
22.52,64.27,1014.34,82.77,445.4,1,0,0,0.35431493768360894,0.42782766593259414
22.11,59.8,1016.86,70.14,450.62,1,0,0,0.28162622659687825,-0.5317998605927824
14.11,45.08,1023.27,83.22,464.7,0,1,0,-1.806459504368266,-0.6183426981980552
24.97,68.61,1011.08,58.94,447.83,1,0,0,1.5928314376273545,-0.4292783244015222
19.22,62.1,1019.43,79.19,451.8,0,0,0,-0.2672014032023819,-0.30612165483484705
13.72,44.47,1027.2,68.89,470.66,0,1,0,-1.7590227289826657,-1.7882990398349439
24.58,71.94,1006.85,89.02,433.99,1,0,0,1.2098280273413362,1.6137051500823307
9.16,42.44,1014.43,93.67,480.98,0,1,0,-2.0017936873438176,0.8962023052521009
20.92,57.76,1017.22,75.86,453.96,0,0,0,-0.08054586118916057,-0.283991764926748
26.7,70.32,1011.04,86.41,438.46,1,0,0,1.0959225528180865,0.9952228002371752
9.04,44.68,1023.14,90.73,479.53,0,1,0,-2.4299369638756194,-0.1850512547821317
10.16,39.3,1019.71,81.21,480.74,0,1,0,-2.0920785519173415,-0.35407451023747993
3.85,35.47,1016.78,85.31,489.78,0,1,0,-2.6891233257617504,0.18887287480454534
22.7,64.05,1012.65,89.69,448.76,1,0,0,0.29386538825090114,0.9660891565446614
28.54,69.59,1008.84,78.62,433.3,1,0,0,1.5691550552328113,0.8141300522806203
31.54,72.58,1007.61,65.57,427.31,1,0,0,2.3734566219599476,0.27790642307346825
10.48,36.71,1023.18,81.37,473.3,0,1,0,-2.420611435052956,-0.7466724376013647
16.77,42.28,1007.53,73.19,465.52,0,1,0,-0.3751595837862945,0.5368613732414558
17.84,52.08,1006.65,100.09,450.67,0,1,0,-0.49770301183783366,2.093068375411641
21.76,60.27,1018.96,85.06,446.86,0,0,0,-0.2595850786453953,0.01600605484572116
12.24,40.96,1023.52,81.09,474.76,0,1,0,-2.1038337207175846,-0.7759378838873654
13.25,49.83,1008.76,88.21,453.8,0,1,0,-0.8091648039507142,1.2632435890624303
17.28,44.92,1024.39,76.08,459.26,0,1,0,-1.4416553959060219,-1.1318511492972319
34.96,68.94,1006.17,59.26,431.48,1,0,0,2.7583113517245814,0.05623802628695063
28.51,74.78,1009.84,59.06,434.43,1,0,0,2.2384421767599294,-0.26256075470864426
32.29,64.96,1002.13,42.61,430.58,1,0,0,3.0729804442857276,-0.3772968921309985
15.6,44.68,1018.35,85.91,463.82,0,1,0,-1.4359760692197867,0.042814571117058116
26.91,71.64,1004.59,83.54,438.73,1,0,0,1.6861898875070196,1.5585191053723821
23.55,73.18,1011.85,87.97,437.88,1,0,0,0.8660370778714059,1.0321290739536981
15.49,54.3,1017.59,71.26,464.24,0,1,0,-0.5862907529684376,-0.5525307811635455
19.68,62.96,1020.41,82.26,453.58,0,0,0,-0.33835369713866387,-0.2505436828925214
24.87,60.37,1005.48,76.21,436.41,1,0,0,1.151798640860241,1.006349118645917
24.73,69.05,1003.25,66.44,437.93,1,0,0,1.930266014933433,0.8156281496939053
11.31,39.61,1018.74,68.9,471.92,0,1,0,-1.595690429483102,-0.8893501209364214
15.24,37.87,1020.52,84.49,463.09,0,1,0,-1.8767707312309718,-0.3191579267670781
23.16,57.69,1007.91,84.7,438.29,1,0,0,0.5049815832398907,1.170182549812399
14.81,40.71,1018.54,73.0,467.66,0,1,0,-1.3518153256227465,-0.6709571780016609
13.97,41.16,1020.88,74.88,459.84,0,1,0,-1.6099668533569151,-0.8193106216961237
23.25,71.29,1008.05,71.36,442.21,1,0,0,1.4510558964462466,0.5751703754009981
22.47,59.43,1006.02,85.21,444.5,1,0,0,0.6402731003410511,1.4210233631580662
16.38,45.64,1020.47,89.28,462.58,0,1,0,-1.561868822356588,-0.011622016066470944
19.73,68.63,1012.41,74.12,450.26,1,0,0,0.6738773108811164,0.24557348724541686
30.24,69.88,1007.9,61.46,436.37,1,0,0,2.234746297175133,0.02127842614444104
28.13,61.25,1013.12,62.57,436.61,1,0,0,1.2952197333310924,-0.5448613375835588
24.6,75.23,1012.04,76.77,434.07,1,0,0,1.3227949151655043,0.4425591534786931
21.64,50.32,1008.41,86.32,442.52,0,1,0,-0.021827734183141254,1.150398298693611
29.03,69.51,1009.8,47.04,435.09,1,0,0,2.365835293442494,-0.9247646448423974
25.02,59.44,1012.49,73.65,444.08,1,0,0,0.7121508236542793,0.10242821653790145
23.32,69.23,1011.75,75.59,436.18,1,0,0,1.0032221968885189,0.37362931761096785
11.48,44.6,1018.29,90.76,470.39,0,1,0,-1.9021993349885962,0.3272435674205116
13.83,41.23,993.31,93.94,466.2,0,1,0,-0.23684973365911272,3.168005578870922
26.77,68.08,1010.83,63.48,432.91,1,0,0,1.6164407733260786,-0.1842400817299701
15.34,40.73,1018.03,86.19,458.55,0,1,0,-1.6170854619112205,0.0620701753989727
28.14,43.21,1011.82,69.32,436.53,1,0,0,0.412933997981448,-0.2002192174645182
8.6,36.66,1026.4,81.23,481.86,0,1,0,-2.7938569405704894,-1.0920472871804958
21.86,58.49,1010.88,76.79,449.9,1,0,0,0.43716418931730966,0.4537700084922131
7.71,36.25,1027.92,89.84,481.74,0,1,0,-3.2140073346059674,-0.8102566181461535
22.7,48.14,1014.06,60.09,448.96,1,0,0,0.2697617913846089,-0.8437436833083106
27.21,66.49,1013.57,40.11,439.04,1,0,0,2.006530499571561,-1.7049032711606675
24.58,48.98,1014.96,38.75,459.79,1,0,0,0.9582398192417223,-2.0495323233510097
10.06,39.61,1020.69,69.49,478.35,0,1,0,-1.8472239955172987,-1.0626630686892469
26.34,68.67,1006.54,72.48,437.52,1,0,0,1.6642635026245431,0.7551825782175485
20.48,51.43,1007.4,90.7,448.03,0,1,0,-0.11422677229042803,1.5033586830468184
6.19,41.31,1002.48,88.8,485.08,0,1,0,-1.3547749446758968,1.9570701710087384
13.08,44.9,1020.47,86.46,472.01,0,1,0,-1.7931768306399718,-0.14062340628900583
21.87,74.87,1009.28,85.4,442.37,1,0,0,1.044256278314566,1.2043578893523725
18.91,43.14,1013.56,58.34,460.19,0,0,0,-0.18367809357465015,-0.8940316115241824
11.92,38.25,1013.13,84.92,472.5,0,1,0,-1.641447354549869,0.5334003250336649
12.27,41.17,1019.39,52.18,473.84,0,1,0,-1.0550831080557648,-1.8173170281389628
5.17,35.57,1026.68,79.86,491.32,0,1,0,-3.1083051345751733,-1.1786067063683436
15.93,25.88,1009.45,72.83,462.7,0,1,2,-1.2890357277786404,0.18286445814896607
22.21,61.87,1010.9,54.22,446.62,1,0,0,1.2034825839253218,-0.6887928092202108
20.84,65.06,1016.88,71.93,445.74,1,0,0,0.36057235652140013,-0.39051815136959467
22.53,58.62,1016.28,72.78,449.02,1,0,0,0.23482428861460897,-0.34472974298261155
16.27,56.89,1013.74,84.36,454.88,0,0,0,-0.48755594570218946,0.5584985087398121
27.37,69.23,1013.25,48.02,433.18,1,0,0,1.9556601852170523,-1.2407152525971197
13.18,43.72,1010.59,99.09,464.7,0,1,0,-1.493391815310747,1.576958350094317
27.69,73.91,1005.23,75.71,435.08,1,0,0,2.0116214056767454,1.097553451918899
14.0,41.78,1010.96,48.37,465.62,0,0,0,-0.2111090002554853,-1.1030747361499424
18.88,65.94,1010.43,85.54,445.61,1,0,0,0.321698287821056,1.0348724827408151
24.18,59.92,1009.88,79.54,438.85,1,0,0,0.6880133917811535,0.7002901197568647
19.19,50.16,1011.12,99.91,449.52,0,1,0,-0.7709761312231893,1.5723979709593088
28.37,67.07,1005.65,56.13,435.94,1,0,0,2.2491896406394636,-0.018774007816598763
27.55,65.59,1011.6,63.99,440.53,1,0,0,1.5052159198992803,-0.26713349116166296
5.96,36.25,1029.4,88.63,488.2,0,1,0,-3.4277304754028006,-1.0219087960445068
28.52,70.02,1010.34,54.21,441.98,1,0,0,2.122052405860413,-0.605801307158206
26.49,59.44,1012.09,57.84,441.16,1,0,0,1.2738805652718923,-0.680286041764626
22.65,60.93,1006.43,85.13,440.52,1,0,0,0.6954004568546553,1.3831057055431164
7.04,39.37,1019.37,69.11,488.0,0,1,0,-2.007143123308829,-0.9198603794274147
30.13,78.05,1010.99,61.5,434.14,1,0,0,2.374158448378502,-0.24653011549815018
29.32,71.29,1008.34,51.51,432.17,1,0,0,2.4509819322637885,-0.5226726715451762
10.46,41.26,1020.65,92.24,473.76,0,1,0,-2.333214313283366,0.12676285509252483
19.62,52.05,1012.09,50.02,456.81,1,0,0,0.5853816008921358,-1.0965963237040592
10.71,41.93,1018.23,90.88,478.76,0,1,0,-2.0825142592442116,0.32372549292709935
26.06,64.05,1012.0,84.05,442.24,1,0,0,0.7628826801828026,0.7227270833927424
8.2,41.14,1025.24,96.26,474.04,0,1,0,-2.943017182619953,-0.1509752632797512
25.32,60.37,1006.19,73.94,438.5,1,0,0,1.1998516957260532,0.8087774347472952
15.75,39.16,1016.31,77.99,468.87,0,1,0,-1.3209263736167491,-0.18944715912198506
30.26,76.2,1008.44,62.1,435.04,1,0,0,2.4614973370159,0.04629664777769255
9.86,42.49,1009.16,81.41,477.78,0,1,0,-1.2621554075114771,0.8326668525385317
20.56,43.79,1015.85,45.7,462.11,1,0,0,0.15533458742177803,-1.8019662745571072
27.28,44.89,1009.02,49.9,441.94,1,0,0,1.1143791441357873,-0.8785454679646654
22.89,62.39,1007.84,88.16,448.13,1,0,0,0.6042722933359608,1.3961369578548521
27.59,50.05,1005.71,57.03,437.98,1,0,0,1.4068151653560579,-0.11061066367186799
31.11,72.25,1012.34,44.45,434.22,1,0,0,2.552823977406617,-1.3271710951982945
13.8,40.2,1013.12,90.59,466.29,0,1,0,-1.547785866657801,0.8300761268905471
21.8,62.39,1007.84,89.04,452.15,1,0,0,0.4913119090535241,1.4490161218593678
14.28,39.39,1013.82,77.52,469.92,0,1,0,-1.250072809356066,0.0692926781242251
9.99,41.82,1033.14,68.36,475.75,0,1,0,-2.574842206603831,-2.458261557548453
17.65,59.87,1018.58,94.65,450.93,0,0,0,-0.8411351855733632,0.5773419867562675
19.47,50.9,1012.77,77.33,457.08,0,0,0,-0.23769639638328843,0.2310594224165934
16.64,39.64,1008.7,81.79,463.49,0,1,0,-0.8067761719398874,0.8330877627334363
16.95,40.12,1012.59,87.87,457.05,0,1,0,-1.1841119123736077,0.7251896977703843
25.95,69.51,1009.36,66.82,434.38,1,0,0,1.6247502002538032,0.16536706314290134
14.09,41.2,1016.45,67.27,472.42,0,1,0,-1.097418307016745,-0.730356609995618
11.21,39.85,1013.01,75.55,480.61,0,1,0,-1.3764789331465426,0.08046057106908763
20.25,55.5,1020.03,69.33,455.13,0,0,0,-0.25642835404814396,-0.9406915873371476
17.72,48.14,1013.26,65.09,457.44,0,0,0,-0.21738471166058615,-0.4644800116881706
13.78,38.28,1014.8,81.19,467.43,0,1,0,-1.5029935013418418,0.14653752398303804
5.57,42.85,1013.55,92.14,488.85,0,1,0,-2.1800486161222365,0.9408577231016779
18.23,60.95,1016.74,78.85,455.53,0,0,0,-0.20733396483442695,-0.033290202880719814
23.89,65.18,1012.46,78.29,438.97,1,0,0,0.7527503736932233,0.39920052900837805
32.16,66.25,1008.17,56.88,434.5,1,0,0,2.334447382117772,-0.28692863044848804
25.62,63.13,1013.84,83.49,439.13,1,0,0,0.5751925242895706,0.489074786486746
21.69,42.23,1013.05,67.55,461.56,0,0,0,-0.20024161434502818,-0.38934390031614013
13.9,45.08,1023.29,83.43,465.31,0,1,0,-1.8306432783649742,-0.6082437840475693
25.88,74.67,1016.66,81.09,434.81,1,0,0,0.9758889903714163,0.1493113661923226
25.03,61.86,1012.84,80.85,439.55,1,0,0,0.6076659652111894,0.4554596171209849
17.7,50.88,1015.44,89.57,456.78,0,0,0,-0.8865435137280007,0.5841994661934121
13.98,40.24,1017.19,87.45,467.2,0,1,0,-1.7265952177947146,0.22392349240811726
23.36,72.24,1010.99,94.41,434.15,1,0,0,0.6992610127275701,1.4519686699459189
26.55,73.67,1005.74,79.41,433.44,1,0,0,1.7754934540139478,1.2389008469293945
25.16,47.01,1014.99,64.0,452.64,1,0,0,0.2574058769128268,-0.7690498226860998
23.82,63.76,1009.8,68.94,440.52,1,0,0,1.1100420287115105,0.19514608617709392
29.86,70.8,1010.22,70.36,437.47,1,0,0,1.8532078820358515,0.23816660581278634
25.42,66.05,1016.74,68.92,442.6,1,0,0,0.8704376986617762,-0.5539906688753024
8.33,39.72,1020.24,82.84,479.12,0,1,0,-2.3033310415430144,-0.3117416552474365
26.2,65.18,1011.42,47.82,440.07,1,0,0,1.8105235753794908,-1.0764216201560153
31.49,73.5,1010.71,40.16,432.13,1,0,0,2.8625288928516532,-1.363705860879959
28.05,70.36,1006.73,64.42,434.06,1,0,0,2.0775727219615767,0.3203119511235881
9.7,37.14,1012.79,75.2,475.77,0,1,0,-1.5964448214669644,0.07483229761960823
15.94,44.85,1014.29,67.57,462.54,0,1,0,-0.6443787138579913,-0.4629296100473569
18.52,58.41,1013.77,99.89,446.68,0,0,0,-0.6426917817469553,1.3538690725525186
14.5,40.66,1016.81,82.93,463.53,0,1,0,-1.5211398487085221,0.031773855838320715
25.66,71.77,1006.76,84.76,429.25,1,0,0,1.4089264079629518,1.394824972847429
24.29,62.91,1013.04,65.85,442.18,1,0,0,0.9712099564698407,-0.3272063230948959
13.87,49.83,1006.76,89.14,462.46,0,1,0,-0.645939596810515,1.524777915467668
6.1,43.65,1018.07,75.85,485.24,0,1,0,-1.9835209286215194,-0.38945412279161357
21.91,70.32,1009.17,90.57,439.29,1,0,0,0.7193574645747478,1.446321891583256
29.34,70.94,1007.82,62.43,433.57,1,0,0,2.1873041715263573,0.09475452230746291
23.93,65.59,1011.09,87.26,444.9,1,0,0,0.6331364281694813,1.0144873150147178
7.77,40.27,1010.25,83.65,485.54,0,1,0,-1.6653802829312008,0.8260310904588284
28.07,74.33,1012.0,71.69,428.87,1,0,0,1.7049902468146172,0.15369099298474126
28.34,73.68,1015.05,76.73,432.0,1,0,0,1.3589778317247743,0.07473008934750071
18.59,65.06,1015.75,80.72,450.4,1,0,0,0.022213757065558518,0.20168879857238875
28.68,61.86,1011.78,62.67,440.57,1,0,0,1.456253185534548,-0.3926454478060011
19.01,58.46,1017.14,90.99,446.18,0,0,0,-0.597235826251644,0.5245228317312954
21.29,51.43,1011.31,90.12,452.94,0,0,0,-0.29878825080908766,1.0421649147949819
9.78,52.75,1022.97,78.31,469.58,0,1,0,-1.6769289760419275,-0.7478000061609099
19.65,42.23,1013.04,75.9,461.16,0,1,0,-0.586128167347941,0.056768198584287714
8.54,38.08,1019.75,71.24,478.31,0,1,0,-2.021778193336708,-0.871908762956175
21.39,58.05,1013.03,86.44,449.76,1,0,0,-0.01977107008330832,0.7175477874874161
13.25,43.7,1013.61,76.05,472.22,0,1,0,-1.092334465922808,0.05802052902578601
13.53,42.03,1017.52,84.02,466.71,0,1,0,-1.61768768083147,0.028406349663410997
5.35,35.79,1013.23,93.53,483.2,0,1,0,-2.52397726663191,0.9920946149211012
32.0,65.74,1011.22,46.16,440.26,1,0,0,2.3709397009082185,-1.1754644166364143
26.92,68.27,1008.11,61.73,435.17,1,0,0,1.8683688037808983,0.022068477204995447
25.82,59.43,1008.08,65.25,436.67,1,0,0,1.2978998892121079,0.14337049702234772
26.41,65.59,1010.69,73.78,441.49,1,0,0,1.2173433747023503,0.3451629739333738
4.27,39.64,1010.99,84.85,487.19,0,1,0,-2.063843209412969,0.8262523134244069
17.79,44.9,1020.5,69.72,457.72,0,1,0,-0.9690420347669968,-1.0403059620481716
17.47,58.16,1016.36,82.26,456.97,0,0,0,-0.45626819475371616,0.16685061160248538
28.53,76.86,999.08,75.77,431.64,1,0,0,2.628734625858678,1.788278372574373
28.37,68.12,1012.41,45.87,436.42,1,0,0,2.102708932823444,-1.2760287234393943
22.88,71.73,1010.11,86.96,436.36,1,0,0,0.891829258430606,1.1623327571716329
10.16,41.62,1013.15,94.3,465.05,0,1,0,-1.8846052931522685,1.0546543403765525
4.59,39.33,1010.85,71.78,494.9,0,1,0,-1.7000230482701657,0.16204773654737262
9.23,39.66,1019.44,76.11,481.77,0,1,0,-2.0012904942014615,-0.5787205698246907
23.81,66.51,1016.96,70.16,438.32,1,0,0,0.7104328029771403,-0.4992208704530981
17.98,60.1,1009.61,84.11,452.57,1,0,0,0.08321031200532715,1.009434085956489
12.38,45.09,1013.26,90.55,467.47,0,1,0,-1.4578947086261789,0.8618595864327937
12.88,44.34,1016.03,88.51,474.94,0,1,0,-1.5852360638551637,0.44548899563345323
23.26,63.56,1013.64,71.3,446.67,1,0,0,0.7315348453822638,-0.09889341930111258
25.98,68.12,1011.36,66.86,439.0,1,0,0,1.4285438714866843,-0.06172684326600005
10.01,41.17,1018.78,86.84,479.4,0,1,0,-2.105725858266727,0.05393026285687675
8.55,36.25,1029.54,85.23,480.68,0,1,0,-3.1346596828577824,-1.2303796640105877
16.85,50.9,1013.26,83.94,460.68,0,0,0,-0.6600750669104316,0.5368641516890685
23.48,66.49,1014.41,62.61,450.05,1,0,0,1.0534537376947974,-0.6092699027237185
19.64,46.33,1013.33,98.99,451.45,0,1,0,-1.0293245660700887,1.250353600345309
22.0,59.54,1004.55,95.25,439.37,1,0,0,0.4441964150722267,2.1035069115528575
22.54,63.91,1012.15,84.91,446.64,1,0,0,0.43348138057202523,0.7737172336499554
28.18,77.54,1011.99,74.72,430.55,1,0,0,1.777098681272342,0.3363146554174936
31.04,74.67,1015.85,43.32,435.17,1,0,0,2.443967194696653,-1.7477022610570552
10.81,45.0,1023.45,85.89,482.63,0,1,0,-2.164399644313849,-0.4781939984948198
21.84,55.5,1019.28,62.17,454.99,1,1,0,0.11303538250837554,-1.2395451620606088
24.96,69.68,1011.37,63.12,447.2,1,0,0,1.5101822669067664,-0.23636527542096675
22.19,70.02,1011.03,82.49,444.85,1,0,0,0.8135696806847774,0.8223321600593752
31.01,74.16,1010.89,56.52,434.64,1,0,0,2.4122360439481487,-0.5300913141781689
19.05,55.5,1020.25,75.76,457.5,0,0,0,-0.5384933108037667,-0.6244846438914702
17.37,58.49,1012.2,91.14,456.29,0,0,0,-0.39839863297922534,1.081574748441235
24.07,73.46,1006.61,73.46,438.41,1,0,0,1.6577083333681852,0.852249168377825
23.0,66.05,1020.61,80.29,421.57,1,0,0,0.10974482504381165,-0.3718182816586615
20.05,42.48,1012.29,85.09,457.01,0,0,0,-0.7311015836706644,0.6121595812014291
24.03,45.87,1007.55,52.48,445.84,1,0,0,0.9221436354763002,-0.5551965412570689
31.44,79.74,1006.95,56.99,431.69,1,0,0,2.950077105096393,-0.03483510759942309
7.36,41.01,1025.49,96.48,477.37,0,1,0,-3.0408727238978073,-0.16214485322636496
20.53,65.06,1016.69,73.47,446.64,1,0,0,0.30769796267661337,-0.28820762234907804
29.21,72.25,1012.72,71.85,434.64,1,0,0,1.654109645454868,0.05901496497802535
20.68,63.86,1015.73,74.36,447.84,1,0,0,0.30936567711577956,-0.14842705597222453
32.96,69.75,1008.86,40.23,435.56,1,0,0,2.9428243643232714,-1.1989167305496091
26.29,56.85,1012.68,60.33,439.86,1,0,0,1.0378933915280737,-0.6354695698006833
29.25,78.87,1012.05,84.28,430.49,1,0,0,1.6701487586380919,0.8267379407798935
31.91,69.89,1014.59,54.51,429.29,1,0,0,2.098529121397085,-1.077257217907622
6.67,39.33,1011.07,91.96,490.03,0,1,0,-2.070667145450889,1.1657144170629958
14.56,40.89,1010.94,79.57,467.53,0,1,0,-1.0180481149718386,0.4988681390105691
20.3,58.41,1014.05,86.38,451.74,0,0,0,-0.16183710641370602,0.6137411639439343
20.74,58.2,1017.54,70.66,450.4,1,0,0,0.03806056023641714,-0.5825189530224699
23.51,58.79,1016.44,65.38,445.75,1,0,0,0.5056658968274889,-0.7495162113820464
32.32,76.09,1006.63,62.96,432.53,1,0,0,2.727601410063973,0.2728052307389713
22.26,70.47,1008.32,84.22,440.21,1,0,0,0.9787404401817652,1.209854609124115
5.53,35.79,1013.48,94.19,484.25,0,1,0,-2.543411296347454,0.997718860498632
16.05,65.46,1013.92,87.99,456.94,0,0,0,-0.2350021861947429,0.796841370324625
9.98,41.62,1013.56,95.77,463.16,0,1,0,-1.9658269611368133,1.0871355229351825
18.47,62.1,1019.86,82.57,452.51,0,0,0,-0.44674266783443267,-0.1733160489532426
26.55,69.45,1013.92,52.22,434.55,1,0,0,1.7422509825195112,-1.089456052502364
27.67,71.64,1004.41,78.14,433.29,1,0,0,1.9022967021545047,1.294139074492825
29.63,66.75,1018.08,58.46,433.26,1,0,0,1.4307519854429014,-1.2630323373088097
9.32,41.39,1020.03,70.21,481.88,0,1,0,-1.8036410429573753,-0.9342375933576123
29.04,76.09,1007.52,75.44,430.32,1,0,0,2.070089131070769,0.842618081676369
19.27,65.12,1015.63,73.48,449.42,1,0,0,0.2783531928534149,-0.16318761854738822
21.55,44.05,1005.69,84.05,443.48,0,1,0,-0.0609325685558723,1.2794648045505737
8.35,40.46,1019.23,73.26,474.79,0,1,0,-1.9498618042602163,-0.6905361254478624
24.71,61.9,1013.78,85.82,443.39,1,0,0,0.38906064696524595,0.6122081272833124
21.85,58.33,1013.03,66.39,447.31,1,0,0,0.5544654865919378,-0.3184599083855929
11.2,41.54,1019.94,67.18,479.03,0,1,0,-1.5565458556122167,-1.0925050295545666
25.21,69.48,1010.99,75.27,436.02,1,0,0,1.230415458708653,0.4289568156114386
21.75,50.12,1009.36,94.41,446.64,0,1,0,-0.29773367408191576,1.462262868086636
23.59,71.73,1009.69,87.06,435.67,1,0,0,0.9764517012473106,1.208373418093825
27.57,68.31,1010.48,55.87,444.71,1,0,0,1.9153288471298622,-0.542626900226157
15.03,40.66,1016.58,84.08,459.46,0,1,0,-1.4917651393746978,0.11256570267791895
3.6,35.19,1018.73,99.1,488.98,0,1,0,-3.2153928749593383,0.6879475886351013
27.81,66.51,1016.11,48.48,439.48,1,0,0,1.665048939888147,-1.5532761432779632
21.41,50.32,1008.61,84.47,443.63,0,1,0,-0.006104434016738256,1.0346841964776559
6.4,41.17,1019.54,85.37,488.82,0,1,0,-2.417086051072567,-0.08004373774252303
31.03,69.98,1011.33,52.16,436.13,1,0,0,2.3135294817298133,-0.8368983184294134
14.09,44.84,1023.65,94.29,466.12,0,1,0,-2.1338679804535423,-0.0900029505689992
31.38,71.32,1009.17,60.42,433.44,1,0,0,2.3329171418453174,-0.16687932612219197
30.21,71.32,1006.19,67.57,434.91,1,0,0,2.2526805951357893,0.5347059419891173
23.81,73.17,1012.13,86.13,438.11,1,0,0,0.9160470822817296,0.9047924535950695
21.4,59.21,1017.84,78.01,444.15,1,0,0,-0.07545098994353111,-0.23209838934712884
15.14,37.85,1010.33,84.3,468.31,0,1,0,-1.186217171296578,0.7810292605682174
16.34,41.48,1015.92,48.24,453.6,0,0,0,-0.3659604594886635,-1.6682293316305294
25.64,63.47,1012.33,68.35,442.62,1,0,0,1.090402738664729,-0.12554814695968458
14.2,40.92,1022.26,71.71,460.42,0,1,0,-1.612813964828509,-1.1367253584267754
29.91,74.33,1013.22,39.76,430.26,1,0,0,2.6080421215555862,-1.640161107505836
22.64,70.98,1005.71,95.65,441.99,1,0,0,0.9118553809790684,2.085635729997779
32.5,73.68,1014.65,55.72,427.63,1,0,0,2.278612482437942,-0.994823761880941
25.73,62.66,1010.15,54.66,444.85,1,0,0,1.5684774905430332,-0.6021048995403653
32.35,77.95,1014.76,60.88,432.72,1,0,0,2.3121551147213,-0.704985314726108
18.1,45.0,1023.05,48.41,465.46,0,1,0,-0.5560484766472349,-2.4194293744630078
15.32,45.01,1013.3,83.72,459.31,0,1,0,-1.0430163624921838,0.48416039271992695
21.41,54.2,1011.37,82.28,448.11,1,0,0,0.03401721558314881,0.6523696610735726
18.87,52.05,1012.02,53.46,458.64,1,0,0,0.43836100670880684,-0.9062537414895997
27.3,57.19,1008.08,63.48,438.65,1,0,0,1.367547790045805,0.023835278726683846
14.2,45.51,1015.36,74.85,465.35,0,1,0,-1.0220768965275746,-0.18638075719823516
8.61,43.8,1021.9,74.35,478.25,0,1,0,-1.9916618518383904,-0.8998414148547901
27.98,74.78,1009.46,63.11,436.82,1,0,0,2.114774721282325,-0.00847649199927313
23.97,63.86,1018.09,57.62,441.65,1,0,0,0.8574455996238032,-1.2920948379960469
20.63,43.77,1010.71,62.34,448.25,0,0,0,0.07584204581429042,-0.3838967439713591
23.63,73.18,1012.29,88.81,437.7,1,0,0,0.8206921579292576,1.0270424649324794
24.84,71.73,1009.84,82.41,436.36,1,0,0,1.1909049675979102,0.9434356759231148
25.76,71.06,1007.93,90.4,433.75,1,0,0,1.1587317196764042,1.5522104515133486
6.77,38.18,1017.8,81.13,484.31,0,1,0,-2.2889490652995286,-0.13610573354279826
21.75,67.45,1014.89,67.09,445.1,1,0,0,0.8031985072040552,-0.4106898382174483
18.21,41.85,1014.67,56.86,468.4,0,0,0,-0.33533091415437083,-1.0969031522746433
23.09,73.5,1011.4,89.76,438.56,1,0,0,0.826083798373942,1.1792573118536613
21.28,70.32,1011.55,88.05,438.7,1,0,0,0.570947761094079,1.061395141584726
29.04,70.72,1009.55,66.58,437.95,1,0,0,1.9264540438604458,0.12092377988197937
11.98,39.35,1014.97,98.05,472.43,0,1,0,-2.05654238641862,1.019375851097168
11.4,52.75,1023.31,75.7,465.79,0,1,0,-1.4981977721177715,-0.9306337821823899
4.32,35.47,1017.8,88.51,488.03,0,1,0,-2.8034905126549985,0.23981150158293651
15.77,39.82,1013.01,79.1,468.78,0,1,0,-1.0941982341155092,0.23233822588563785
17.75,42.24,1016.86,61.52,468.86,0,1,0,-0.6271811276055591,-1.0884815595390893
19.26,58.46,1015.74,84.64,450.66,0,0,0,-0.31522244310599307,0.34741383525377895
23.85,69.45,1013.99,60.6,439.67,1,0,0,1.295652008340438,-0.6459959739672915
26.77,64.45,1013.26,44.56,449.1,1,0,0,1.7851259423722607,-1.4548370442216545
25.2,61.08,1013.04,74.28,447.09,1,0,0,0.7453528432557512,0.08705037782630265
21.84,59.07,1008.84,96.5,448.61,1,0,0,0.08512570665362508,1.698258193689114
20.17,58.12,1015.41,79.47,455.25,0,0,0,-0.09750876148507719,0.10747620033827897
21.74,60.27,1015.82,88.96,441.22,0,0,0,-0.14907043770899048,0.5593669534704366
27.53,70.32,1007.75,49.31,433.72,1,0,0,2.358187512680183,-0.5675967020835693
21.95,50.66,1013.92,70.94,455.23,1,0,0,0.04498669552724298,-0.24292514687503194
8.03,37.8,1020.47,60.67,481.51,0,1,0,-1.8491005174777055,-1.4947690362244284
15.25,39.16,1016.18,79.39,471.05,0,1,0,-1.3899150667068392,-0.099598944485198
32.16,71.32,1005.5,60.23,434.01,1,0,0,2.6524705437573832,0.21756708442535322
24.81,67.17,1007.71,84.37,442.75,1,0,0,1.0813855600356828,1.240009939408542
14.85,43.13,1016.02,55.29,470.37,0,1,0,-0.6072349038609046,-1.2916759146425036
28.32,72.58,1007.77,78.35,428.06,1,0,0,1.7628265277246145,0.9422788698857907
22.21,61.5,1008.34,76.22,445.77,1,0,0,0.786822983063259,0.7227490223662271
5.53,40.64,1020.78,97.25,479.88,0,1,0,-2.9072348458993806,0.3999498073786357
25.31,60.75,1008.65,79.35,437.33,1,0,0,0.9066961968820424,0.8233667896792161
15.86,43.5,1021.22,75.38,459.42,0,1,0,-1.3870506068774922,-0.8245804960504449
23.47,60.77,1017.19,75.36,444.46,1,0,0,0.27774047123032153,-0.2997160152900201
14.08,43.41,1015.59,54.15,466.99,0,1,0,-0.5993381196437293,-1.2961963062127666
20.15,49.5,1013.47,66.7,462.65,0,0,0,-0.013247643745455702,-0.4098732976701794
13.07,43.13,1016.93,70.02,471.47,0,1,0,-1.2010999829184785,-0.6181288152278962
26.75,69.45,1013.88,53.65,434.57,1,0,0,1.724118231789027,-1.0126408845911001
32.31,62.04,1010.41,39.39,450.13,1,0,0,2.465528150509146,-1.4687089400832265
30.18,61.5,1009.8,36.81,436.92,1,0,0,2.3749225657636948,-1.5252868871424703
9.15,41.82,1032.88,75.11,477.78,0,1,0,-2.8028308004898843,-2.0757319180092595
8.57,40.23,1017.53,90.46,484.17,0,1,0,-2.275394778531889,0.37918524843195667
24.68,48.06,1013.83,54.97,447.96,1,0,0,0.5791286913994486,-1.097204326818188
5.97,40.35,1012.3,94.1,489.03,0,1,0,-2.223250544948009,1.1552742014607538
17.54,42.42,1008.97,67.67,471.28,0,1,0,-0.2593661143914724,0.0909619700667252
24.98,60.32,1016.39,63.12,446.46,1,0,0,0.7569152969834608,-0.8584686977064447
25.54,60.37,1006.49,71.54,436.14,1,0,0,1.2602708813948331,0.6507060053316431
27.45,64.34,1007.12,65.87,440.0,1,0,0,1.6981586043781067,0.3083162179461844
23.24,45.01,1012.21,45.23,457.01,1,0,0,0.6907674158325454,-1.4383963696003754
11.04,45.51,1017.53,83.42,474.45,0,1,0,-1.6547795071806843,0.04138609167448449
17.06,58.96,1013.83,73.95,461.15,0,0,0,-0.06520163779474682,0.022539302412833473
3.82,35.47,1016.62,84.34,489.04,0,1,0,-2.6553441181071715,0.15642031357788394
12.1,44.77,1019.1,75.85,463.11,0,1,0,-1.5091429247000725,-0.533572681449125
11.72,40.55,1021.54,85.13,470.8,0,1,0,-2.1354075269931974,-0.35153484914356375
14.66,42.07,1018.14,84.68,462.77,0,1,0,-1.5821736567414002,-0.012423230032766288
22.45,63.77,1014.57,87.44,444.26,1,0,0,0.18878099296784778,0.6403341067639852
23.46,72.43,1008.0,90.55,435.36,1,0,0,1.020606229789665,1.5790832652685638
30.15,70.32,1007.58,54.14,426.8,1,0,0,2.459811883857118,-0.3176304226704947
31.74,79.74,1007.07,61.47,431.72,1,0,0,2.8495904283746145,0.18133838070905517
21.4,74.93,1014.58,80.85,434.09,1,0,0,0.7656665523398197,0.3960926888594457
16.56,42.99,1007.48,74.45,464.62,0,1,0,-0.39070554574203126,0.6145091958289067
27.45,59.74,1011.34,58.58,450.46,1,0,0,1.3981384340705774,-0.5645657680154222
13.69,40.83,1008.53,84.81,471.26,0,1,0,-1.0651197914269952,1.0372520167694426
12.67,42.86,1014.06,89.9,473.13,0,1,0,-1.5698330522511106,0.7212548257408364
19.77,65.06,1016.22,74.95,448.26,1,0,0,0.23833940925837066,-0.15543403025249927
28.04,70.32,1011.28,78.16,435.42,1,0,0,1.4057394886472558,0.5340140599850944
13.35,41.16,1011.32,89.12,474.57,0,1,0,-1.381471305598684,0.9609737398811774
20.54,68.12,1012.23,81.06,440.28,1,0,0,0.5491703387174511,0.6138201818817228
21.67,57.76,1018.32,68.21,452.56,1,0,0,0.10626351421324949,-0.8038288479404596
25.61,52.36,1014.1,62.9,451.42,1,0,0,0.6198428360696212,-0.6889173282600836
18.03,53.16,1013.1,81.42,457.73,0,0,0,-0.3862831960019678,0.43432696562927775
5.85,40.77,1022.44,84.77,480.59,0,1,0,-2.6621516481020766,-0.42623233274898104
10.38,40.92,1021.53,95.18,466.46,0,1,0,-2.4916280606877095,0.18054065996150281
23.36,73.18,1011.96,89.15,435.85,1,0,0,0.812021121118377,1.0823703850054098
12.91,41.16,1011.9,89.19,472.71,0,1,0,-1.4591593785920771,0.904444280895365
15.35,41.79,1008.38,81.13,455.54,0,1,0,-0.7793952646695859,0.8599875678688715
30.69,74.16,1012.71,60.89,435.17,1,0,0,2.147549926666955,-0.5004544451434877
30.58,65.18,1011.61,37.43,437.17,1,0,0,2.4305815815931773,-1.6634389645711296
18.15,58.46,1017.42,88.24,449.48,0,0,0,-0.6154470923962914,0.3579386786451611
12.38,40.6,1013.86,85.35,472.53,0,1,0,-1.5608778227187765,0.49190493115135564
34.65,74.67,1016.03,26.67,427.69,1,0,0,3.1647331012539572,-2.6515544184696496
10.99,43.5,1021.1,93.64,469.34,0,1,0,-2.257974353892322,0.16446729861953957
33.72,74.33,1011.4,37.51,428.96,1,0,0,3.1053843563510988,-1.5841943882321137
19.09,44.63,1019.91,39.32,461.36,0,1,0,-0.03904381255764215,-2.556583668236731
21.43,63.94,1012.68,99.68,445.29,1,0,0,-0.07889930066947283,1.48636718247634
34.33,74.34,1001.74,42.75,435.76,1,0,0,3.67783705237229,-0.26598807850714823
30.59,70.04,1010.28,50.56,429.13,1,0,0,2.3932539389967045,-0.801689149601636
32.0,73.17,1009.92,42.47,433.72,1,0,0,2.8835709297096397,-1.164576207565601
3.96,35.47,1016.79,83.81,489.68,0,1,0,-2.6415296720051673,0.10959209872770027
32.45,66.44,1011.21,50.18,429.99,1,0,0,2.334578781582332,-0.9642714069906146
28.91,58.33,1013.84,39.72,437.53,1,0,0,1.778863776571203,-1.8317798271737826
32.26,71.29,1008.41,48.58,431.96,1,0,0,2.765431491434488,-0.7016487521802717
23.39,74.22,1009.83,86.05,439.92,1,0,0,1.0865722758998377,1.1624108555609711
29.27,69.89,1015.21,67.16,425.55,1,0,0,1.507805983325059,-0.47364335117046175
16.37,43.5,1021.26,72.4,459.18,0,1,0,-1.2698137682837107,-0.9862685171415629
18.68,43.69,1016.68,48.88,463.02,0,0,0,-0.14392682622108421,-1.7161222956832718
24.86,65.34,1012.99,60.33,447.25,1,0,0,1.2730426589033659,-0.5910637826922993
5.12,40.78,1025.45,96.88,481.28,0,1,0,-3.243620949353108,-0.12368673335769918
32.55,73.03,1014.36,44.83,439.81,1,0,0,2.5584187478905176,-1.5310437467751388
19.81,43.56,1013.39,38.13,460.59,1,0,0,0.4488181258569607,-1.9216688362357248
8.46,39.42,1025.05,69.36,474.42,0,1,0,-2.2815147242386424,-1.5346842094483353
23.71,68.63,1014.54,46.04,449.41,1,0,0,1.590912942565552,-1.4632161390683311
30.52,71.77,1006.22,56.4,426.14,1,0,0,2.587943859602471,-0.04372664024979855
22.79,68.63,1012.99,55.78,446.16,1,0,0,1.3661383652128911,-0.7853217966544229
19.05,53.16,1013.22,82.8,455.76,0,0,0,-0.34633750128253804,0.4855375177349998
25.72,66.86,1007.47,69.14,439.97,1,0,0,1.5571629473435882,0.47114785109877483
9.64,40.56,1022.51,78.62,483.39,0,1,0,-2.2026628131504458,-0.7789463790970572
29.49,70.98,1007.83,79.08,434.43,1,0,0,1.7656867736283548,0.9525516180961666
23.4,49.16,1002.85,69.82,446.05,1,0,0,0.8825188792840387,0.8825503133956794
10.36,43.67,1011.95,78.15,477.23,0,1,0,-1.2738896708233407,0.3666801345649661
16.74,39.16,1005.68,71.17,460.47,0,1,0,-0.3362800070314334,0.6090736949039632
17.07,41.35,1005.88,83.43,464.6,0,1,0,-0.5464892993877254,1.235630143427399
27.43,64.96,999.72,67.94,431.21,1,0,0,2.1742619574386284,1.2260173147654423
23.1,60.08,1017.69,65.44,451.01,1,0,0,0.4419108564135463,-0.8693245978904576
28.25,71.77,1006.36,67.03,429.39,1,0,0,2.1132687891435737,0.5053345565833924
30.92,78.05,1011.0,59.62,434.12,1,0,0,2.487806916044983,-0.35007524853621597
26.75,58.33,1013.55,45.47,444.09,1,0,0,1.4701027475567254,-1.4885918285042183
6.62,41.14,1027.33,86.24,479.74,0,1,0,-2.9540837150648254,-0.8850383357340449
12.69,40.75,1016.05,82.92,472.68,0,1,0,-1.6144877334269505,0.12709724828404595
18.04,44.88,1017.96,66.3,461.13,0,1,0,-0.686752160004627,-0.942187384060095
19.15,56.53,1019.95,84.1,456.4,0,0,0,-0.6823071067026074,-0.15363885943017275
12.08,40.24,1016.63,92.32,474.07,0,1,0,-1.9724936554173473,0.5493005803219235
15.67,48.78,1013.76,88.92,462.96,0,0,0,-1.015156782338191,0.7305125585202255
34.63,74.33,1011.7,31.45,428.54,1,0,0,3.3183931187691647,-1.9359348646521932
7.46,41.26,1009.63,96.51,482.83,0,1,0,-1.9410928051576755,1.567550969596945
19.61,56.53,1019.69,77.13,454.22,0,0,0,-0.4444816537966334,-0.48831313063076826
10.96,41.93,1019.28,87.38,473.28,0,1,0,-2.042007751353967,0.027000413269414165
24.15,63.13,1013.8,92.1,440.15,1,0,0,0.23160325751521282,0.947981710091208
8.09,38.5,1012.99,67.31,484.81,0,1,0,-1.476831238392217,-0.3323247193343968
21.59,48.06,1012.72,77.13,446.83,0,0,0,-0.17929471925165613,0.18881656705545805
25.03,59.21,1017.28,56.96,446.33,1,0,0,0.8123926878246464,-1.2826754827634288
10.24,41.58,1021.17,94.34,465.86,0,1,0,-2.427591067514653,0.18264327941399638
24.2,57.85,1013.05,70.29,446.87,1,0,0,0.6239905056618134,-0.13921529853921827
20.24,58.41,1013.73,99.59,449.49,0,0,0,-0.49016202105339785,1.3309841896741044
31.82,73.68,1014.8,40.58,433.32,1,0,0,2.6078828786717856,-1.7881413290499673
14.17,39.59,1010.99,94.08,464.17,0,1,0,-1.4901210168211267,1.234724184659711
10.07,34.69,1028.09,70.52,478.65,0,1,0,-2.5947393515966146,-1.8548891914770014
29.79,68.24,1009.19,65.49,428.44,1,0,0,1.9320434977151846,0.07874574579227024
12.51,43.67,1013.24,91.55,471.96,0,1,0,-1.5345380423035733,0.903337651454709
18.91,59.21,1017.76,90.49,450.24,0,0,0,-0.6016274080291786,0.43792912205623225
7.98,39.61,1018.57,77.04,479.78,0,1,0,-2.071653716324746,-0.42784512221977916
31.67,69.68,1012.38,46.52,439.72,1,0,0,2.428918952075165,-1.2491862625176586
17.59,65.48,1018.96,81.34,454.51,0,0,0,-0.27685540923714075,-0.1055875243044092
25.96,60.32,1016.17,55.51,443.44,1,0,0,1.0516566210049538,-1.2340922745765859
15.35,35.4,1016.3,57.12,468.94,0,1,0,-0.9736801794006846,-1.2933667287736623
22.39,48.14,1014.56,64.31,448.58,1,0,0,0.09981438624913626,-0.6781992704851064
30.85,67.45,1014.53,32.99,430.8,1,0,0,2.4698918298688213,-2.194148181295465
24.02,64.63,1020.49,55.17,449.66,1,0,0,0.795916448826114,-1.6740289804689972
16.25,40.89,1011.09,62.7,464.33,0,1,0,-0.44795887353884023,-0.39995712842443526
24.33,46.93,1013.51,52.63,449.07,1,0,0,0.58338370962989,-1.1898810384826979
28.78,64.96,999.75,56.43,432.66,1,0,0,2.584408218442569,0.6193009544394993
25.01,59.54,1007.91,80.93,441.3,1,0,0,0.8377521562841731,0.9778107137304928
22.98,58.46,1016.06,72.69,445.05,1,0,0,0.282262440869443,-0.32978630087102334
17.85,46.48,1007.79,83.59,458.16,0,1,0,-0.39033534982422363,1.0719253141209504
24.24,71.58,1010.15,91.14,437.75,1,0,0,0.8855118107875048,1.3632777176064048
5.09,42.85,1013.78,91.34,481.24,0,1,0,-2.2144423017965953,0.8777936789882399
12.68,40.69,1014.46,79.77,475.37,0,1,0,-1.427244529874678,0.13717457045725376
29.56,52.84,1006.09,42.17,436.46,1,0,0,2.054817952163381,-0.9101473064269149
18.46,42.18,1001.47,97.61,458.67,0,1,0,-0.46504510734564214,2.4450438194684665
10.07,40.46,1018.65,69.2,470.99,0,1,0,-1.6622642039448565,-0.8487437958123576
21.49,56.9,1007.47,66.66,452.46,1,0,0,0.8337146301628363,0.2917859860878736
16.69,53.82,1015.39,63.62,458.96,0,1,0,-0.15877934017713122,-0.7194928982984508
28.77,58.33,1013.73,36.6,448.06,1,0,0,1.8563365394105815,-1.9799226682427964
15.03,42.44,1014.25,94.52,464.91,0,1,0,-1.5272417068374535,0.9195764301902577
28.62,70.32,1008.87,46.67,431.03,1,0,0,2.4407800071155745,-0.8332834475084434
14.84,71.14,1019.61,66.78,454.16,1,0,0,0.08186047034157835,-0.8636657085816009
23.33,58.95,1017.93,66.37,442.71,1,0,0,0.37041002201224654,-0.8581161639988613
26.1,66.25,1009.25,84.52,441.53,1,0,0,1.0383843445868841,1.0638561113653697
12.72,39.13,1008.36,92.59,467.28,0,1,0,-1.411839502945721,1.450352903972821
26.34,69.45,1013.87,54.15,438.5,1,0,0,1.6778944319209026,-0.9829372903497188
30.54,70.17,999.42,64.32,434.62,1,0,0,2.7757000152606013,1.0925092359730544
7.09,43.65,1019.6,72.1,483.42,0,1,0,-1.9081293979102754,-0.7564037943848372
23.47,59.22,1013.44,83.33,442.13,1,0,0,0.2568037680921929,0.5075605173799086
9.78,41.93,1023.18,75.05,484.03,0,1,0,-2.08309759106729,-1.0261243860523521
13.61,41.74,1021.66,62.83,471.79,0,1,0,-1.3524093590910435,-1.5192089960287285
24.96,74.99,1008.25,80.52,440.91,1,0,0,1.5023270296553515,1.0444175974972
25.68,59.44,1012.33,67.29,444.36,1,0,0,0.9437260873196363,-0.21300799871346837
23.01,59.44,1012.82,82.62,445.72,1,0,0,0.2893590134210687,0.5433252779334464
30.28,58.9,1005.03,54.59,439.06,1,0,0,2.129142898023972,-0.10963486664511533
5.86,40.62,1017.03,85.06,480.71,0,1,0,-2.306679685189935,0.17649676607333076
9.68,39.61,1015.63,74.5,475.02,0,1,0,-1.6645280017917825,-0.25048941373890476
26.04,71.14,1011.66,68.95,433.78,1,0,0,1.4915768089949613,0.03742625221592071
12.0,39.35,1015.48,82.51,476.64,0,1,0,-1.6835875589111933,0.1614283984503613
15.45,46.63,1012.6,85.47,464.37,0,1,0,-0.9588682665977497,0.662883651834434
30.09,69.48,1009.51,53.24,435.2,1,0,0,2.3097613965746806,-0.5805869182400167
11.23,41.17,1019.36,56.85,475.85,0,1,0,-1.2609074974310959,-1.5658470245829108
10.59,41.93,1017.7,92.91,479.85,0,1,0,-2.1093305992238163,0.4870538070437714
19.89,51.43,1007.33,92.08,448.98,0,1,0,-0.1942117878434939,1.5862565632771966
14.35,40.71,1023.09,69.5,473.56,0,1,0,-1.6085296671960694,-1.3439066815452
5.47,40.62,1018.66,83.61,481.56,0,1,0,-2.4121078304245236,-0.07316992467221665
16.11,44.92,1025.37,79.85,460.99,0,1,0,-1.7035505768706398,-1.0359246704313363
26.03,59.07,1007.3,82.52,440.6,1,0,0,0.9012579833067308,1.11555849871216
30.61,68.84,1011.18,52.5,439.9,1,0,0,2.2299450888787993,-0.8093264858278261
22.54,63.07,1011.71,81.64,442.28,1,0,0,0.5118929781289585,0.6460375033757517
11.67,40.23,1017.65,82.48,475.07,0,1,0,-1.8191870637779481,-0.06704402219538634
11.71,41.44,1015.37,79.95,474.22,0,1,0,-1.5409835480708576,0.060056651612288105
10.91,39.61,1018.44,64.38,469.42,0,1,0,-1.490140333493611,-1.0873072644187258
29.53,70.94,1007.22,70.68,432.43,1,0,0,2.0283123746513607,0.5847058326333674
30.54,69.14,1007.25,70.46,435.46,1,0,0,2.0360186893334897,0.5486815365378293
10.72,45.0,1023.22,86.95,480.62,0,1,0,-2.1838460080461055,-0.3978124084445812
25.54,48.41,1010.51,55.34,437.58,1,0,0,0.8822207592268858,-0.7196817039920114
24.89,64.27,1013.52,64.65,444.21,1,0,0,1.0793246261499194,-0.4345650384616226
29.33,52.84,1006.04,44.3,438.25,1,0,0,1.9835844817259014,-0.793166505603513
9.33,39.96,1024.55,98.58,473.78,0,1,0,-2.915356580017881,0.02669979711274629
20.76,58.18,1007.8,99.22,449.25,1,0,0,-0.04342487388854914,1.9521274455754423
28.78,60.07,1014.54,49.03,439.74,1,0,0,1.553845343219377,-1.4124440380858347
19.62,43.56,1012.89,37.6,463.33,1,0,0,0.48107403087742306,-1.8932935743114623
24.92,60.95,1014.88,60.58,445.44,1,0,0,0.9490587423254151,-0.8197096041421257
11.33,41.16,1019.05,87.13,468.87,0,1,0,-2.0232038526999085,0.030405332382904666
22.12,63.91,1009.61,90.83,447.77,1,0,0,0.41729060194436635,1.3587703316654556
18.27,51.43,1010.38,88.39,460.41,0,0,0,-0.4394384416967528,1.0747417541597104
15.9,41.35,1005.35,92.89,464.93,0,1,0,-0.854122028403989,1.7897207805024948
14.67,71.14,1019.84,77.72,458.8,0,0,0,-0.23372370478995258,-0.3227475554550757
17.94,37.2,1012.64,68.11,467.65,0,1,0,-0.7182010248138626,-0.3306876345298829
18.92,44.63,1020.32,47.81,451.64,0,1,0,-0.3028791202422801,-2.161749688837481
15.27,56.89,1013.28,86.92,456.72,0,0,0,-0.6056265027057521,0.74758021626135
16.31,68.28,1003.98,98.62,450.33,1,0,0,0.3106954127592893,2.4488291054816447
4.99,41.03,1022.33,83.11,493.16,0,1,0,-2.6707935342124243,-0.4919860978187065
24.07,71.97,1008.83,94.87,441.84,1,0,0,0.8812004837002152,1.7038691288790928
20.03,62.26,1012.15,82.54,447.4,1,0,0,0.2154979946189271,0.6552201412826997
15.83,41.67,1013.39,74.12,464.93,0,1,0,-0.9034575209129168,-0.05164589515312751
25.44,70.17,1000.65,91.89,433.02,1,0,0,1.5504749727984775,2.4167890563385845
23.38,52.84,1005.27,82.98,440.28,1,1,0,0.5342427644093308,1.3282537125237848
30.17,64.79,1017.06,43.81,439.75,1,0,0,1.8412667805685654,-1.9277882537588906
29.97,73.06,1009.41,78.26,430.37,1,0,0,1.8107162799543388,0.7516641131807855
6.86,42.49,1007.95,93.96,486.14,0,1,0,-1.7552147227639716,1.6328257928447802
21.87,49.39,1019.99,67.05,451.97,0,0,0,-0.32979416882314067,-1.1143311305673944
20.46,51.43,1007.31,93.25,444.88,0,1,0,-0.1763754028291531,1.6449431166146284
12.03,40.1,1015.32,85.39,474.94,0,1,0,-1.7123937346134086,0.3333709202853679
32.21,68.3,1014.94,49.38,429.66,1,0,0,2.1633789866301676,-1.3950683187152901
33.08,69.75,1009.03,43.69,434.98,1,0,0,2.850725730817015,-1.0396168023319892
5.66,35.79,1013.86,94.42,484.15,0,1,0,-2.5645988932504435,0.9673309145369163
19.35,50.12,1005.43,100.1,447.43,0,1,0,-0.37657123190053704,2.200311597342686
23.43,51.43,1011.31,73.55,444.09,1,0,0,0.3108298627989509,0.17208489951549782
11.18,37.5,1013.32,74.32,472.02,0,1,0,-1.4715570159386713,-0.03551744341120466
28.37,72.86,1004.81,53.52,441.37,1,0,0,2.6299328032769633,-0.015423254013466328
11.49,39.22,1016.35,53.11,471.47,0,1,0,-1.022478067437911,-1.4486907091248225
18.87,43.43,1009.16,69.5,454.58,0,1,0,-0.16583585160452802,0.16380068721061025
20.3,59.8,1015.24,78.75,453.29,1,0,0,0.017694166010163687,0.10145850010007422
12.39,49.83,1007.6,92.43,468.43,0,1,0,-0.9113335801488317,1.613284567605823
33.13,74.34,999.57,48.34,433.73,1,0,0,3.5806652129810828,0.267072375283234
18.26,59.15,1012.38,85.74,452.03,0,0,0,-0.1670073152041607,0.7824265059753104
11.21,41.06,1021.75,77.0,474.03,0,1,0,-1.9568890210505188,-0.7865337231770847
18.19,44.06,1017.24,78.73,456.13,0,1,0,-0.986244019676819,-0.22970188495719257
12.6,41.74,1022.13,67.89,474.23,0,1,0,-1.6000372238077036,-1.3022488214560173
20.18,43.43,1011.31,65.11,450.09,0,0,0,-0.08957851168685103,-0.3058814417821296
22.89,65.34,1015.53,61.0,450.53,1,0,0,0.9197676185285264,-0.8195655991615001
12.19,44.63,1018.96,80.91,468.91,0,1,0,-1.6305646373419498,-0.25883998140819325
25.86,59.07,1008.59,81.28,440.9,1,0,0,0.8316806534382764,0.9122490738661222
15.33,52.05,1014.15,80.56,452.82,0,1,0,-0.7071843454096682,0.2851118241039601
17.3,62.1,1020.28,88.06,450.83,0,0,0,-0.715403870684585,0.07238085062110723
11.52,40.75,1016.23,85.18,477.19,0,1,0,-1.7823835956077796,0.23217002288096267
32.09,79.74,1006.92,61.5,432.85,1,0,0,2.8879209606975142,0.1968276118161309
24.82,72.99,1007.81,84.72,435.68,1,0,0,1.3228428185772863,1.2940037676655287
27.85,66.44,1008.48,77.15,429.0,1,0,0,1.4362818382220248,0.7567757151353935
25.72,74.67,1016.64,75.93,434.83,1,0,0,1.098882143656292,-0.11381286765085478
25.61,74.22,1010.26,75.15,438.45,1,0,0,1.5253149309181337,0.537691140948539
22.18,45.09,1014.04,43.13,455.4,1,0,0,0.5369163402211483,-1.738174114499975
13.92,41.16,1003.83,88.69,465.33,0,1,0,-0.8125428931971042,1.750381225431579
14.26,44.2,1019.81,76.46,462.87,0,1,0,-1.4203393414464272,-0.5987337996352812
27.02,71.25,1000.48,87.86,438.33,1,0,0,1.845396538109502,2.225145965206108
14.29,37.85,1009.98,92.81,468.63,0,1,0,-1.454885605923059,1.26428972541268
17.57,43.7,1015.53,67.22,463.64,0,0,0,-0.6359391928428763,-0.6364090217910924
12.67,41.16,1016.92,92.8,462.35,0,1,0,-1.9155496144455169,0.5458861694779261
27.42,65.74,1013.43,69.42,440.52,1,0,0,1.234444552371767,-0.18395077010084215
15.63,43.02,1012.57,40.32,466.69,0,0,0,0.07868469763138093,-1.6951150620423208
13.74,44.21,1023.26,84.2,466.67,0,1,0,-1.9002817143733703,-0.5711393978790267
29.61,67.07,1005.91,39.28,434.14,1,0,0,2.7741151997973517,-0.9254687576630468
30.39,66.54,1002.7,59.15,428.89,1,0,0,2.5147541100079334,0.44026067248290557
15.24,44.45,1020.56,66.13,460.94,0,1,0,-1.1096315335562918,-1.2183812414883575
12.52,42.34,1018.67,95.29,464.71,0,1,0,-2.0602814554107667,0.49442937154908584
24.56,51.86,1014.43,68.85,447.57,1,0,0,0.3331574918392396,-0.4145203973829046
16.39,58.59,1014.58,90.34,455.05,0,0,0,-0.6162325528168915,0.788643229665253
10.64,41.04,1025.0,93.59,468.88,0,1,0,-2.6599040627089465,-0.28016518038154425
18.06,65.48,1018.79,77.95,454.34,0,0,0,-0.1378891903053755,-0.2653047586782576
12.81,44.58,1016.49,80.76,475.5,0,1,0,-1.4092792585561151,-0.0022925066691733467
10.03,42.18,1017.3,85.99,475.74,0,1,0,-1.9364323656332887,0.1791868543329853
22.74,58.12,1015.16,79.58,447.86,1,0,0,0.12878083930048415,0.12281524473781787
20.65,41.67,1012.76,45.27,455.5,1,0,0,0.2911985380410296,-1.5054223231480721
8.19,41.66,1016.57,75.38,485.2,0,1,0,-1.78420801246593,-0.2807103100017382
14.08,39.31,1011.67,72.0,464.16,0,1,0,-0.9792839692635699,0.019123313232087276
8.74,40.03,1016.81,93.37,481.07,0,1,0,-2.2971347037415546,0.6050397765217862
28.9,68.84,1011.64,64.44,437.06,1,0,0,1.7454425098499409,-0.23130140343786826
13.95,40.2,1013.18,90.77,464.79,0,1,0,-1.54419952451079,0.8318113736680267
7.89,40.46,1019.61,74.53,477.27,0,1,0,-2.0469222998720884,-0.6632008613270222
25.17,64.79,1017.87,63.26,442.15,1,0,0,0.8651127981058212,-0.9776733806034028
26.94,68.24,1010.49,76.58,430.34,1,0,0,1.3183914481312133,0.5292188869668613
14.08,40.73,1017.52,91.49,461.58,0,1,0,-1.8248054520996413,0.399830093297006
14.32,40.78,1024.49,73.84,457.92,0,1,0,-1.8167756064160032,-1.2715071357858194
26.59,69.13,1009.27,73.96,430.11,1,0,0,1.4803813569158497,0.536348752073593
11.62,39.72,1018.4,68.06,471.56,0,1,0,-1.5201240964014648,-0.8969300107450024
17.32,43.7,1015.13,61.66,464.5,0,1,0,-0.48401471293687237,-0.8781951907049866
20.39,64.15,1021.31,62.35,457.37,1,0,0,0.2316199910122438,-1.3716924595164346
11.64,41.39,1017.36,83.4,479.53,0,1,0,-1.774789536231681,0.02157646658008317
22.08,55.5,1018.42,58.46,455.79,1,1,0,0.28842217981164386,-1.3390852190951328
17.77,52.9,1020.11,81.51,457.98,0,0,0,-0.8994787115925067,-0.32458430027492097
22.43,69.84,1006.94,75.54,436.19,1,0,0,1.2858965679530618,0.9057491655196134
21.87,66.86,1013.01,57.39,453.62,1,0,0,1.1687333905255692,-0.7123515713500082
25.59,72.43,1007.88,82.98,432.49,1,0,0,1.402402005006847,1.1867794859215135
15.24,40.0,1017.34,65.16,454.64,0,1,0,-1.0609485340259275,-0.9537150254831431
8.14,37.49,1009.04,80.33,480.66,0,1,0,-1.5881589763018182,0.7614517263060165
21.2,59.39,1014.04,85.06,444.57,1,0,0,-0.009172565983963767,0.5484270973795448
10.9,39.64,1010.58,64.88,477.04,0,1,0,-0.96683688531386,-0.2053970786380736
17.23,41.1,1002.45,68.88,464.18,0,0,0,0.0697465241811029,0.8548051925439283
14.03,49.83,1006.64,90.01,463.71,0,1,0,-0.6472863468302336,1.5816655954499368
8.42,42.28,1008.4,87.78,481.91,0,1,0,-1.5049064446746954,1.252425563969436
29.09,47.93,1003.05,48.13,438.97,1,0,0,1.8510687934800623,-0.3077986131985868
4.08,35.19,1018.87,97.07,489.44,0,1,0,-3.1322742145321767,0.5646222648774208
29.72,68.08,1010.72,53.46,430.36,1,0,0,2.1292557424423952,-0.7097213260492258
5.98,41.31,1001.66,89.5,484.51,0,1,0,-1.3344941436069533,2.0839244106309454
28.83,64.96,1000.05,63.57,429.13,1,0,0,2.3815072285964574,0.9549120670425735
12.9,43.41,1015.92,59.15,464.26,0,1,0,-0.8498846092815096,-1.0659291974000042
34.61,73.03,1013.61,36.91,438.56,1,0,0,2.986534303961124,-1.8723450847929148
18.32,47.83,1005.06,87.21,454.11,0,1,0,-0.2004940260662862,1.5637168203164535
27.37,72.58,1008.16,79.94,428.05,1,0,0,1.6162793064908243,0.9883939068701422
16.02,44.21,1020.97,85.64,462.51,0,1,0,-1.5936007351481167,-0.2630425008882
22.1,74.87,1009.4,85.78,442.83,1,0,0,1.0451287639226836,1.2093391987324984
6.93,39.81,1017.25,87.29,484.98,0,1,0,-2.327347861229021,0.253836100080413
6.75,39.37,1020.26,70.99,486.26,0,1,0,-2.140882504740308,-0.9177223586150783
25.42,67.25,1017.92,68.61,439.43,1,0,0,0.8509956331518062,-0.6888058074544151
23.05,58.86,1013.84,62.21,445.46,1,0,0,0.7308804638079961,-0.6263821219663185
7.23,41.22,1015.23,98.04,483.31,0,1,0,-2.383611605236732,1.0380686358047926
22.59,59.43,1005.85,84.02,442.0,1,0,0,0.6928634088207112,1.3772767829058299
9.06,39.66,1019.64,76.98,479.53,0,1,0,-2.0516910652398774,-0.5544193456786627
11.82,41.17,1019.5,55.74,475.61,0,1,0,-1.1927502218832795,-1.642427141271887
25.14,60.93,1007.44,76.71,437.4,1,0,0,1.052080711785914,0.8214263630426577
25.21,70.04,1009.51,76.13,432.93,1,0,0,1.3335345014394033,0.6390073374959313
10.54,41.93,1016.64,93.52,479.65,0,1,0,-2.0571296257684075,0.63429931017011
32.42,75.08,1004.82,41.62,436.26,1,0,0,3.372359793514045,-0.6406620851432782
19.88,44.6,1015.52,37.85,467.68,1,0,0,0.36254734600038513,-2.1601370410802914
24.73,70.72,1009.82,88.79,439.3,1,0,0,0.9719447847734564,1.2676090725738873
12.67,48.14,1017.41,83.63,463.68,0,1,0,-1.401597755051638,0.075341047914279
11.02,40.81,1016.31,78.13,474.01,0,1,0,-1.6422379420056472,-0.13661063553161046
18.09,48.92,1010.6,52.11,455.07,1,0,0,0.36807320711180547,-0.8412253734833077
19.67,44.71,1015.46,31.46,464.99,1,0,0,0.5211315024775633,-2.4811795770931817
19.96,56.03,1020.59,64.95,454.67,0,0,0,-0.1807228579127198,-1.221539041154993
12.3,40.69,1015.74,82.58,474.46,0,1,0,-1.6193030276393643,0.14547787277674054
21.99,51.19,1009.19,82.58,446.93,1,1,0,0.089968729232078,0.8770046789890442
25.35,71.98,1006.83,88.44,435.72,1,0,0,1.291664424894883,1.581000255242252
6.22,38.68,1017.87,69.41,483.55,0,1,0,-2.0108181552216746,-0.7410095528063441
15.69,37.87,1021.18,84.38,465.41,0,1,0,-1.8817515956377633,-0.3997714832510723
21.44,60.32,1015.2,81.1,448.84,1,0,0,0.07603167768636689,0.22353652052795736
24.27,63.9,1013.5,61.09,450.26,1,0,0,1.1062285948458508,-0.614923585855673
21.55,60.27,1017.42,92.59,443.93,0,0,0,-0.3686909361463448,0.5738649761687555
23.74,49.5,1013.2,49.51,463.4,1,0,0,0.7506578911939294,-1.2924719284489603
11.94,44.2,1017.97,82.93,474.02,0,1,0,-1.65544609766374,-0.04851918351341788
23.45,70.04,1010.99,79.2,436.46,1,0,0,1.0071456849352631,0.6483867901149314
17.36,44.63,1020.49,54.21,456.98,0,1,0,-0.6104645678651242,-1.8391879072491493
17.51,68.28,1004.36,94.87,449.59,1,0,0,0.481823292763963,2.205655130621437
22.23,46.93,1013.09,58.02,448.27,1,0,0,0.2978450376011481,-0.8515344565364406
27.01,52.3,1007.78,60.38,439.51,1,0,0,1.2294779903072057,-0.1409525544944462
19.96,39.53,1006.16,62.77,460.49,0,1,0,0.132576143458303,0.10412524824635473
24.43,65.27,1013.25,55.4,440.99,1,0,0,1.3455649758805233,-0.8715189349680168
24.26,61.02,1009.78,76.68,442.86,1,0,0,0.8246658717922583,0.5718389334917211
23.45,66.48,1003.66,75.83,435.13,1,0,0,1.4379893703381843,1.243808913300118
15.95,42.24,1017.71,69.32,465.35,0,1,0,-1.037519094727317,-0.7660397838459623
23.03,54.42,1014.42,74.98,453.77,1,0,0,0.16024207718183445,-0.06588367769077896
15.47,48.98,1016.42,89.85,457.55,0,0,0,-1.228499146295905,0.4918857412859935
7.71,40.71,1021.53,95.48,471.38,0,1,0,-2.7290993568940602,0.21258002607823812
14.27,41.48,1014.83,62.7,458.19,0,1,0,-0.8403517815355568,-0.7888826331756464
11.02,41.17,1018.18,86.86,477.62,0,1,0,-1.9819800143616488,0.11338917946802947
23.25,72.99,1009.17,89.85,438.51,1,0,0,0.966487571638559,1.421501983567175
13.45,45.87,1008.42,87.74,464.59,0,1,0,-0.9317863994724089,1.24273304828605
12.87,39.3,1020.64,74.38,467.54,0,1,0,-1.75333417449246,-0.82645987613435
8.16,39.3,1019.39,85.38,483.17,0,1,0,-2.3443015289649,-0.09028392053012844
27.93,73.68,1015.41,49.95,435.95,1,0,0,2.000379826229872,-1.3442343788753977
20.12,58.12,1015.47,79.38,453.33,0,0,0,-0.10337444551670585,0.09663867894685339
16.5,39.72,1003.05,65.99,459.06,0,0,0,-0.01673548975425003,0.6341478310155987
18.92,67.71,1008.19,64.53,446.77,1,0,0,1.1047635844530865,0.20806299555340219
26.04,74.67,1016.68,81.2,433.55,1,0,0,0.9848569470694901,0.15171955064100257
19.23,45.01,1012.24,72.91,450.77,0,1,0,-0.36555438555647696,0.014769421600603622
31.11,74.87,1009.11,54.86,434.3,1,0,0,2.6165250724427436,-0.41695205643270833
25.45,74.33,1015.53,80.95,435.12,1,0,0,1.0061064238451154,0.2653158062950294
14.56,25.88,1009.46,78.22,466.29,0,1,2,-1.5436386213139246,0.46940544455662814
28.18,49.3,1003.97,55.56,438.91,1,0,0,1.5794860049777157,-0.00712579965492254
21.9,57.76,1017.45,66.89,449.95,1,0,0,0.21905383163397746,-0.7788234047557023
22.04,59.14,1017.34,84.75,442.45,0,0,0,-0.1677474241059157,0.1653698749539101
29.83,71.98,1004.32,67.55,426.98,1,0,0,2.3784287387403795,0.7451893264526424
31.11,71.8,1010.81,56.08,437.2,1,0,0,2.3333924962951715,-0.5637901245547251
18.94,48.7,1008.5,94.83,451.38,0,1,0,-0.5446107339236215,1.5853430669321285
23.34,59.44,1012.67,80.76,445.24,1,0,0,0.3754262337990225,0.4613762421202767
22.5,59.54,1007.99,93.63,445.22,1,0,0,0.29326787203163024,1.6419122074446668
32.38,77.24,1007.7,61.15,430.96,1,0,0,2.7576029732410747,0.07171363463557813
7.39,39.81,1019.45,85.02,482.99,0,1,0,-2.3800532428885113,-0.10603320162125855
21.84,59.39,1015.77,88.12,442.11,0,0,0,-0.15425586413420464,0.5136725315320514
14.72,43.34,1013.07,85.61,464.22,0,1,0,-1.1998730780088824,0.5974249406232026
24.67,49.5,1013.62,59.42,455.31,1,0,0,0.5398254663237743,-0.8329322624496931
23.17,51.19,1009.5,76.15,441.77,1,1,0,0.33424911198836954,0.5032286646206267
19.66,59.87,1018.75,87.6,446.28,0,0,0,-0.5026032532673298,0.18112929116671184
23.95,59.92,1010.15,86.37,435.92,1,0,0,0.4721479747231848,1.0250763504699922
31.07,64.96,1005.2,58.93,428.63,1,0,0,2.3365254282426715,0.13933279172497082
27.03,71.14,1010.33,66.25,430.41,1,0,0,1.7345172454578053,0.03607800677368037
10.96,37.5,1013.46,79.54,471.05,0,1,0,-1.6356632780892506,0.2202353214257144
7.84,41.39,1018.21,91.92,485.66,0,1,0,-2.3690154871480136,0.39485469700589976
31.3,67.17,1007.27,62.99,433.53,1,0,0,2.205726621934722,0.13978947690316224
15.76,44.89,1010.33,85.06,459.67,0,1,0,-0.8445203531893779,0.8727373678830754
23.09,45.01,1012.25,43.95,453.45,1,0,0,0.7091073727960846,-1.5078091228802977
16.9,38.58,1014.09,70.11,459.87,0,1,0,-0.8943156998100672,-0.36708604966326386
17.98,59.15,1012.09,83.03,451.97,0,0,0,-0.0995315184182226,0.6760054340976681
13.86,40.66,1017.15,83.82,463.49,0,1,0,-1.620400150800598,0.04507588655454448
15.47,46.48,1007.69,91.07,462.58,0,1,0,-0.7754146076023624,1.485244119382162
7.11,40.77,1022.4,90.95,475.55,0,1,0,-2.7169171598943995,-0.11143167810884112
29.52,77.24,1008.55,76.24,433.82,1,0,0,2.069281576251525,0.777758286908716
7.94,40.6,1015.3,92.14,486.33,0,1,0,-2.2029453466236464,0.7160029282989193
29.7,57.35,1005.63,57.35,433.27,1,0,0,1.8999067008131865,-0.04099425831229619
23.5,50.23,1017.51,75.15,457.51,0,0,0,-0.2008060011209905,-0.4305044378982621
20.03,60.77,1017.23,87.82,449.31,0,0,0,-0.334504594752555,0.3627044132826688
8.49,36.25,1029.7,84.41,480.35,0,1,0,-3.129092874172644,-1.2897243986410734
12.48,40.67,1011.24,61.1,475.96,0,1,0,-0.7372394280455692,-0.4749055263575547
9.96,42.03,1017.78,82.39,477.85,0,1,0,-1.8874769278270616,-0.059661902659286774
16.64,44.9,1021.02,70.34,460.93,0,1,0,-1.1156126597292864,-1.0570567851397654
14.35,35.71,1016.1,60.86,468.9,0,1,0,-1.12664379335584,-1.0691766222045025
9.07,40.67,1014.41,70.39,484.5,0,1,0,-1.4775675622213622,-0.31713786795331583
12.57,41.66,1009.11,70.74,475.61,0,1,0,-0.7928483193646534,0.2620494598467801
9.32,37.73,1022.14,79.49,477.91,0,1,0,-2.3513536174205285,-0.7143552966977944
27.17,67.17,1006.76,81.59,431.73,1,0,0,1.4135846930329985,1.1837970607510055
24.48,50.23,1017.03,66.89,456.02,1,0,0,0.12864644937945424,-0.8113770589263225
6.69,36.24,1013.35,91.09,483.82,0,1,0,-2.3379598368790484,0.8475286335792724
14.89,39.58,1012.26,77.58,465.95,0,1,0,-1.0865601526025674,0.23960372109323003
22.32,47.93,1004.07,86.95,440.21,1,1,0,0.2083516001943862,1.6315591417497883
7.64,39.85,1012.78,88.09,481.53,0,1,0,-1.983136460764057,0.7772966379715142
25.34,59.39,1014.02,73.58,439.8,1,0,0,0.633876468664918,-0.07035927408159709
6.05,42.85,1013.09,91.88,485.02,0,1,0,-2.102275441206336,0.9742393158685188
16.72,53.82,1015.46,66.9,458.25,0,1,0,-0.24678502201684774,-0.5579830197937021
20.82,52.84,1004.13,79.42,449.59,1,1,0,0.4936962817645025,1.2860748187346556
18.94,46.93,1010.22,75.45,441.41,0,1,0,-0.23349491906052983,0.3832840615170307
22.72,69.84,1005.96,83.9,436.7,1,0,0,1.1581913361568785,1.4420700999454483
22.02,69.45,1013.84,75.75,440.26,1,0,0,0.7589527761831684,0.16498750988355235
15.67,38.62,1015.76,66.29,463.17,0,1,0,-1.0081080863404317,-0.7374022105251604
6.17,40.07,1013.7,58.99,495.21,0,1,0,-1.3970794886927165,-0.813399815958227
20.14,46.33,1013.24,83.39,453.35,0,0,0,-0.5742779591585165,0.45135614933341567
28.05,62.6,1017.01,46.46,449.73,1,0,0,1.5038966192540018,-1.7886886012397498
9.77,41.44,1017.69,78.26,481.74,0,1,0,-1.8151145770823416,-0.2665364018818712
18.91,56.9,1006.98,84.07,448.24,1,0,0,0.1992370846255975,1.261589516742041
15.55,43.02,1011.97,44.66,466.2,0,0,0,-0.00042018301159078966,-1.4051803061955492
11.95,41.58,1015.83,89.35,464.57,0,1,0,-1.7919943267628817,0.4947535859862991
15.33,37.2,1013.4,78.99,466.81,0,1,0,-1.2697411282735616,0.16609855093091971
25.62,60.29,1017.81,51.24,444.94,1,0,0,1.0220400659411495,-1.6310190036556833
26.75,56.57,1013.76,57.93,443.92,1,0,0,1.0525985284641703,-0.8823616314580096
19.37,63.09,1018.79,81.52,450.18,0,0,0,-0.2284249148190991,-0.10919884773943782
10.32,41.46,1017.98,87.66,479.61,0,1,0,-2.0342394566893955,0.1835852206987667
16.85,41.35,1006.14,79.21,463.37,0,1,0,-0.47210099011821566,0.9909591438112111
12.42,43.8,1023.13,79.8,466.59,0,1,0,-1.9034676499726082,-0.7784273493468563
20.3,48.41,1007.48,89.66,446.68,0,1,0,-0.2405088710695918,1.4178598649909029
14.1,42.74,1026.92,67.25,466.1,0,1,0,-1.7419876571051152,-1.8590128391518455
11.77,42.03,1017.63,79.35,472.22,0,1,0,-1.6484206726330182,-0.2126428708495344
26.16,59.87,1013.24,71.92,446.73,1,0,0,0.8192746196560614,-0.07287082649338474
26.85,69.84,1002.84,81.31,426.58,1,0,0,1.7794600431462781,1.6198395859947665
12.86,40.6,1013.6,84.85,472.04,0,1,0,-1.4904686388028887,0.49112031424264907
14.12,40.92,1022.46,73.28,459.76,0,1,0,-1.6740778571806352,-1.0769002035404576
12.87,39.3,1019.26,71.55,471.48,0,1,0,-1.585299361466895,-0.8223114843400925
26.23,59.14,1016.98,75.54,437.85,1,0,0,0.44329147864618895,-0.2995462033356844
10.63,40.67,1017.13,66.12,483.27,0,1,0,-1.4226726347833278,-0.8443937665790822
15.62,41.76,1023.82,66.17,459.72,0,1,0,-1.4201681706776519,-1.5955253308055761
25.95,73.77,1001.35,92.67,432.21,1,0,0,1.6831815387835753,2.406356683383208
18.77,39.54,1009.39,63.35,458.58,0,1,0,-0.20056964062469199,-0.20939813114134215
10.22,45.01,1018.27,93.62,474.32,0,1,0,-2.0614903432298264,0.4889857628222247
17.67,50.88,1015.64,90.55,456.16,0,0,0,-0.9282633243248093,0.6132230997602067
20.89,70.32,1011.22,89.68,442.5,1,0,0,0.5186634230918125,1.184141718324798
22.5,58.79,1017.48,73.02,443.35,1,0,0,0.15175935815992375,-0.4614194006770091
32.45,68.3,1015.26,44.12,431.79,1,0,0,2.2988197793576397,-1.7031070228591214
10.31,44.63,1020.55,88.62,471.78,0,1,0,-2.095604788693544,-0.02106828071257804
20.08,63.09,1019.0,77.06,448.74,1,0,0,-0.06759705110291513,-0.367170628858941
28.28,56.9,1006.38,64.99,445.61,1,0,0,1.5120915412018294,0.2778539295651611
8.4,38.5,1013.67,69.13,486.5,0,1,0,-1.545163466499984,-0.3145193010680497
24.31,67.79,1010.64,76.15,444.72,1,0,0,1.0824893810783889,0.505032256945873
7.53,41.16,1023.19,91.28,475.7,0,1,0,-2.727540210336268,-0.18013715523426332
25.17,72.39,1001.69,90.51,432.45,1,0,0,1.591223148406208,2.252037081991067
6.9,40.62,1018.48,78.84,479.97,0,1,0,-2.157163792496388,-0.3096027773461504
23.03,44.89,1010.26,59.85,447.81,1,0,0,0.4190553496769499,-0.4708287754281861
13.17,38.91,1016.55,74.47,470.63,0,1,0,-1.4692752994472258,-0.38169072937365867
25.09,69.68,1012.18,91.33,439.77,1,0,0,0.7285355962697573,1.1309507235664837
19.13,40.79,1004.47,91.7,457.83,0,1,0,-0.5211259625007727,1.7975180790003245
29.56,73.88,1005.77,66.45,436.6,1,0,0,2.3697993291248483,0.5476749930250389
31.93,70.4,1005.27,73.71,432.29,1,0,0,2.2563616068983703,0.932701150733641
13.8,42.99,1007.16,67.28,470.93,0,1,0,-0.4093319869487592,0.2980430024439993
27.61,49.16,1005.01,35.63,441.18,1,0,0,1.9761525556290767,-1.1465177624324323
16.36,43.99,1021.34,85.13,465.81,0,1,0,-1.5871364277595277,-0.3337525454125363
27.27,72.24,1010.69,78.09,432.35,1,0,0,1.4688897612298666,0.6153654297593092
20.27,56.65,1020.75,67.12,454.29,0,0,0,-0.1954139325999178,-1.1240531065452999
22.28,60.27,1018.98,84.12,443.44,0,0,0,-0.1934663926606731,-0.03825375856989798
26.99,62.26,1011.13,71.27,436.89,1,0,0,1.1539905424139725,0.1368864159261899
25.79,67.17,1007.89,81.38,440.75,1,0,0,1.2281312464307983,1.059351339605498
29.49,69.71,1009.34,56.35,440.99,1,0,0,2.2007026067841964,-0.39556556410491195
25.85,67.69,1007.7,70.14,434.0,1,0,0,1.5626746092221175,0.5035301780601906
25.82,69.68,1012.69,89.94,439.58,1,0,0,0.7903391796142741,0.9986733831840889
24.67,68.14,1004.96,58.15,438.4,1,0,0,1.9852357256990454,0.19453802640831575
30.09,64.96,1001.29,56.04,430.3,1,0,0,2.5977299076579667,0.4225426064267521
11.27,40.62,1017.03,61.94,471.26,0,1,0,-1.2560085494210556,-1.054082078473656
20.28,68.63,1012.42,70.31,454.36,1,0,0,0.8181495931991032,0.04402816600318181
19.36,39.54,1008.97,58.92,458.75,0,1,0,-0.007478586108131889,-0.39640760711160844
15.37,41.96,1011.58,96.76,466.02,0,1,0,-1.3968422018813325,1.319737458014411
13.79,45.08,1023.3,83.59,465.69,0,1,0,-1.8445850498873873,-0.60032068260227
24.35,73.17,1012.2,85.88,435.66,1,0,0,0.962377323130807,0.8805746425402596
20.51,63.09,1016.39,92.99,445.86,0,0,0,-0.2704295402323334,0.7364820042131994
21.93,61.45,1008.92,98.54,443.91,1,0,0,0.13872356892197302,1.8134230300588663
28.24,71.58,1010.1,67.92,434.01,1,0,0,1.825827913161827,0.14261398060430047
25.19,64.44,1014.75,64.38,444.35,1,0,0,1.0347783146220204,-0.5831055318946653
31.71,73.5,1010.63,40.17,430.45,1,0,0,2.885879857676568,-1.3559824502255524
24.88,63.31,1014.23,55.76,441.54,1,0,0,1.2200723502818465,-0.9784969869269635
30.65,71.98,1004.92,63.39,429.85,1,0,0,2.5139073338831164,0.45949134858245244
29.01,68.08,1010.74,52.51,427.91,1,0,0,2.0941153957400447,-0.7560933984509398
10.06,42.02,999.37,98.65,477.82,0,1,0,-1.0494132716952098,2.783485577397855
14.66,41.92,1030.81,68.88,464.57,0,1,0,-2.039721746400954,-2.208830532294558
26.12,68.51,1013.06,68.96,433.11,1,0,0,1.286517667652633,-0.13621916271536091
23.92,61.87,1009.63,54.16,441.15,1,0,0,1.4327733289410747,-0.5652980757320618
21.88,59.39,1015.58,87.19,442.92,0,0,0,-0.11369900105255817,0.4860731325029212
16.0,42.86,1013.88,81.74,467.5,0,1,0,-1.0694851794975622,0.2968248401477756
24.74,59.21,1012.18,74.2,440.36,1,0,0,0.6856630168871096,0.164635875386604
6.93,40.67,1020.17,71.16,494.61,0,1,0,-2.0670170630598985,-0.8899049382641354
12.26,39.96,1011.79,79.06,470.87,0,1,0,-1.2935089878357482,0.3882150744460459
14.44,40.8,1025.05,56.59,472.95,0,1,0,-1.3934103129163402,-2.2237027438077317
11.85,42.07,1017.92,93.45,467.25,0,1,0,-2.0282713972700277,0.4834977621993052
21.35,57.76,1017.36,73.1,452.57,1,0,0,0.017521522468334313,-0.44466312879078135
27.31,65.12,1016.05,45.98,440.06,1,0,0,1.6319153161848112,-1.6835910754234265
23.59,43.77,1010.85,55.98,448.42,1,0,0,0.476798979856308,-0.7477113913953501
11.94,40.66,1016.61,96.11,467.99,0,1,0,-2.0632042401772646,0.7514839489663304
24.97,50.23,1015.6,56.79,454.35,1,0,0,0.5305049144765777,-1.1804605274986264
24.78,57.19,1008.08,65.4,443.62,1,0,0,1.1093835419120208,0.1401769770021002
8.18,43.69,1017.16,88.16,487.83,0,1,0,-2.069711132165393,0.3312636929877354
13.75,40.66,1016.41,93.31,461.81,0,1,0,-1.8270105515494357,0.6163373824803278
15.52,43.7,1015.8,76.27,466.38,0,1,0,-1.0600323276096144,-0.18457578081725526
14.98,43.99,1022.66,83.34,462.32,0,1,0,-1.7442566716143244,-0.5604557892708752
13.42,40.78,1025.03,77.51,459.04,0,1,0,-2.023774840818041,-1.1346814970263173
24.05,72.24,1011.32,88.94,437.81,1,0,0,0.8766491151220579,1.1289248831463738
29.75,74.87,1009.1,56.5,435.61,1,0,0,2.462102011803603,-0.3219028476949214
17.89,42.42,1008.92,65.08,467.59,0,1,0,-0.15939029539880586,-0.03969925484937408
27.84,72.39,1001.18,83.46,432.19,1,0,0,2.0305898047673123,1.9253524468663652
18.24,58.46,1017.38,86.92,449.63,0,0,0,-0.5707988876991531,0.29353133842001206
12.0,41.17,1019.48,58.71,474.4,0,1,0,-1.2541388567044731,-1.4881474088506808
12.23,43.69,1016.46,84.4,471.62,0,1,0,-1.5894606682503487,0.18568975904867097
22.67,64.15,1021.02,70.49,453.47,1,0,0,0.2268697531393391,-0.9354525009663226
16.73,37.2,1012.94,74.04,463.89,0,1,0,-0.9934800578035077,-0.04893613361803531
21.65,56.89,1013.13,66.07,445.93,1,0,0,0.4760147757860988,-0.35610121836976155
21.18,45.01,1012.57,48.05,451.62,1,0,0,0.42250856506049883,-1.31792972727538
21.06,67.07,1004.9,84.09,446.44,1,0,0,0.9663576342178848,1.5563200731936326
13.88,48.79,1017.28,79.4,464.14,0,1,0,-1.1536738090422456,-0.13191823112362172
19.08,46.93,1010.6,75.21,454.45,0,1,0,-0.24157561828295301,0.32856312824450346
17.48,40.89,1011.39,62.45,462.59,0,1,0,-0.36035891863858033,-0.4539314899042525
16.23,43.69,1016.4,68.9,466.22,0,1,0,-0.8501934427118749,-0.635325210294835
24.99,60.37,1005.66,74.87,437.67,1,0,0,1.1844466186155411,0.9167509453894922
12.53,44.03,1007.21,84.2,470.04,0,1,0,-0.9138455999898083,1.1831814995433845
18.3,37.2,1012.23,68.09,470.42,0,1,0,-0.6600125451001175,-0.28953960858420025
7.51,41.66,1015.9,78.31,485.58,0,1,0,-1.8712180303931378,-0.051848512559519826
28.66,77.95,1009.56,69.07,431.23,1,0,0,2.1481025751820617,0.30922070201887875
25.6,63.9,1013.16,53.19,451.44,1,0,0,1.4456170317947212,-0.994844914164742
12.75,39.85,1012.51,62.37,475.61,0,1,0,-0.8708782068988365,-0.5560652388212186
17.19,58.86,1016.74,85.97,451.87,0,0,0,-0.5713694909460979,0.32456431499669325
30.51,60.75,1009.86,51.0,435.57,1,0,0,1.994205034630167,-0.8075293734691654
8.23,40.77,1011.92,90.59,479.24,0,1,0,-1.9005732557775927,1.0033791746654173
10.17,40.1,1014.05,91.9,479.58,0,1,0,-1.9494396889952985,0.8204467804892103
27.04,73.67,1006.82,77.45,431.1,1,0,0,1.793521891757917,1.0167750870966843
10.74,40.92,1021.74,94.97,466.77,0,1,0,-2.47074447880284,0.14437476093564694
21.96,58.79,1010.51,87.32,448.89,1,0,0,0.20871143956358637,1.0394200907203417
23.14,62.26,1011.87,66.44,444.38,1,0,0,0.9119849106695819,-0.1667367233592513
27.41,69.98,1008.51,65.49,431.64,1,0,0,1.8586802504270972,0.18306054219213957
25.61,67.69,1009.22,68.76,437.78,1,0,0,1.4752973051250755,0.26842915300745546
18.55,61.87,1008.45,65.3,450.73,1,0,0,0.7789009233814193,0.17499361015704912
30.55,66.25,1009.15,63.52,440.74,1,0,0,1.9612402613857054,-0.03982651975169859
24.4,41.1,1002.14,38.75,451.66,1,0,0,1.469995124137047,-0.7159513522665155
25.17,68.08,1012.83,60.87,437.01,1,0,0,1.4162293738044271,-0.5258117899120581
22.1,65.06,1014.56,71.5,442.18,1,0,0,0.633975853792764,-0.16872809209960996
11.48,42.02,1000.29,94.76,471.43,0,1,0,-0.893284561209214,2.4727861658394814
24.04,59.43,1007.6,76.98,437.51,1,0,0,0.8771936488720586,0.8133781955486931
12.74,41.38,1021.92,56.67,475.63,0,1,0,-1.2968479212865438,-1.8624949471502825
20.65,57.5,1016.04,87.45,448.22,0,0,0,-0.33670220027679515,0.4425918251437906
9.6,41.03,1021.01,69.03,481.73,0,1,0,-1.8323816347984438,-1.1066714672951836
28.61,69.84,1004.24,67.74,429.91,1,0,0,2.1838735394917372,0.7548065453478047
16.58,37.64,1015.23,81.59,460.48,0,1,0,-1.3398754589157582,0.0960841154445753
16.81,38.52,1018.26,75.21,459.01,0,1,0,-1.3219552870227265,-0.5576812923731961
5.46,40.81,1025.73,93.52,474.87,0,1,0,-3.145525465954971,-0.32972070212929094
23.19,49.82,1014.59,70.52,451.08,1,0,0,0.0755943758688793,-0.35279581149224337
11.86,40.27,1008.06,72.91,474.57,0,1,0,-0.8978507675095859,0.48205710337341945
20.36,66.05,1015.86,87.19,450.23,1,0,0,0.03538519683354653,0.5196194027252725
25.14,63.47,1012.58,70.27,443.93,1,0,0,0.981918691715526,-0.05022783680367381
28.42,75.23,1010.25,56.8,435.64,1,0,0,2.2819569830997914,-0.41963819933189256
10.96,45.01,1017.97,95.82,468.64,0,1,0,-2.0374479575907785,0.6301725764992232
18.48,52.05,1012.41,68.2,458.62,0,0,0,-0.005587075309700249,-0.18507065339563394
16.48,41.35,1005.61,89.07,465.64,0,1,0,-0.7241565936697724,1.5602345340394517
14.04,40.2,1013.29,89.54,465.25,0,1,0,-1.512129659537999,0.7557186501142368
22.24,41.1,1001.96,42.6,451.95,1,0,0,1.2033833540230179,-0.48283119967683197
11.77,40.71,1024.55,72.49,477.94,0,1,0,-1.9991446975391065,-1.330877136155516
32.41,58.9,1003.26,45.33,439.11,1,0,0,2.6675920492165255,-0.4095382877089986
17.8,62.26,1011.81,89.81,451.62,0,0,0,-0.13535074986123755,1.0828033024791133
19.08,59.15,1013.1,81.82,451.33,1,0,0,-0.0459813852027202,0.4960535474418509
11.72,40.35,1012.08,83.98,476.41,0,1,0,-1.4692197918547836,0.6174758416452241
27.92,68.12,1011.54,49.8,437.51,1,0,0,2.02218689066755,-0.9753357231842676
22.73,66.75,1018.13,84.06,437.93,1,0,0,0.18888740697491713,0.10031785152916962
30.67,72.86,1004.25,52.72,432.76,1,0,0,2.878851467327703,-0.011467539529868778
26.81,61.47,1009.68,68.34,443.66,1,0,0,1.2797242431133973,0.13835996186756205
15.39,39.31,1008.78,66.67,461.39,0,1,0,-0.5348512370245063,0.04966060802991735
22.92,61.9,1013.27,78.32,446.08,1,0,0,0.4720718039557186,0.2927644473738176
29.53,71.43,1011.79,57.41,438.78,1,0,0,2.085103861891196,-0.5940124251951076
32.84,68.14,1003.59,43.88,425.18,1,0,0,3.1258525843028324,-0.44883632828032316
15.78,41.48,1015.55,52.17,454.25,0,0,0,-0.4896500818244789,-1.4212241131122745
6.65,40.69,1020.11,89.84,479.35,0,1,0,-2.573280442936436,0.08309324275014209
14.64,53.82,1016.33,60.59,463.18,0,1,0,-0.3128896712953696,-0.9642618405243358
15.12,41.79,1007.16,82.35,455.63,0,1,0,-0.7470824553806231,1.0573759550370654
28.36,69.88,1007.75,84.17,434.03,1,0,0,1.4963705205732156,1.2229032064197012
24.27,74.93,1012.73,73.81,443.06,1,0,0,1.3126365198169216,0.2144553019241217
27.77,51.43,1006.58,69.01,438.7,1,0,0,1.110151642377326,0.4230417594852576
11.17,39.72,1002.4,81.4,474.64,0,1,0,-0.8150192554633257,1.5369075300788848
23.71,67.17,1007.27,90.2,440.65,1,0,0,0.8682496906187378,1.5964174207639672
28.12,73.42,1011.49,80.16,435.46,1,0,0,1.4824379648534818,0.6388275718540256
19.17,52.9,1016.56,65.23,458.59,0,0,0,-0.11648731246453721,-0.7881169761869211
19.67,44.89,1009.43,73.88,455.2,0,1,0,-0.16829826656318642,0.36682383361892346
18.5,46.93,1015.0,66.81,455.63,0,0,0,-0.3699263528290507,-0.5802066721956037
16.36,39.99,1008.91,72.48,462.5,0,1,0,-0.5854938797317583,0.33430880367179017
22.43,63.76,1009.84,75.27,442.85,1,0,0,0.82718002830184,0.5270866856121044
30.8,73.56,1007.39,75.78,432.43,1,0,0,2.103788461861076,0.8419208585608314
22.07,60.08,1017.68,71.23,452.56,1,0,0,0.20628167224998084,-0.5622783206874661
15.51,41.76,1022.81,69.55,463.82,0,1,0,-1.4487108901843218,-1.3103071868285159
29.78,69.71,1008.96,67.46,434.33,1,0,0,1.9602311343363106,0.21740222473958276
9.61,39.04,1023.45,75.66,483.86,0,1,0,-2.2588924543357085,-1.0461468732904629
31.99,53.53,1004.98,53.53,432.43,1,0,0,2.064632991545297,-0.21385491977936388
29.72,74.78,1009.32,55.25,438.19,1,0,0,2.4733226255667446,-0.4109098234573531
15.47,43.13,1015.11,50.5,466.63,0,0,0,-0.36885386009757765,-1.44412549234103
4.62,38.44,1016.09,73.14,486.84,0,1,0,-2.129571545861125,-0.34563811797350946
15.61,41.2,1016.12,75.28,467.81,0,1,0,-1.158772460280431,-0.29128028303009357
7.35,41.66,1015.55,79.67,485.35,0,1,0,-1.8961000023613166,0.057564883025716225
23.77,61.87,1009.8,54.83,445.72,1,0,0,1.3912949892547828,-0.5481925286625178
10.88,44.63,1020.52,86.81,469.57,0,1,0,-1.9992165128284212,-0.11514122279006288
12.99,43.8,1023.16,64.65,466.95,0,1,0,-1.4625836194760469,-1.5677364005381287
22.99,46.93,1014.15,49.42,451.41,1,0,0,0.5130312308783899,-1.4161303094961986
24.38,58.2,1016.93,51.61,444.36,1,0,0,0.877876633423497,-1.5244665547879759
25.14,69.13,1011.15,85.67,433.95,1,0,0,0.9265370606684306,0.9461153985391549
13.21,40.03,1018.12,82.98,469.75,0,1,0,-1.7460066763286,-0.10453666167077717
13.56,39.18,1023.4,63.82,470.38,0,1,0,-1.6139005852755406,-1.6778266893169271
10.6,41.46,1021.23,89.02,481.3,0,1,0,-2.2682425904107277,-0.10197108769771489
12.78,41.04,1025.16,85.14,461.61,0,1,0,-2.2733772896590025,-0.74845503418028
27.44,66.56,1005.51,69.28,428.0,1,0,0,1.815868475467591,0.6776094384763078
23.09,51.19,1009.4,81.61,443.22,1,1,0,0.19178908371254877,0.7965462338940617
20.87,57.19,1006.5,77.0,445.95,1,0,0,0.5912655569764294,0.9377930513912018
14.58,42.07,1017.9,86.14,460.66,0,1,0,-1.6105652464837577,0.08962959811726552
22.12,69.71,1009.7,90.22,434.42,1,0,0,0.6828081675272223,1.3641983078475777
16.73,65.94,1013.79,90.19,453.39,0,0,0,-0.20633960251783645,0.9237951942987691
14.92,41.16,1004.83,83.7,465.72,0,1,0,-0.6677898251629681,1.3770515438610973
21.38,65.12,1015.73,68.02,448.5,1,0,0,0.5883630535568599,-0.47037522127598913
10.55,41.92,1030.0,91.23,470.95,0,1,0,-2.907750746159576,-0.9386949563019045
3.31,39.42,1024.05,84.31,487.19,0,1,0,-3.0290596669862544,-0.6187952062533011
16.23,43.52,1020.13,76.3,464.74,0,1,0,-1.3053576511429565,-0.6607728401713246
27.86,65.18,1012.87,55.53,436.26,1,0,0,1.647208707047241,-0.847594050623778
13.63,43.22,1012.71,72.85,464.62,0,1,0,-0.9371546997162503,-0.015657634542856104
6.91,37.49,1011.05,82.07,481.88,0,1,0,-1.8721829778953063,0.6408403863340388
8.62,39.54,1011.64,82.86,483.03,0,1,0,-1.701531276309302,0.6222165252155362
8.51,42.32,1015.08,84.89,476.6,0,1,0,-1.8756189433749415,0.3756211334962204
31.3,70.79,1004.3,54.37,428.75,1,0,0,2.7930615149174107,0.04729445658043797
16.0,43.02,1012.37,39.2,466.01,1,0,0,0.1521253695397501,-1.7336895270660049
11.44,44.2,1018.14,84.9,476.12,0,1,0,-1.7597825262210096,0.03809277125100786
5.15,45.87,1008.02,98.36,479.61,0,1,0,-1.8670818390511592,1.891272633048997
24.88,63.91,1009.41,77.75,447.28,1,0,0,1.000520094955915,0.6864079147492437
27.52,74.67,1015.77,72.01,433.56,1,0,0,1.4091957098593866,-0.23376453990807572
32.89,66.44,1009.94,60.55,431.54,1,0,0,2.186502289039429,-0.29363037278652565
9.98,39.66,1017.32,77.78,481.64,0,1,0,-1.838491124306097,-0.26680508983495566
25.42,74.22,1009.04,88.55,433.97,1,0,0,1.2426546960065368,1.36362236194015
26.04,52.84,1005.68,65.18,439.36,1,0,0,1.190968479061571,0.3464793703657512
16.0,48.78,1013.9,88.64,458.27,0,0,0,-0.9901477489195988,0.6985592599116687
14.4,40.2,1013.04,90.5,464.5,0,1,0,-1.4904578025054562,0.8300404825551913
21.71,60.77,1017.95,85.07,444.59,0,0,0,-0.17307013039880811,0.13085900033971698
27.72,69.88,1007.58,72.25,434.02,1,0,0,1.7666175080442807,0.6303922767644425
9.34,38.08,1019.56,67.74,482.06,0,1,0,-1.851336868103245,-1.0373821208885707
31.12,68.14,1003.67,67.36,427.06,1,0,0,2.364881181313442,0.7664058859967243
12.14,44.85,1014.36,60.04,476.68,0,1,0,-0.7660254138999267,-0.8333383727809244
12.24,40.96,1023.22,78.74,475.32,0,1,0,-2.021972960345524,-0.8645975780590062
25.67,69.88,1007.84,83.32,441.35,1,0,0,1.290421699788778,1.187600724694165
28.6,61.86,1011.86,62.13,439.74,1,0,0,1.458306765386704,-0.42868769094310183
33.63,70.4,1004.02,53.6,430.05,1,0,0,3.0073882452742557,0.018966478606706534
20.23,57.76,1016.84,81.26,452.5,0,0,0,-0.2526959471608191,0.04088207203004047
13.3,50.59,1019.38,92.96,469.13,0,0,0,-1.6196927676189834,0.3579597903223396
20.77,45.87,1008.07,76.22,452.71,0,1,0,-0.002726476480905947,0.6360841351726736
20.0,56.53,1020.43,75.94,454.86,0,0,0,-0.4316475081372927,-0.632984128683809
7.34,40.72,1023.01,80.08,483.92,0,1,0,-2.457683087197911,-0.7410067760335582
21.71,65.27,1013.24,63.58,444.91,1,0,0,0.9079956110450649,-0.42953729636715576
25.16,58.82,1009.63,72.62,442.0,1,0,0,0.9182722823335001,0.35469489959443473
17.35,39.39,1013.18,67.67,467.85,0,1,0,-0.6956618351014708,-0.3905261682712353
21.6,66.86,1013.02,54.19,450.84,1,0,0,1.2293855881169622,-0.8768017852905756
9.89,40.64,1020.59,98.35,478.13,0,1,0,-2.563164486635487,0.44763657311484706
13.32,44.9,1007.72,78.64,466.3,0,1,0,-0.699766851699229,0.8422177898541474
24.8,50.23,1016.62,63.13,453.56,1,0,0,0.2812630686885922,-0.9630404892021648
26.38,44.89,1009.14,51.79,442.13,1,0,0,0.9825272958240906,-0.7878867209294786
19.93,57.25,1010.6,89.34,455.15,0,0,0,-0.0856551525419083,1.135372627811306
9.33,36.3,1027.88,79.23,479.6,0,1,0,-2.798117120611482,-1.3643292501693116
13.85,45.08,1024.86,83.85,468.35,0,1,0,-1.9527830741260113,-0.7571584327084286
24.51,62.08,1022.58,57.44,447.04,1,0,0,0.5221264782710012,-1.80828075658015
27.78,68.67,1005.59,59.17,439.92,1,0,0,2.195687233917299,0.16162394285911275
23.85,52.3,1005.9,70.95,441.99,1,0,0,0.8206306082066622,0.6310269905521679
13.75,40.89,1011.21,82.8,471.42,0,1,0,-1.1877136263989354,0.6417602507182039
34.2,68.14,1002.7,56.09,427.05,1,0,0,2.9797218471188267,0.26913843637688206
19.04,68.28,1004.52,86.16,444.54,1,0,0,0.8247966165680202,1.7281101148647768
24.85,67.9,1005.9,64.55,445.18,1,0,0,1.758186837112601,0.41944137317100977
22.51,66.49,1014.59,63.03,453.08,1,0,0,0.9501461278438922,-0.6005572043583821
26.88,60.96,1012.1,57.9,446.77,1,0,0,1.370834926629936,-0.6686981691310644
15.48,47.83,1004.88,81.68,463.67,0,1,0,-0.2781229004994032,1.317222390839577
23.56,73.67,1007.13,87.1,439.27,1,0,0,1.232995412784051,1.5049998597404448
19.43,52.9,1018.35,61.12,456.08,0,1,0,-0.10966659641899539,-1.1969730674803147
29.97,67.9,1006.09,61.6,434.14,1,0,0,2.244908130405012,0.21147239457485162
18.97,50.59,1016.01,74.9,459.68,0,1,0,-0.45002780652475743,-0.24624190715666586
21.37,81.56,1006.57,81.56,434.38,1,0,0,1.5830428197394462,1.3584765535692116
20.09,61.27,1020.05,70.71,451.43,1,0,0,-0.052667466439441354,-0.8240529371760831
22.41,66.56,1003.3,88.71,435.75,1,0,0,1.0436556976978317,1.9557104825087264
24.51,68.63,1014.15,45.1,447.66,1,0,0,1.708094540945474,-1.4747487854251327
26.01,74.33,1015.69,81.22,435.82,1,0,0,1.0343633927284317,0.25800826892807427
28.32,68.12,1011.62,46.75,433.59,1,0,0,2.129446756185285,-1.1442412007334157
13.68,45.08,1024.91,85.26,467.02,0,1,0,-2.00706778054688,-0.6886468527350644
8.83,41.14,1025.37,94.36,474.51,0,1,0,-2.8502332408714706,-0.2675251768970389
24.75,58.79,1009.87,71.97,444.79,1,0,0,0.883732112877528,0.2975661797797817
30.64,74.87,1009.44,59.01,437.43,1,0,0,2.446791031660716,-0.2354189424679024
26.68,49.02,1008.4,68.01,441.54,1,0,0,0.815981714846972,0.16129024980904288
23.38,48.6,1004.45,69.19,440.9,1,0,0,0.7635577432753828,0.6714451920191014
23.48,70.79,1006.7,88.57,432.25,1,0,0,1.0903211030440236,1.605057268437509
14.03,49.15,1020.5,83.65,467.16,0,0,0,-1.4560078803564127,-0.2612182605094204
24.26,47.93,1003.87,70.44,439.16,1,0,0,0.813529896465701,0.7877189926196457
13.08,42.32,1016.63,83.72,462.41,0,1,0,-1.5735267383836125,0.11523094084173115
23.78,69.71,1008.79,83.17,443.06,1,0,0,1.0660834121674683,1.0879660147299932
27.71,75.23,1010.21,59.75,440.7,1,0,0,2.148996699239079,-0.2581324806958691
21.97,65.61,1016.09,73.29,447.05,1,0,0,0.49640954791092046,-0.23758178430802562
15.54,41.23,995.45,83.73,463.06,0,1,0,0.02518603496014811,2.3962104319983983
31.03,74.33,1011.55,63.45,429.35,1,0,0,2.1952977568088397,-0.24294385784347888
31.12,69.13,1009.61,56.54,429.41,1,0,0,2.2862936525144395,-0.4309626711655136
7.11,41.74,1022.35,90.68,487.85,0,1,0,-2.6636870584885086,-0.11211358331978659
13.07,42.18,1014.98,87.77,461.71,0,1,0,-1.5738625691886015,0.5029105507945939
22.86,62.52,1016.23,70.67,447.96,1,0,0,0.4925519129869911,-0.419058553282939
6.14,40.62,1015.71,86.51,481.66,0,1,0,-2.231465480551372,0.39316263184566924
14.3,53.82,1016.64,63.9,465.42,0,1,0,-0.448580412035085,-0.8248060109050708
17.93,44.63,1003.54,87.41,458.96,0,1,0,-0.2753638580340549,1.716426275838305
25.9,71.73,1010.18,74.83,434.84,1,0,0,1.4532861650472728,0.5078422218706327
23.72,58.62,1016.32,71.17,447.13,1,0,0,0.3723868435994356,-0.44033497520518666
13.83,38.73,999.62,91.95,469.81,0,1,0,-0.7252678033009067,2.3581055321209035
21.71,76.86,1006.71,76.86,438.41,1,0,0,1.5171596284972109,1.060404951936486
28.76,66.56,1006.07,62.41,432.3,1,0,0,2.066157358132439,0.25294133631566057
15.28,43.71,1024.32,81.24,463.44,0,1,0,-1.7901393959170855,-0.8539162216677392
13.95,38.73,1003.87,83.94,468.21,0,1,0,-0.7958072320138667,1.481019276280079
22.19,58.49,1010.91,77.03,449.4,1,0,0,0.4560846235931628,0.4606393781091863
22.75,58.86,1016.0,67.34,448.32,1,0,0,0.42480539286235547,-0.5946641934821684
28.52,64.96,1005.9,70.79,431.36,1,0,0,1.7684198649948089,0.6928361503112437
23.9,61.47,1009.01,81.05,438.73,1,0,0,0.753096692257423,0.8873697763613267
31.88,70.36,1006.2,57.51,438.42,1,0,0,2.6103873529172095,-0.0048930713415208296
10.4,42.44,1014.24,93.48,480.04,0,1,0,-1.8815294638666178,0.8986078076190704
21.31,49.39,1020.18,71.35,455.34,0,0,0,-0.5013313771673631,-0.9091960271666155
29.72,71.97,1008.6,79.25,431.22,1,0,0,1.771379341744889,0.8838946365333578
20.92,49.15,1021.15,49.76,455.32,0,1,0,-0.046067338155195856,-2.1287025644563555
13.48,40.35,1011.71,69.44,474.72,0,1,0,-0.918785930745859,-0.10491999720012159
21.36,58.95,1018.35,78.87,443.93,0,0,0,-0.1474583706538398,-0.24504838866415873
6.75,39.9,1008.3,87.42,484.05,0,1,0,-1.7314489435107416,1.2369669574895787
18.11,58.95,1016.61,89.17,454.29,0,0,0,-0.5662235110357028,0.49836378927281244
26.2,71.73,1010.14,76.14,430.89,1,0,0,1.4465428101874223,0.5777789040454329
22.89,80.25,1006.38,80.25,446.15,1,0,0,1.6979279748104792,1.2905946128187449
26.12,63.94,1017.97,44.81,441.46,1,0,0,1.3813451802689374,-1.9544160291807822
9.84,40.22,1009.5,85.38,479.65,0,1,0,-1.4908070953625367,0.9824586484644597
14.13,48.92,1011.72,78.06,464.17,0,1,0,-0.7132282568338115,0.40360637966601554
9.05,36.3,1027.44,74.85,479.43,0,1,0,-2.6767761417698894,-1.5406355046674707
22.21,60.77,1018.21,84.96,444.57,0,0,0,-0.14665333146572784,0.09345530533945236
18.73,40.12,1013.19,74.12,454.71,0,1,0,-0.7188024740933684,-0.06216986689081468
10.53,40.64,1020.62,98.43,477.99,0,1,0,-2.5144766786886685,0.4441275483293051
21.47,58.79,1017.0,76.97,446.33,1,0,0,-0.0037457326191500397,-0.19819369563634837
6.03,41.17,1019.81,84.2,488.57,0,1,0,-2.4354593260443265,-0.1673164767912685
23.55,65.12,1016.23,66.65,446.44,1,0,0,0.7691788722498102,-0.6103700771165339
9.26,40.78,1023.61,88.48,471.79,0,1,0,-2.5569728945337165,-0.3853028581064374
14.18,42.99,1007.19,73.21,468.35,0,1,0,-0.5349696037280843,0.5983280369191364
6.67,39.37,1020.31,73.56,488.13,0,1,0,-2.218050752394102,-0.7899384552832744
24.1,71.97,1009.92,91.27,443.09,1,0,0,0.9034348909413252,1.3991293627166863
25.35,72.99,1007.65,84.09,436.29,1,0,0,1.3939581592850852,1.275278150074518
23.21,58.49,1010.97,74.34,448.09,1,0,0,0.6064737567114804,0.30826100567360715
11.44,43.13,1014.88,63.88,477.57,0,1,0,-1.035428311625963,-0.700779832194313
12.75,40.64,1020.44,83.17,466.93,0,1,0,-1.9202152427969252,-0.33926960766710745
30.01,68.27,1006.88,51.67,428.6,1,0,0,2.4701424667635767,-0.38449023257877624
27.18,61.41,1012.17,46.11,449.7,1,0,0,1.7187469064244136,-1.2834262779683492
8.3,43.13,1020.02,83.11,484.07,0,1,0,-2.1475215559971934,-0.24617624627508106
26.2,71.73,1009.99,74.99,434.08,1,0,0,1.486819917551755,0.5347397304714663
22.4,68.31,1009.52,83.5,446.91,1,0,0,0.8320661099341843,1.0236732099647652
14.66,43.13,1014.97,46.31,467.87,0,0,0,-0.3166754073637315,-1.6396650038300484
24.96,70.47,1007.73,76.48,438.23,1,0,0,1.444067696354994,0.8560527067930707
26.5,66.05,1017.03,61.34,440.15,1,0,0,1.1378784858985114,-0.9842768375132631
24.39,58.41,1013.65,80.93,445.39,1,0,0,0.3454229596462303,0.34798078350908623
3.91,35.47,1016.92,86.03,488.67,0,1,0,-2.7125301582925756,0.21039129944497154
14.8,44.92,1024.06,91.67,464.01,0,1,0,-2.031229321767822,-0.2741124983549862
10.22,39.64,1010.72,63.05,477.22,0,1,0,-0.984687168847494,-0.31047128089797066
13.48,41.92,1030.2,65.96,463.9,0,1,0,-2.019224978709809,-2.2851027954168863
17.83,43.72,1008.64,78.72,453.86,0,1,0,-0.44436345764882074,0.7058598173630947
31.63,65.74,1010.83,50.59,437.54,1,0,0,2.2512301671675976,-0.9017663339560796
23.16,69.94,1004.92,68.68,438.48,1,0,0,1.6675330382207594,0.7673411303883454
21.7,64.69,1007.93,78.37,448.76,1,0,0,0.857142814613481,0.9075675312528427
13.92,41.16,1000.98,83.89,454.15,0,1,0,-0.4928099176726338,1.8128762626106643
12.22,41.2,1016.81,81.22,474.96,0,1,0,-1.6408322139883116,-0.036580300664405256
21.62,58.59,1012.93,67.05,445.92,1,0,0,0.5365163359804712,-0.2698324518946171
9.3,38.18,1017.19,71.51,480.14,0,1,0,-1.787163418680827,-0.5836271796738377
32.55,70.94,1006.75,43.15,432.07,1,0,0,3.0290009466723036,-0.8060450772729251
13.32,38.73,1005.37,88.48,472.33,0,1,0,-1.0687053759533973,1.5563919994608353
19.83,59.44,1012.98,91.24,446.15,0,0,0,-0.20926500875316206,0.9926563512214452
22.16,64.63,1020.81,68.47,451.86,1,0,0,0.2730400858689986,-1.0095233589415964
15.81,58.59,1014.41,90.03,456.91,0,0,0,-0.6444132519463728,0.7951111271872413
24.46,68.61,1011.02,76.66,440.58,1,0,0,1.091788484369406,0.4955683736748705
29.1,73.4,1011.35,57.31,436.85,1,0,0,2.1690784657629054,-0.5324619771326932
24.37,70.02,1010.97,71.97,443.53,1,0,0,1.2724878689990398,0.2708545566852428
7.48,38.5,1014.01,77.35,488.43,0,1,0,-1.8590736816280018,0.07912131138653386
8.58,40.72,1022.04,87.55,480.96,0,1,0,-2.484403556944471,-0.2582135081836764
19.69,56.65,1020.82,71.54,453.96,0,0,0,-0.3635563417006042,-0.8995206733346663
18.14,43.56,1012.83,47.1,461.71,1,0,0,0.11476642402679905,-1.386192774000882
18.21,39.54,1009.81,70.92,461.73,0,1,0,-0.47323565564854664,0.13951496205391048
27.07,77.95,1012.34,76.64,433.61,1,0,0,1.6295257519532897,0.40821752112489995
15.62,38.28,1014.5,77.01,465.7,0,1,0,-1.2214453420142,-0.04917132424030296
25.61,47.43,1008.62,54.51,442.96,1,0,0,0.9953348346690427,-0.5651235447421485
15.41,42.44,1012.6,86.74,472.28,0,1,0,-1.1800870634558664,0.6949723600434574
20.0,63.31,1017.06,63.1,449.68,1,0,0,0.43255050434930425,-0.8743392803827392
25.87,57.32,1012.06,44.13,442.87,1,0,0,1.4895400915077388,-1.3976656470223783
14.43,38.91,1013.28,70.26,468.83,0,1,0,-1.0323287536156651,-0.25161572127765075
9.14,38.91,1018.62,89.88,476.57,0,1,0,-2.345702720113104,0.2160365643753832
25.24,68.28,1000.26,78.17,435.9,1,0,0,1.8357453975057532,1.7370725283286668
27.06,43.77,1011.02,42.61,442.15,1,0,0,1.1009821018542028,-1.4801818428232292
18.06,52.08,1003.73,100.09,452.19,0,1,0,-0.28046791463016424,2.4094910809182495
23.15,58.79,1011.11,82.49,447.71,1,0,0,0.3922363857358059,0.7166040270780638
25.38,74.67,1016.61,81.34,435.41,1,0,0,0.9314966830440947,0.17107830169912036
30.65,65.18,1012.51,42.32,436.79,1,0,0,2.2472196527002133,-1.5094523504960973
8.49,43.69,1016.93,85.63,483.62,0,1,0,-1.9623327733959142,0.22357155521748773
29.86,69.34,1009.61,61.27,438.5,1,0,0,2.06795658436438,-0.1764666885303382
29.12,66.56,1006.9,49.79,429.94,1,0,0,2.36905579743431,-0.4914197002759302
10.35,38.38,1020.77,74.55,477.76,0,1,0,-2.0151938161150325,-0.8220302357262348
30.3,73.9,1006.72,55.13,440.79,1,0,0,2.662792114869779,-0.14507172656385625
21.31,46.97,1014.08,62.57,455.76,1,0,0,0.03728373227873999,-0.7178136800863173
15.17,54.3,1017.38,72.11,464.39,0,1,0,-0.6205966445581764,-0.4835969413860551
11.87,40.55,1019.06,94.11,473.79,0,1,0,-2.188603509962196,0.3810694221208193
24.1,68.61,1010.97,74.87,443.75,1,0,0,1.1122584001496996,0.4110597965829958
23.92,73.17,1011.81,92.33,433.78,1,0,0,0.7849311336011235,1.2589690967061449
13.0,48.79,1017.14,85.23,464.12,0,1,0,-1.3691046836734042,0.19032247795411777
24.14,41.1,1002.1,38.49,450.13,1,0,0,1.4580566590515063,-0.7232427505105805
30.19,66.54,1004.39,61.43,428.37,1,0,0,2.3234490407698662,0.37533156604627327
22.08,69.94,1008.41,72.86,441.57,1,0,0,1.231228104065758,0.6105341405369601
26.86,72.58,1009.22,88.39,428.69,1,0,0,1.2811116190238332,1.3127147005652378
13.55,40.1,1014.57,81.48,469.57,0,1,0,-1.4336330453061377,0.2027831791186154
13.18,43.8,1023.18,61.21,467.0,0,1,0,-1.3583748161989444,-1.748808830636579
7.2,40.35,1011.83,95.59,484.9,0,1,0,-2.128622049597908,1.2749673306587226
11.37,41.5,1013.57,88.82,475.94,0,1,0,-1.6754632743733329,0.7167756741815109
13.93,39.64,1011.8,82.64,470.84,0,1,0,-1.2640112036942117,0.5579627837654488
10.32,40.35,1011.64,84.05,481.51,0,1,0,-1.5566026621320144,0.6785619045081936
16.32,50.88,1013.37,97.19,458.28,0,1,0,-1.0584354466728896,1.2124045923486828
4.16,35.47,1017.72,88.49,486.7,0,1,0,-2.8107196284846934,0.24858246496545133
28.26,72.43,1006.68,72.3,426.2,1,0,0,1.9836660398831525,0.7478153735436748
29.0,69.68,1012.78,66.09,442.79,1,0,0,1.6698927421563996,-0.26415567347751984
31.63,68.3,1014.8,42.02,426.86,1,0,0,2.3173759117062116,-1.7558367131303758
28.19,68.08,1013.41,43.93,436.43,1,0,0,2.0686056755905406,-1.4841560559962383
13.93,40.2,1013.41,89.86,466.47,0,1,0,-1.5377518526678522,0.7599254028564332
30.92,80.18,1010.11,72.47,432.35,1,0,0,2.3066108916494468,0.4273903288440053
19.89,69.48,1011.06,86.73,447.63,1,0,0,0.48708669114254327,1.0493290962515276
25.86,76.2,1005.73,69.35,438.75,1,0,0,2.0936458270549325,0.7457164235980023
10.81,44.63,1020.61,88.29,473.86,0,1,0,-2.0498037788412127,-0.04805415865540796
18.26,69.94,1004.1,97.39,443.59,1,0,0,0.5687890811474169,2.372310532743292
18.61,63.09,1019.37,83.08,449.81,0,0,0,-0.37145984423043604,-0.08661775620415944
25.34,65.61,1014.61,57.51,442.82,1,0,0,1.2878066168225988,-0.9141400217145661
21.28,70.72,1010.29,86.22,445.54,1,0,0,0.7223058388727557,1.107327061590166
12.88,43.8,1023.19,59.18,468.19,0,1,0,-1.3307718925609602,-1.8526505483585247
33.68,68.14,1002.75,56.05,427.53,1,0,0,2.934439062213751,0.26518233774121813
8.66,44.68,1022.99,95.45,479.62,0,1,0,-2.5744123230865625,0.07755607316955516
8.26,40.96,1025.23,89.22,485.73,0,1,0,-2.761357514382861,-0.5152000040988113
9.03,40.71,1025.98,81.94,484.97,0,1,0,-2.569726011617985,-0.9799779891012195
14.85,39.39,1013.93,76.27,468.84,0,1,0,-1.1778626317587857,-0.011112198060947215
3.21,38.44,1016.9,86.34,491.35,0,1,0,-2.6460999837786456,0.25727959884212814
15.71,39.3,1019.2,62.28,462.84,0,1,0,-1.1045704844827269,-1.313764881126655
26.52,43.77,1011.49,46.98,440.31,1,0,0,0.9101768927508758,-1.3020555457116416
14.18,40.69,1014.73,74.88,471.52,0,1,0,-1.1940668746725602,-0.15492721600322068
13.89,45.08,1024.64,82.29,467.74,0,1,0,-1.8937184244243435,-0.8140164426420289
10.12,41.78,1013.43,73.47,477.67,0,1,0,-1.3556352572983152,-0.049658756449156724
21.12,63.91,1009.33,96.14,447.64,1,0,0,0.21508816547456047,1.6702279559253392
26.68,63.73,1009.7,71.55,439.69,1,0,0,1.2833908233323048,0.320997587881406
19.65,62.1,1019.46,77.82,449.13,0,0,0,-0.19795651288271618,-0.3830549122608452
23.47,69.71,1009.66,88.83,442.23,1,0,0,0.8332819838388198,1.2875680955067335
16.71,40.55,1004.45,81.64,464.13,0,1,0,-0.46720590134607826,1.2949301314434891
5.21,35.79,1012.44,94.35,485.17,0,1,0,-2.5030999061918298,1.1213994487902381
28.13,68.12,1012.6,44.71,435.85,1,0,0,2.1002583049827552,-1.3549631242421372
12.14,45.0,1023.9,89.2,476.6,0,1,0,-2.171798610463103,-0.365391512737515
23.7,69.23,1011.73,73.18,437.15,1,0,0,1.098925245949653,0.24878960452207494
29.52,75.33,1002.62,70.64,433.39,1,0,0,2.5356954493869712,1.1189130158247986
13.49,41.78,1010.66,63.34,467.92,0,1,0,-0.6239294510207001,-0.2940712316233742
28.24,65.74,1013.4,64.87,438.47,1,0,0,1.4230657453111746,-0.4211896612764312
16.48,68.28,1004.27,99.89,449.7,1,0,0,0.2717690755440105,2.481658961244021
14.01,42.74,1029.16,68.31,466.15,0,1,0,-1.9298313354280714,-2.047561687029311
24.56,66.75,1018.5,77.47,435.03,1,0,0,0.48690707388572113,-0.29269234022081836
28.94,71.64,1006.59,69.24,438.96,1,0,0,2.0910576730626125,0.5886263835191856
19.71,43.43,1009.58,65.71,456.24,0,1,0,-0.02610308787814851,-0.08333380369449093
11.06,41.5,1013.09,89.8,476.24,0,1,0,-1.6939330123840268,0.821749945281056
22.99,60.77,1017.97,78.47,447.62,1,0,0,0.10367753849956703,-0.22080201804432825
19.87,48.14,1016.94,81.56,451.14,0,0,0,-0.7211981362006833,-0.02954792788577231
23.77,59.21,1011.97,80.08,440.08,1,0,0,0.466269672449626,0.49769436946626766
20.99,50.12,1008.82,95.97,448.07,0,1,0,-0.36441030699868515,1.6067881258077557
10.32,41.01,1021.04,95.3,467.81,0,1,0,-2.4623412569847227,0.24122137492811402
26.72,56.9,1007.12,58.54,435.16,1,0,0,1.501427405179936,-0.1250513442304495
14.55,44.84,1023.83,87.6,465.14,0,1,0,-1.9333570853448807,-0.45812831515270314
4.89,45.87,1007.58,99.35,482.69,0,1,0,-1.8844131250449585,1.992066398321141
19.49,46.63,1013.11,88.01,451.31,0,0,0,-0.7265621534174962,0.7108845172018982
24.44,59.21,1017.36,61.45,445.82,1,0,0,0.6409139756861425,-1.0555496256297345
7.99,36.08,1020.08,83.2,481.35,0,1,0,-2.490374731048367,-0.30273281215494063
27.28,51.43,1011.46,51.38,450.53,1,0,0,1.1976925670839222,-1.0151214146311556
26.23,59.07,1008.2,78.93,440.18,1,0,0,0.9502159877580718,0.8308604288228867
9.46,41.4,1026.78,87.58,480.82,0,1,0,-2.7057340435047093,-0.773284999209334
15.01,39.52,1017.53,72.0,468.02,0,1,0,-1.2927836045860606,-0.6235686687174619
24.86,63.47,1011.5,71.78,441.68,1,0,0,0.9929819060477325,0.14723096876857983
20.47,58.16,1016.97,68.6,453.99,1,0,0,0.1067026640471005,-0.6252870007448174
27.09,49.3,1003.93,61.0,437.44,1,0,0,1.3500957400352744,0.2855273617041125
11.48,36.18,1017.03,61.62,469.44,0,1,0,-1.4260671187992413,-1.1078021091387553
7.84,40.07,1016.68,47.63,488.7,0,1,0,-1.165563367176864,-1.7357507678635655
15.97,52.72,1024.72,65.97,462.64,0,1,0,-0.9642028226908644,-1.617949217081011
29.55,67.69,1004.88,48.68,428.77,1,0,0,2.6210896756926423,-0.3226263311983536
11.63,40.55,1022.89,87.12,474.67,0,1,0,-2.2868753793903074,-0.3951685817502444
22.96,45.01,1012.21,50.81,450.37,1,0,0,0.5218466003154482,-1.1484049336917925
13.61,40.71,1022.36,72.87,475.23,0,1,0,-1.707898875554557,-1.0853863553780922
22.17,70.47,1011.07,82.57,441.14,1,0,0,0.8269412400056433,0.8258686054592004
15.45,61.27,1019.87,79.21,456.59,0,0,0,-0.6454794022860574,-0.33392283996835836
25.08,61.02,1010.01,73.21,437.31,1,0,0,0.9673396457195129,0.36204867087793824
24.98,71.98,1006.59,90.61,432.06,1,0,0,1.220784196669505,1.7216896444796743
20.57,44.9,1008.39,62.69,456.18,1,0,0,0.26973484341817966,-0.10371648674900123
12.33,38.91,1017.24,79.84,472.49,0,1,0,-1.7259714314950645,-0.17384105150715437
8.29,36.08,1020.38,81.53,483.26,0,1,0,-2.442428162711974,-0.42366317732810976
25.47,59.92,1010.08,77.18,439.84,1,0,0,0.842519489672747,0.5478608341297042
28.2,66.75,1018.35,60.18,433.46,1,0,0,1.2493712972221496,-1.193860737863852
29.05,70.32,1011.33,72.5,437.16,1,0,0,1.6335938348550354,0.22946078682730958
27.03,65.12,1015.94,45.1,441.62,1,0,0,1.6392996733429843,-1.7151330157989484
27.25,73.03,1014.15,68.52,439.78,1,0,0,1.5162492273387962,-0.24892459316555438
30.71,71.85,1008.07,72.05,425.16,1,0,0,2.072076618657868,0.5621555728761589
20.94,49.02,1008.91,87.32,448.18,0,1,0,-0.19713810349776756,1.141897038549571
9.06,43.79,1016.05,81.32,482.8,0,1,0,-1.7382578665671684,0.09378368232059887
26.8,58.84,1001.2,65.03,445.76,1,0,0,1.8275806731614794,0.869649783864479
25.77,65.48,1018.07,51.47,440.96,1,0,0,1.2395040745267447,-1.6066722611860886
16.77,50.9,1013.24,84.4,459.91,0,0,0,-0.6773346948820278,0.5633367210070072
11.73,37.92,1008.02,72.68,472.51,0,1,0,-1.0034514818415559,0.45649683417992826
19.72,65.94,1010.53,82.12,446.84,1,0,0,0.4735792699276168,0.8416811501499697
24.42,66.56,1002.04,84.7,434.18,1,0,0,1.4002428370168687,1.8721402552871709
18.68,59.14,1016.96,77.09,452.85,0,0,0,-0.21900121293978012,-0.16576127879742458
14.22,45.08,1023.26,84.41,466.47,0,1,0,-1.8277944652175324,-0.5565694300032418
23.81,57.5,1015.53,70.66,448.72,1,0,0,0.39762261041752406,-0.39028714930908887
7.91,38.56,1016.48,68.94,485.95,0,1,0,-1.7695738542445885,-0.6264463781938556
21.32,45.01,1012.23,59.94,452.75,1,0,0,0.14654736906825563,-0.668023194334042
24.75,52.84,1005.47,69.61,442.6,1,0,0,0.9830531620378099,0.606865209972493
26.81,56.57,1013.68,61.6,442.94,1,0,0,0.9671044540701568,-0.6845904140608812
25.99,49.82,1015.95,58.56,452.09,1,0,0,0.5265025223100955,-1.1374601591309368
10.59,41.26,1008.1,98.27,474.76,0,1,0,-1.6244319426106384,1.8036130110085244
6.33,42.07,1004.25,77.1,484.57,0,1,0,-1.1246541775652317,1.165484944184901
22.26,44.89,1009.51,78.93,447.07,0,1,0,-0.09194306472553108,0.6011333358479862
15.9,39.99,1007.03,78.49,465.5,0,1,0,-0.6523347683395618,0.8524216724079944
23.14,58.18,1008.89,81.82,444.51,1,0,0,0.5333777596020945,0.9188794581998714
19.48,58.79,1017.6,88.72,450.55,0,0,0,-0.5159385469790805,0.3566923553530724
13.19,44.88,1017.61,94.95,467.68,0,1,0,-1.811844632850189,0.6081697771165002
27.4,69.84,1002.98,76.48,430.54,1,0,0,1.9415228400321285,1.3514805518937492
29.41,59.27,1011.36,52.37,441.99,1,0,0,1.7000984911535941,-0.9045242892796299
25.22,71.85,1009.78,68.96,438.71,1,0,0,1.5831110038406513,0.2539562990261016
22.31,70.32,1009.22,89.53,437.83,1,0,0,0.7761395067412271,1.3844529259814264
7.64,42.28,1008.49,83.42,483.74,0,1,0,-1.461490352456923,1.0228623911799182
14.68,43.99,1023.36,86.79,461.91,0,1,0,-1.9068933152971763,-0.4565081898624911
15.12,48.92,1011.8,72.93,462.59,0,1,0,-0.5029193432245596,0.12328567394119916
20.96,61.27,1019.99,67.32,448.77,1,0,0,0.11181402224967758,-0.998479842247171
5.95,39.48,1005.16,63.6,486.07,0,1,0,-0.9794813460801369,0.3511753028114586
25.13,57.69,1007.43,78.43,437.8,1,0,0,0.8641450117653836,0.8852833368202218
11.58,40.66,1017.0,97.13,466.42,0,1,0,-2.1461600917500903,0.7641404378909793
20.21,59.14,1016.0,70.38,448.79,1,0,0,0.1480685816230233,-0.41810824741992736
16.64,43.14,1019.03,82.88,459.0,0,1,0,-1.3852178408797997,-0.2071632492762896
8.86,36.71,1025.64,79.65,478.88,0,1,0,-2.677091527495482,-1.092243729297597
19.72,47.03,1012.1,90.36,458.59,0,0,0,-0.6824920754861683,0.9438258868141226
8.27,38.56,1016.47,66.6,485.31,0,1,0,-1.6780324768539197,-0.7486243420717318
30.19,68.08,1010.95,50.34,431.25,1,0,0,2.2338957947231877,-0.8990507744185758
20.06,56.53,1020.38,75.16,455.99,0,0,0,-0.4029043317823562,-0.6682191579909569
13.16,43.41,1016.43,79.47,465.6,0,1,0,-1.394175470033803,-0.07417437155446317
24.01,65.46,1014.17,43.02,443.81,1,0,0,1.580054134452933,-1.6064287519638107
9.78,40.03,1017.33,92.11,480.59,0,1,0,-2.213823481962181,0.47626706727629387
16.85,42.24,1017.43,66.01,472.63,0,1,0,-0.8576530220725291,-0.9125881911850381
15.12,39.16,1006.55,76.99,463.78,0,1,0,-0.681385672295887,0.8258866988788671
24.45,66.49,1014.24,58.15,449.22,1,0,0,1.2616484650276392,-0.8276442278027523
9.14,42.44,1014.48,92.03,481.46,0,1,0,-1.9639985800278241,0.806226837459948
26.02,68.67,1006.73,75.19,440.12,1,0,0,1.5540832929238528,0.8765910393534483
21.46,51.61,1010.91,76.41,457.28,1,0,0,0.1087045921949275,0.3781994342738636
13.18,40.24,1016.81,86.71,469.35,0,1,0,-1.747380553716525,0.23255949302110884
5.79,38.68,1017.19,70.46,487.4,0,1,0,-2.027386070636592,-0.6098257484563807
13.56,49.83,1007.01,89.86,466.33,0,1,0,-0.7073845442979054,1.536847716583516
11.95,42.07,1018.52,84.73,467.91,0,1,0,-1.83306238100031,-0.03269964350019105
9.15,44.03,1012.45,81.67,474.26,0,1,0,-1.4839567325830203,0.5051347956750143
28.96,66.54,1002.54,56.33,429.48,1,0,0,2.4813238978973797,0.3218638116929715
21.23,50.59,1017.42,69.26,453.95,0,0,0,-0.212245788093826,-0.7063783614394659
10.73,40.35,1012.27,89.65,477.23,0,1,0,-1.7120472020319248,0.8962778408777281
6.1,39.33,1010.4,95.34,491.37,0,1,0,-2.1603570192095236,1.4170567595510641
25.5,63.91,1009.4,75.22,444.26,1,0,0,1.1184859302403451,0.5526443746944092
29.1,76.2,1006.28,60.22,435.97,1,0,0,2.5621431207741727,0.19234176787621393
22.58,58.12,1014.88,80.59,448.32,1,0,0,0.10827229330515976,0.20653770077047842
19.53,66.54,1013.72,81.46,451.19,1,0,0,0.28411201300249994,0.46641548488928347
20.07,51.3,1011.9,94.62,450.46,0,0,0,-0.5630283043523774,1.2175362262851197
24.96,77.54,1008.25,80.6,433.4,1,0,0,1.612662382547746,1.0690882202123895
21.08,63.13,1013.53,98.0,443.51,0,0,0,-0.15754949500929338,1.3029537766397494
12.54,43.69,1017.26,83.59,470.04,0,1,0,-1.5972498415685001,0.054650877490928236
6.64,35.19,1019.83,76.01,484.03,0,1,0,-2.436112787999904,-0.6446559462416418
16.78,37.2,1011.97,68.94,471.24,0,1,0,-0.7899538200855879,-0.2069627982614981
14.02,40.75,1016.05,70.65,470.48,0,1,0,-1.1840874043954488,-0.5154525746320835
29.45,70.02,1010.28,65.93,437.82,1,0,0,1.8966480129112975,-0.0005550933924935357
28.97,78.92,1011.71,88.5,430.98,1,0,0,1.5621506097307354,1.0839382566428597
6.11,38.68,1017.53,79.23,482.97,0,1,0,-2.2533225773935524,-0.1962626544476007
28.53,49.3,1003.83,59.69,438.17,1,0,0,1.5099980240377582,0.21894510019810143
31.71,69.04,1008.79,49.32,441.15,1,0,0,2.5755928037824556,-0.7191847808108238
32.45,44.37,1005.05,44.37,429.81,1,0,0,1.9333355148514044,-0.7713067493676777
30.53,73.21,1000.37,74.17,430.2,1,0,0,2.5867461768820204,1.5221556003801193
15.02,41.48,1015.19,58.69,456.04,0,1,0,-0.6982079116455738,-1.0402274002049203
24.91,58.69,1008.22,82.81,435.96,1,0,0,0.7217621928218482,1.0349533890683251
22.21,69.71,1009.69,96.85,440.14,1,0,0,0.5176703034112246,1.7069587827977233
24.51,65.12,1016.18,62.39,447.46,1,0,0,0.9631408023234398,-0.8314161351898224
18.9,60.07,1016.02,71.38,451.5,1,0,0,0.05345319691142038,-0.35221703930440956
28.51,76.09,1007.88,78.2,438.28,1,0,0,1.9296795358660017,0.949533338515574
27.88,75.23,1011.33,58.91,439.33,1,0,0,2.108619636308579,-0.4246048067752629
24.33,49.16,1003.46,61.04,441.2,1,0,0,1.1471195763312325,0.3564955051692592
20.36,57.5,1014.36,82.96,452.28,0,0,0,-0.12877264710483122,0.3956845450443142
11.15,40.64,1020.65,97.95,477.79,0,1,0,-2.452806296801116,0.4118440874541469
21.16,50.66,1014.13,72.77,455.86,0,0,0,-0.08235417759299064,-0.16591467921861025
30.47,70.83,1010.91,46.94,444.39,1,0,0,2.4698218399647405,-1.0499888467668381
31.68,74.16,1011.3,55.94,434.61,1,0,0,2.4547390811179346,-0.6092530090678636
19.8,49.15,1020.88,61.88,461.78,0,1,0,-0.43680748535167035,-1.4659343593100655
32.33,67.83,1008.11,57.48,427.84,1,0,0,2.406550647690887,-0.2378542381201183
18.67,58.46,1016.73,87.7,447.16,0,0,0,-0.5113750657452182,0.40163353248343525
29.42,69.14,1007.32,75.04,437.75,1,0,0,1.8191254280109244,0.7851638457739784
27.84,71.32,1007.72,79.25,431.37,1,0,0,1.6475482797253094,0.9873172586655279
22.59,65.06,1014.36,62.44,444.6,1,0,0,0.9248003974641181,-0.6180403679435986
10.38,41.01,1020.8,94.26,465.9,0,1,0,-2.4138504037002257,0.2132502978613613
8.32,39.64,1010.93,78.21,479.69,0,1,0,-1.5519690287209427,0.4623104102421579
30.34,71.25,1000.94,67.29,431.18,1,0,0,2.6255703586385657,1.090411592939083
12.38,45.51,1016.15,81.37,470.46,0,1,0,-1.396527409417205,0.07664790845241716
11.23,43.7,1016.0,91.75,476.04,0,1,0,-1.8322574122993538,0.6221450622942771
24.19,46.93,1013.4,49.39,446.3,1,0,0,0.6639921820134183,-1.3442191124086111
30.17,75.08,1005.17,55.89,438.89,1,0,0,2.7899017568885234,0.07331999328009854
28.5,71.32,1002.54,69.35,435.7,1,0,0,2.3138757681597983,1.0356928475757556
14.78,38.58,1017.02,82.4,460.54,0,1,0,-1.5902015268719707,-0.037120639228826906
11.48,41.2,1012.88,90.04,478.34,0,1,0,-1.6644483360638682,0.8517187544749718
9.59,34.69,1027.65,75.32,478.88,0,1,0,-2.7297875255354267,-1.5558936266632855
20.42,60.77,1017.65,87.07,447.85,0,0,0,-0.3113513946137944,0.2755904593770619
20.76,58.79,1017.22,78.75,447.07,0,0,0,-0.12385888153921602,-0.1253999645053731
13.53,40.71,1023.83,61.59,474.7,0,1,0,-1.5199653916148317,-1.827243359741861
34.4,77.95,1009.83,57.86,430.87,1,0,0,2.896383899952287,-0.33813327033183294
33.6,74.33,1012.31,35.66,428.62,1,0,0,3.08178100566312,-1.77796395967982
28.62,69.71,1009.67,62.12,437.52,1,0,0,1.9556217418502253,-0.12766379505369863
19.72,44.78,1009.27,39.18,464.54,1,0,0,0.7486298396768571,-1.408438091486109
11.54,40.77,1022.13,83.5,465.61,0,1,0,-2.138195751146,-0.4969232328576679
19.39,60.1,1010.28,83.31,452.57,1,0,0,0.17481339570722482,0.8855499257034172
9.59,37.14,1013.8,72.85,474.74,0,1,0,-1.612975052132499,-0.15570694133401514
12.31,40.64,1020.71,94.6,475.65,0,1,0,-2.2736156003328998,0.22443538027423227
23.61,63.94,1012.9,87.06,441.57,1,0,0,0.41580423054376253,0.7959869625600183
7.61,39.42,1024.93,74.77,475.55,0,1,0,-2.4848580505761717,-1.2365093656297979
18.51,58.46,1017.21,88.1,448.39,0,0,0,-0.5677583132267152,0.3711157277721823
7.53,43.65,1018.58,64.85,479.15,0,1,0,-1.6128234683309843,-1.0226491312876074
10.5,52.72,1026.32,85.04,468.01,0,1,0,-2.023079253847114,-0.7702554814206727
24.99,58.79,1016.37,67.16,439.2,1,0,0,0.5860798230854836,-0.6601108895689836
6.15,40.07,1020.2,66.64,494.3,0,1,0,-2.041782537267788,-1.126028749512116
30.54,67.45,1014.37,32.97,431.35,1,0,0,2.4557363485847294,-2.1756420410088952
13.44,39.39,1012.93,84.29,469.67,0,1,0,-1.4356324797212763,0.5214484499524497
31.27,73.77,1003.27,71.48,430.32,1,0,0,2.5450917581757238,1.066985619510089
16.13,39.99,1007.04,80.49,465.25,0,1,0,-0.6862948860288857,0.9530152845352244
30.97,67.69,1005.61,50.88,425.35,1,0,0,2.631034766396957,-0.2982307185054418
15.37,43.34,1014.84,80.37,460.02,0,1,0,-1.1299715127404764,0.1297432947598947
21.25,66.86,1012.99,60.65,455.72,1,0,0,1.0337373003608097,-0.5376340031547779
14.89,39.82,1013.23,82.49,470.19,0,1,0,-1.2704134195079344,0.3894128610752675
6.65,40.77,1021.79,88.84,482.9,0,1,0,-2.65815989007557,-0.1508055401799554
30.26,72.58,1007.0,65.51,425.71,1,0,0,2.3109652925223907,0.34997046258680975
33.71,69.98,1013.09,42.62,431.99,1,0,0,2.6640255752622752,-1.5393570545886792
8.6,40.77,1011.8,89.45,480.82,0,1,0,-1.8320641296471942,0.9550618732475423
29.0,75.33,1001.6,71.43,432.65,1,0,0,2.5416734507740135,1.2743075079780806
10.02,41.44,1017.37,77.65,479.63,0,1,0,-1.7567238482753977,-0.26489577743120235
28.75,64.69,1007.1,60.37,437.94,1,0,0,1.9659710841194984,0.020482612149966502
37.11,68.94,1006.23,31.15,429.25,1,0,0,3.66621494543446,-1.4162179305408056
30.06,67.25,1017.63,53.59,435.02,1,0,0,1.6462243346047363,-1.4643705582435291
30.68,69.68,1012.86,56.56,438.68,1,0,0,2.0521281080371905,-0.7763493621576408
30.08,73.42,1011.17,63.86,434.95,1,0,0,2.091960752740821,-0.1812421239754014
6.98,40.35,1011.92,94.72,484.19,0,1,0,-2.1301821998608266,1.2217559639984656
29.17,73.17,1009.87,60.97,432.07,1,0,0,2.1699785711358706,-0.18469781631156096
21.93,60.84,1017.8,82.61,443.89,1,0,0,-0.07731721811628803,0.019249234379537968
15.11,43.67,1012.06,91.75,467.82,0,1,0,-1.244719460867507,1.0243753540552307
25.68,70.17,1001.38,85.89,433.92,1,0,0,1.6773000503671507,2.0259061411222654
30.44,56.24,1005.19,56.24,429.34,1,0,0,1.971048894411456,-0.06439074149810196
20.36,65.27,1011.73,70.8,445.67,1,0,0,0.7108530008979976,0.11683999464165527
26.47,47.43,1009.09,54.94,439.4,1,0,0,1.0230370308360595,-0.5999729334126501
13.9,39.54,1007.01,81.33,471.16,0,1,0,-0.9100965980385408,1.0112600269637333
21.81,60.27,1015.93,91.38,441.85,0,0,0,-0.21402914196936262,0.671849213223248
9.08,42.49,1010.67,85.35,481.46,0,1,0,-1.5324373037244023,0.8769995035560532
32.31,77.95,1010.15,62.17,430.15,1,0,0,2.5894409651267773,-0.13618236204411266
27.96,73.42,1011.11,71.93,435.93,1,0,0,1.7101967588018123,0.25640496988634826
9.23,42.44,1014.34,94.2,481.29,0,1,0,-2.0037295561955353,0.9328853914704911
25.66,61.08,1013.0,71.21,446.05,1,0,0,0.8662687848797244,-0.07023214388301315
19.2,61.27,1020.02,65.53,455.2,1,0,0,0.011278165423874787,-1.0821331766098337
24.81,59.87,1018.56,61.18,444.89,1,0,0,0.6257939501006998,-1.1973550426944521
24.1,60.29,1008.2,61.81,449.79,1,0,0,1.2755617395083336,-0.028612301712025105
28.33,68.14,1004.63,71.21,431.27,1,0,0,1.9685493498391662,0.879708791145651
19.53,50.32,1009.71,94.46,449.59,0,1,0,-0.4973163119908024,1.4435158941606443
29.37,74.78,1009.47,55.65,434.2,1,0,0,2.4237558007106514,-0.40419947016052876
24.44,69.84,1005.34,80.37,430.3,1,0,0,1.4346666346699062,1.3155798568246044
31.35,67.32,1013.74,38.56,439.81,1,0,0,2.4137394339817675,-1.8250353596903683
28.98,62.66,1009.1,52.62,438.45,1,0,0,1.961615261367953,-0.6153069208942825
21.05,63.09,1016.49,91.23,447.45,0,0,0,-0.18668693246595675,0.6310411514481509
25.03,60.27,1017.9,72.04,438.24,1,0,0,0.4228026232389048,-0.5631076362922639
14.78,54.3,1016.96,68.53,463.75,0,1,0,-0.5306029919788832,-0.620027639733552
25.24,67.45,1013.56,50.91,438.99,1,0,0,1.604725807288443,-1.125050563240445
16.7,50.88,1015.11,97.25,456.18,0,1,0,-1.1472673611726718,1.0234568753674973
16.44,53.16,1014.82,75.29,458.49,0,1,0,-0.47459883947228526,-0.0585538567633452
25.18,71.98,1006.71,89.86,432.88,1,0,0,1.2487085079204163,1.6685374869878713
23.51,48.98,1014.63,41.56,454.06,1,0,0,0.8189959370352385,-1.861219837270379
20.56,64.45,1012.24,53.09,458.97,1,0,0,1.119215926184737,-0.860972943951154
26.63,43.77,1011.33,49.3,440.95,1,0,0,0.8695405579271053,-1.165612026809714
27.4,69.13,1001.4,82.47,426.18,1,0,0,1.8614155346296672,1.8270351920793504
26.91,65.34,1014.19,50.7,443.6,1,0,0,1.612071458984371,-1.2328923672600667
23.75,67.9,1006.25,70.17,445.22,1,0,0,1.496678589549065,0.6789930083779125
27.79,69.23,1012.86,45.71,435.06,1,0,0,2.0772771261853733,-1.320380446461172
27.41,63.07,1011.5,55.3,445.02,1,0,0,1.616452927762231,-0.7242259927885248
7.98,43.52,1022.45,97.68,481.93,0,1,0,-2.7031364472182795,0.2467808797738782
11.98,44.58,1016.45,78.8,477.56,0,1,0,-1.4238411838271658,-0.09345516230578814
27.1,73.21,1002.97,89.68,430.87,1,0,0,1.7210939461542207,2.063240349400535
12.93,45.51,1015.27,87.27,469.83,0,1,0,-1.4453087161536287,0.4733022398440736
18.91,45.01,1012.9,59.81,456.12,0,0,0,-0.09464807652303354,-0.7312170444700532
26.9,66.48,1004.47,54.71,432.95,1,0,0,2.219403017514474,0.04168394309579416
14.36,40.0,1016.16,68.79,460.42,0,1,0,-1.1479872678884362,-0.6318197168474045
8.81,43.56,1014.99,81.5,482.52,0,1,0,-1.7014683418440906,0.2183434371865713
18.36,53.16,1013.31,83.18,458.47,0,0,0,-0.41935361836482016,0.5000711152013956
11.48,37.92,1008.47,70.55,472.9,0,1,0,-0.9991065259478289,0.2992441592549246
25.92,73.77,1001.27,94.28,432.0,1,0,0,1.6440888272036231,2.4983913309951786
11.01,43.69,1016.7,81.48,477.3,0,1,0,-1.6302158679651326,0.01714388524071054
26.31,66.48,1005.93,63.9,432.89,1,0,0,1.8310246852874201,0.3612037871219183
9.99,42.07,1018.78,85.68,471.6,0,1,0,-2.0373850333387207,0.0014292392394456095
12.84,40.8,1026.95,69.86,475.59,0,1,0,-2.0017629037362643,-1.7345507652793233
21.07,67.07,1004.64,86.16,446.05,1,0,0,0.9308180463287679,1.6914279818374662
17.7,38.52,1020.15,69.8,455.5,0,1,0,-1.2359838654362034,-1.0488447714051214
14.36,41.26,1021.16,73.43,462.25,0,1,0,-1.5545683712302945,-0.926514904631892
24.0,58.05,1011.28,74.32,447.16,1,0,0,0.631666645269763,0.26453412844935636
12.17,41.58,1013.89,88.98,463.03,0,1,0,-1.6319043012268255,0.6853731781048699
19.58,50.12,1009.82,100.1,449.44,0,1,0,-0.6568850047881581,1.720762535759105
25.73,66.54,1010.07,55.97,437.07,1,0,0,1.7107637683593084,-0.49450957902795184
23.85,74.22,1009.99,82.72,441.66,1,0,0,1.2006468447811567,0.9699295853666248
26.45,73.5,1010.31,74.33,433.44,1,0,0,1.5809206294769884,0.4783741281756074
20.95,44.89,1010.48,67.97,450.39,0,0,0,0.020196710501499085,-0.06135967724101198
21.29,59.04,1012.49,84.23,445.37,1,0,0,0.11018784185991981,0.6709045450481794
14.32,71.14,1019.87,79.15,460.02,0,0,0,-0.30202412384700444,-0.24979600709281335
19.65,63.91,1009.26,99.08,444.9,1,0,0,0.021706486174502507,1.8396764886355865
28.09,77.95,1017.07,70.98,436.94,1,0,0,1.539136870727136,-0.4059564860259552
33.87,71.32,1007.91,39.48,435.89,1,0,0,3.171518330385207,-1.1277732693931528
13.72,41.62,1011.14,75.79,455.52,0,1,0,-0.9700549913568403,0.29356209650304227
9.47,41.4,1026.49,87.9,479.68,0,1,0,-2.6934992223617376,-0.7252578748010156
32.19,69.13,1000.45,48.22,425.21,1,0,0,3.216519073313687,0.1295194517266267
18.73,46.48,1007.19,79.23,450.74,0,1,0,-0.16286589978213334,0.9061464601987135
6.09,43.65,1020.95,71.15,485.96,0,1,0,-2.057880912046732,-0.9456031307815025
24.43,67.25,1017.99,74.27,436.5,1,0,0,0.616610778156326,-0.39745463124961034
25.24,66.54,1002.07,81.22,433.86,1,0,0,1.555931558977413,1.6834483655246928
26.26,71.73,1009.59,80.06,430.79,1,0,0,1.386559221283967,0.8396298548712205
26.15,64.27,1013.03,59.77,439.11,1,0,0,1.3442466833753954,-0.6417629215517235
7.77,41.82,1032.72,72.8,479.4,0,1,0,-2.8454609349998305,-2.1681406655971553
27.92,63.07,1010.75,45.26,442.87,1,0,0,1.972033881052307,-1.1643860249782612
31.62,64.05,1010.94,58.93,439.09,1,0,0,1.9504638446452982,-0.49671907842459984
12.47,45.01,1017.8,95.25,467.18,0,1,0,-1.8863325751510887,0.6089374843150267
31.41,74.16,1008.65,68.5,430.37,1,0,0,2.2849190460856486,0.329554753555666
32.63,74.99,1002.42,40.07,432.79,1,0,0,3.5898524004780636,-0.46153470405987984
21.97,58.12,1014.21,85.93,448.91,1,0,0,-0.03593564420518154,0.5593421477397095
22.68,58.82,1010.11,82.8,443.86,1,0,0,0.4148431842294079,0.8449400395263496
10.82,44.63,1020.64,90.26,473.23,0,1,0,-2.1025016200715942,0.05031622719646623
32.37,68.67,1005.45,47.98,430.35,1,0,0,2.8764811383566533,-0.4321998074455099
10.89,40.81,1025.82,81.18,478.23,0,1,0,-2.3810307681766103,-1.0136968637235493
25.45,70.04,1011.2,82.48,430.2,1,0,0,1.0721928366654605,0.7811935661190246
10.91,42.34,1021.83,94.99,470.91,0,1,0,-2.400766010802177,0.14588490617205796
6.75,39.4,1011.28,90.84,483.77,0,1,0,-2.0460285554274154,1.085044966238415
21.36,45.61,1013.43,83.64,456.85,0,0,0,-0.5248131163895077,0.4294405811522588
23.45,45.61,1012.84,73.42,454.92,0,0,0,-0.04502868289541949,-0.048228290989364486
4.04,35.47,1017.51,87.35,486.86,0,1,0,-2.776517630814322,0.2134121874402381
15.4,38.73,1000.67,79.71,469.18,0,1,0,-0.347428457435534,1.6011420547088222
25.54,49.16,1003.64,47.4,443.55,1,0,0,1.5911429633205112,-0.3755614923065651
22.61,59.87,1019.12,66.12,441.2,1,0,0,0.2769469931032859,-0.9882584764946128
8.62,39.66,1015.18,89.59,482.99,0,1,0,-2.1134484513713225,0.5852017767177441
13.84,41.26,1020.92,74.74,462.46,0,1,0,-1.6153565438789943,-0.8291998048828992
21.31,69.05,1002.46,73.42,440.97,1,0,0,1.519456040598509,1.2853656313335808
28.54,58.33,1013.9,49.4,439.28,1,0,0,1.491287277575345,-1.336035730918065
20.35,67.45,1015.14,69.22,447.64,1,0,0,0.6149437916142357,-0.3183785946457817
24.54,65.46,1014.27,40.77,446.26,1,0,0,1.6757755208919378,-1.7370984802732408
5.84,40.62,1018.58,82.73,482.1,0,1,0,-2.3531198236574498,-0.11241937035917031
26.47,69.51,1009.51,65.02,433.89,1,0,0,1.7044784547475238,0.05255384734436492
10.79,43.56,1015.15,73.01,479.64,0,1,0,-1.327102230401796,-0.25091828962381446
18.3,44.06,1017.95,63.24,456.32,0,1,0,-0.6208028302072712,-1.1074586621336626
28.79,68.51,1013.02,62.84,432.51,1,0,0,1.6695393613390286,-0.4660637415092393
23.07,49.02,1009.07,84.1,444.22,1,1,0,0.05189862662035501,0.9436844087186378
31.25,74.34,999.06,69.85,432.22,1,0,0,2.898190269979635,1.4459411661206811
18.16,39.99,1007.73,70.54,463.69,0,1,0,-0.30578463537024186,0.3503308766941199
25.06,74.33,1014.05,69.02,437.27,1,0,0,1.3865608723395406,-0.18678840201436708
26.71,59.39,1014.24,66.45,439.33,1,0,0,0.918266428988803,-0.4717732424703166
18.67,47.83,1005.12,82.97,454.47,0,1,0,-0.06490167639014931,1.3358944844390142
10.29,40.0,1021.46,90.6,479.58,0,1,0,-2.415165878365835,-0.055084967894307606
5.52,39.33,1009.74,95.25,492.39,0,1,0,-2.160879764453579,1.488233156683661
23.41,54.42,1012.86,70.12,454.68,1,0,0,0.42495852044937765,-0.14953616643583223
29.91,74.9,1003.36,69.34,434.93,1,0,0,2.532445915012212,0.9650993676469526
19.92,46.97,1014.32,69.17,459.39,0,0,0,-0.26626902469357727,-0.3937095506850339
26.85,63.56,1013.25,52.84,444.39,1,0,0,1.536807885716885,-1.0339928181050186
23.59,58.62,1017.81,66.68,448.09,1,0,0,0.37740104499398197,-0.8334810017058014
22.72,63.73,1012.63,82.14,448.56,1,0,0,0.48005971973854505,0.5757690524937663
20.3,62.52,1017.96,75.17,451.86,1,0,0,0.04572213785947256,-0.35760623270157177
17.0,45.09,1013.52,88.32,458.94,0,0,0,-1.0360284977619894,0.6868567589892447
8.89,41.54,1019.27,82.87,483.82,0,1,0,-2.111521408855654,-0.19374644972518723
12.61,41.79,1015.82,91.9,461.37,0,1,0,-1.794213456887989,0.6246731702982534
28.9,71.94,1007.29,64.77,427.41,1,0,0,2.170064011497989,0.28432868247094223
5.49,38.5,1012.18,79.33,490.84,0,1,0,-1.950297244695405,0.39418744307878917
12.91,42.07,1018.4,86.5,466.05,0,1,0,-1.7918974619892765,0.0651862598723011
9.45,41.4,1027.34,86.66,475.49,0,1,0,-2.7206981205461602,-0.8816855422505172
27.47,69.98,1008.53,58.72,431.11,1,0,0,2.039175201329913,-0.16904137094182203
5.79,39.61,1021.64,85.41,489.6,0,1,0,-2.6804287324347977,-0.31502206220157525
21.92,49.02,1009.29,88.56,443.31,0,1,0,-0.17456158862223392,1.1578446529904542
27.07,65.59,1012.14,63.93,442.71,1,0,0,1.4303504730657826,-0.3257460024649421
20.6,66.86,1013.08,62.48,451.44,1,0,0,0.9261328341506433,-0.448514643152692
30.73,69.89,1015.0,58.9,426.79,1,0,0,1.8584683245734015,-0.8871928403688032
26.31,48.6,1002.64,60.04,440.06,1,0,0,1.367889066682006,0.37610986016321735
19.98,49.15,1021.56,63.89,457.54,0,1,0,-0.5208343791287695,-1.4374315936101938
21.31,58.66,1012.67,69.36,451.96,1,0,0,0.4713797319012582,-0.11958381235241396
11.48,44.58,1016.43,80.15,478.53,0,1,0,-1.4990228068224274,-0.01816495387166444
23.33,73.18,1012.51,91.29,436.33,1,0,0,0.7161274839402378,1.1331737175891496
14.05,40.71,1016.36,68.58,465.74,0,1,0,-1.1504187368652221,-0.6565999238295983
10.06,34.69,1027.9,71.73,477.68,0,1,0,-2.6142294852155468,-1.7716653114516627
28.87,57.19,1008.09,64.29,435.57,1,0,0,1.4752828554441797,0.05383724310349831
24.83,62.4,1010.13,70.18,442.2,1,0,0,1.0785430615154241,0.2053777447566717
10.42,39.96,1025.21,95.69,470.81,0,1,0,-2.7948699141623905,-0.2018094723186339
27.51,63.73,1009.97,66.14,440.81,1,0,0,1.474856854838294,0.006627586667453675
23.97,68.67,1006.63,76.83,441.53,1,0,0,1.3488457311717175,0.9861537777430267
27.22,68.3,1016.84,64.88,436.81,1,0,0,1.2169544936470051,-0.7676259903122508
11.54,45.0,1022.77,80.79,482.34,0,1,0,-1.9245196842038936,-0.6724416114638665
21.44,48.98,1014.4,54.22,454.5,1,0,0,0.33300799477083437,-1.1684373307045257
25.1,61.47,1007.84,75.75,447.27,1,0,0,1.0704019153918012,0.7329360594697876
22.84,61.87,1010.63,51.67,442.72,1,0,0,1.340522439214568,-0.7953487462222013
26.03,69.68,1011.61,60.75,449.54,1,0,0,1.6440644819911137,-0.3921628229101739
18.9,58.46,1016.74,87.65,449.32,0,0,0,-0.4917668120553251,0.39639191663864165
11.75,42.32,1015.28,77.25,470.44,0,1,0,-1.4221947421743344,-0.06272182898599524
27.37,76.09,1007.52,89.12,433.34,1,0,0,1.574781681385468,1.5602849504515819
17.73,43.72,1009.33,76.68,453.94,0,1,0,-0.4463522465294592,0.5260977950073092
20.01,56.65,1020.77,74.46,457.01,0,0,0,-0.4100379585080712,-0.7455124803742864
7.89,39.37,1016.28,84.66,483.82,0,1,0,-2.1326553987652503,0.21356613967859317
11.53,41.14,1025.63,88.54,469.04,0,1,0,-2.493027830279989,-0.6147502653551955
13.46,41.4,1019.46,71.73,467.4,0,1,0,-1.462355612256619,-0.8219098919070207
13.74,39.35,1014.82,77.48,471.11,0,1,0,-1.3635380718133423,-0.03828375716528507
13.77,43.13,1016.63,62.13,468.45,0,1,0,-0.9166981609728047,-0.9975845297833248
20.25,59.8,1015.3,82.69,453.81,0,0,0,-0.09347909687913782,0.2986775488195177
10.75,40.81,1015.93,79.27,474.71,0,1,0,-1.6684048565887728,-0.034537227088907156
11.77,39.39,1012.9,85.8,478.51,0,1,0,-1.6108814082908578,0.6140818147514202
9.29,39.96,1026.2,97.55,473.51,0,1,0,-3.004235347523136,-0.20585253810831716
15.15,41.35,1006.3,86.16,468.64,0,1,0,-0.8049318301710732,1.343961083889808
16.96,44.9,1020.5,77.53,458.1,0,1,0,-1.2416300607751969,-0.6314285580446103
27.01,65.06,1013.16,53.02,439.81,1,0,0,1.6175789928403248,-1.0039114607163815
12.74,44.03,1007.62,97.64,463.96,0,1,0,-1.275664918329958,1.8309724733473824
5.21,43.65,1017.64,78.62,486.08,0,1,0,-2.100045233881457,-0.19354869753228404
8.18,40.02,1031.45,73.66,478.81,0,1,0,-2.826867958599901,-2.0027660129517963
20.13,60.07,1014.79,63.57,453.49,1,0,0,0.4429137402686983,-0.6299066294614208
31.54,67.32,1013.79,36.99,433.02,1,0,0,2.467038118682631,-1.9128317726964037
19.79,64.45,1016.14,73.54,451.37,1,0,0,0.2553948765998823,-0.22456797133623868
14.96,43.02,1012.77,42.93,467.16,0,0,0,-0.05845209342961959,-1.577566697073434
9.0,40.78,1025.39,99.22,468.5,0,1,0,-2.9804336329699512,-0.022857181186761492
16.47,38.01,1022.3,72.29,461.54,0,1,0,-1.5716360039268107,-1.1500870202901596
16.0,45.09,1014.31,60.02,458.46,0,1,0,-0.4329203967137977,-0.8533673162827137
25.42,73.17,1012.29,85.86,437.06,1,0,0,1.045078450541807,0.8624322131366516
9.27,39.64,1010.79,79.56,480.29,0,1,0,-1.499290953929205,0.5407588982996346
6.85,37.49,1011.01,84.53,483.12,0,1,0,-1.938690153328597,0.7726077604205541
30.49,64.44,1013.43,51.73,438.09,1,0,0,1.8927734442876272,-1.1286788213620937
4.81,42.85,1013.96,86.94,479.8,0,1,0,-2.134848475971431,0.6329500793991376
29.93,69.48,1009.21,54.59,430.75,1,0,0,2.281731881213097,-0.4771337280499687
21.93,60.84,1018.96,76.8,440.76,1,0,0,-0.00458199286596224,-0.4070026047535207
13.35,41.44,1015.9,66.04,473.17,0,1,0,-1.0782759310579164,-0.7269851591067649
32.44,77.95,1014.83,50.69,434.97,1,0,0,2.5810850410082327,-1.2393002761360064
11.8,43.22,1008.57,78.01,469.55,0,1,0,-0.9407796810611947,0.7139988060082082
24.4,60.32,1016.5,70.96,447.73,1,0,0,0.4966780838568586,-0.4617272768665389
21.92,58.79,1010.09,89.7,446.71,1,0,0,0.17185275359282484,1.2082945725203496
8.27,37.7,1015.09,73.64,479.16,0,1,0,-1.8058259347337606,-0.2418454211428061
7.0,36.24,1013.15,89.64,483.06,0,1,0,-2.2608481755201586,0.7923272299268547
20.74,59.8,1015.46,76.39,452.99,1,0,0,0.10068038911781331,-0.04734071044695947
12.58,43.67,1014.36,91.72,473.02,0,1,0,-1.609561013557147,0.7896917881337795
24.22,62.08,1022.53,60.79,449.11,1,0,0,0.41406108233878,-1.6279051366505362
18.43,44.63,1019.76,39.99,458.75,0,1,0,-0.10079929636770128,-2.501152341142603
12.52,71.14,1019.49,76.11,463.22,0,0,0,-0.3452452234374673,-0.3530694407747495
19.18,50.12,1005.99,100.09,444.56,0,1,0,-0.42852033777416865,2.1399847747402787
13.51,44.9,1019.29,77.24,464.86,0,1,0,-1.4363100432728868,-0.4910848954684961
26.38,70.47,1007.36,76.91,434.02,1,0,0,1.5752592583212488,0.9088352266363897
11.65,41.54,1020.09,67.96,476.4,0,1,0,-1.5500129367462443,-1.071642461914081
10.31,37.5,1008.55,99.31,474.16,0,1,0,-1.8711710689418395,1.779935592578137
15.37,50.59,1019.02,98.2,463.35,0,0,0,-1.5612237059296499,0.6535379629311011
29.89,65.74,1012.95,51.36,438.24,1,0,0,1.9429598752423405,-1.080947875681178
31.53,70.36,1006.29,57.11,438.71,1,0,0,2.5858158813819436,-0.03295154723548931
6.25,39.48,1004.82,52.71,484.26,0,1,0,-0.6469744488190057,-0.1760730728558375
29.09,70.02,1010.13,48.06,443.27,1,0,0,2.3441207126517565,-0.9043370013279475
12.0,41.5,1013.21,86.75,473.68,0,1,0,-1.5448303227209397,0.6447997533899108
18.61,47.83,1006.43,78.89,454.21,0,1,0,-0.05255169976342726,0.9830353960826845
16.34,36.99,1006.99,90.06,466.24,0,1,0,-1.0478918059221904,1.4269289539606682
28.12,58.33,1013.61,39.67,448.72,1,0,0,1.7306469218369398,-1.8039213708929058
12.64,41.26,1020.79,83.66,465.78,0,1,0,-1.9386255060211612,-0.34633422772349104
26.1,62.91,1012.44,60.91,446.05,1,0,0,1.29059461881162,-0.5292830542720969
8.07,43.41,1016.02,76.26,467.56,0,1,0,-1.7024552830647972,-0.1604790037850633
27.5,68.24,1010.38,73.44,430.9,1,0,0,1.4541626335133377,0.37526073693141054
28.44,77.54,1011.73,77.3,433.21,1,0,0,1.7488665436368003,0.49604417150423596
28.31,71.85,1009.0,77.56,429.57,1,0,0,1.666602160009401,0.7617608745761586
22.72,64.15,1021.14,60.34,453.13,1,0,0,0.48804411585888563,-1.4728730195958624
22.79,44.57,1007.31,69.36,448.91,1,0,0,0.3377554809830051,0.3403978315366719
17.08,40.12,1012.17,81.5,457.81,0,1,0,-0.9782938439951191,0.44116692052626194
15.6,41.04,1025.48,64.43,457.49,0,1,0,-1.521268785899023,-1.8717578929426224
22.07,48.41,1008.71,81.29,444.01,1,1,0,0.04043934557044494,0.8397279718890958
24.16,66.05,1016.45,73.27,443.75,1,0,0,0.6725431246007216,-0.2892296627856552
14.93,39.16,1007.25,72.35,463.2,0,1,0,-0.6235441759182079,0.5114207716837921
11.99,38.28,1013.65,91.31,469.23,0,1,0,-1.8367757168013485,0.8064429159058281
16.85,52.9,1019.47,81.28,460.84,0,0,0,-0.9257692035539303,-0.2604901894143598
24.82,66.54,1010.0,60.36,440.88,1,0,0,1.52571290882909,-0.25402819875573857
21.67,69.71,1010.46,96.83,440.16,1,0,0,0.4211266866655556,1.6257791952851268
18.06,43.14,1013.95,62.21,461.27,0,1,0,-0.38155010982080073,-0.7308904031383281
30.05,66.44,1008.46,76.82,427.55,1,0,0,1.627849679659913,0.7268848358246692
18.36,62.1,1019.9,79.09,453.5,0,0,0,-0.36761322803089624,-0.35658137242813787
32.02,67.83,1007.77,53.31,426.55,1,0,0,2.513110323888114,-0.41400173123571515
24.61,62.39,1006.39,79.08,437.01,1,0,0,1.0823611101324058,1.0734865325437288
8.41,39.16,1015.47,93.42,484.34,0,1,0,-2.2726782131616146,0.7487654183936991
8.94,36.71,1025.5,80.45,477.62,0,1,0,-2.6818485216667955,-1.036245758448682
22.57,63.94,1013.49,81.61,443.58,1,0,0,0.4321549081179103,0.4574875222361439
9.92,40.64,1020.39,95.41,469.65,0,1,0,-2.4702280868175652,0.3174241362187158
26.51,50.05,1006.75,65.34,440.22,1,0,0,1.029623334638454,0.2125544741665505
24.93,47.01,1015.12,64.8,455.39,1,0,0,0.20865465151018028,-0.7403310222589163
24.43,58.95,1017.18,57.73,441.4,1,0,0,0.738104446613503,-1.2300296715142092
12.28,39.96,1011.76,77.07,468.0,0,1,0,-1.237812422450063,0.2886071739208188
9.75,35.76,1019.88,62.31,474.31,0,1,0,-1.7997080107424837,-1.3740467326699417
10.94,40.81,1026.03,80.79,476.32,0,1,0,-2.381030049587617,-1.0570375281081026
25.37,68.31,1011.12,70.99,441.76,1,0,0,1.2950150331017956,0.1833216224159146
23.82,60.32,1016.61,75.29,445.0,1,0,0,0.32816037489662325,-0.24619641709092666
9.26,40.11,1024.38,74.82,460.72,0,1,0,-2.2820602882520467,-1.1797603863772943
24.57,66.54,1004.44,83.15,432.41,1,0,0,1.2886195892083625,1.5296235889860783
29.55,72.29,1007.94,84.45,430.98,1,0,0,1.6805725203073794,1.2279538392592986
27.37,63.31,1012.89,60.11,439.15,1,0,0,1.4032769164276016,-0.6250353080217625
11.83,38.25,1013.36,85.33,473.31,0,1,0,-1.675270068121112,0.530140192663655
22.32,70.47,1010.97,83.16,441.87,1,0,0,0.8307222359474609,0.8661914930004877
5.8,45.87,1009.14,92.06,481.6,0,1,0,-1.7251664233557429,1.4396375981587899
25.41,69.14,1006.4,87.4,436.59,1,0,0,1.2278974096777973,1.5508396927292096
24.89,66.49,1010.15,65.65,436.39,1,0,0,1.3808269746608934,0.001865477101286492
18.12,50.16,1009.82,100.09,453.29,0,1,0,-0.7753639736587434,1.7305439618074179
28.14,61.47,1009.69,64.66,435.35,1,0,0,1.484978260105123,-0.06180322957365047
15.62,35.4,1016.19,53.95,467.95,0,1,0,-0.8610607569793342,-1.446892253672612
11.29,35.76,1019.32,58.91,473.74,0,1,0,-1.545576989316454,-1.4991283415344625
17.99,50.16,1009.98,100.09,451.38,0,1,0,-0.7970020939538232,1.7140115953814496
4.87,42.85,1013.6,92.3,482.22,0,1,0,-2.2454142189885733,0.9484568677440497
19.25,43.43,1012.01,73.26,451.08,0,1,0,-0.42702866970573256,0.04501727099605516
11.74,40.6,1013.91,90.57,473.84,0,1,0,-1.7535136329008438,0.7603264428652403
13.43,43.69,1016.21,73.01,475.36,0,1,0,-1.175741072156643,-0.38332044755456884
25.33,71.32,1007.05,85.31,434.68,1,0,0,1.3277060447468847,1.390274907487896
19.26,44.34,1019.45,51.32,467.72,0,1,0,-0.32000773917808706,-1.890473676062771
17.89,40.12,1011.99,76.52,451.79,0,1,0,-0.7690351695889226,0.1981285782060565
30.57,58.9,1004.54,54.37,438.49,1,0,0,2.19223414391809,-0.06962365419386217
7.45,43.13,1019.31,86.32,485.6,0,1,0,-2.253152414264777,0.002657773187508492
24.03,66.54,1012.19,69.15,438.08,1,0,0,1.0815103222738713,-0.03327409062057569
8.03,40.07,1016.06,47.46,488.02,0,1,0,-1.1031693366952209,-1.6783207219338976
28.06,70.04,1009.89,66.07,431.7,1,0,0,1.805734266027579,0.05879369573096755
10.06,39.61,1018.22,70.22,471.86,0,1,0,-1.6979022473201741,-0.7560449642154066
9.68,40.77,1022.04,85.23,473.73,0,1,0,-2.330784861540343,-0.38510103749467506
26.38,69.88,1008.42,86.25,432.25,1,0,0,1.2329166087477248,1.2708669073494503
10.84,39.18,1023.64,87.1,474.49,0,1,0,-2.463090997026847,-0.48349792950847814
7.05,40.69,1020.53,89.67,476.75,0,1,0,-2.5644578036284154,0.02585458903159022
13.34,41.79,1011.48,86.66,461.12,0,1,0,-1.301147164360353,0.8216939001629777
24.39,63.77,1013.3,77.53,443.65,1,0,0,0.6944447082834428,0.25373199495869203
24.26,69.71,1008.98,81.58,438.6,1,0,0,1.134295618410666,0.9819126087904957
8.23,41.01,1022.89,98.03,474.52,0,1,0,-2.832308236654554,0.1950172759592128
13.15,40.78,1024.13,79.59,462.3,0,1,0,-2.039052747267391,-0.927461830237351
31.35,71.97,1008.29,72.26,430.16,1,0,0,2.1097043954501666,0.5456377038228182
22.88,65.48,1017.33,66.26,447.14,1,0,0,0.6649473557017264,-0.7427935506953671
25.44,56.57,1013.8,66.72,444.61,1,0,0,0.712057431460634,-0.4239653607602099
27.79,71.85,1008.95,87.35,427.67,1,0,0,1.3712702066569138,1.2761854727823356
21.99,57.5,1015.87,80.72,446.96,1,0,0,-0.038651661325805026,0.10449630953402851
13.35,40.27,1005.83,49.75,474.68,0,0,0,-0.017644076739448712,-0.48100376074001094
28.63,66.56,1005.88,64.73,427.35,1,0,0,2.0077574876383593,0.39429102372281694
12.78,44.6,1013.64,77.56,468.67,0,1,0,-1.1329500783345463,0.14317171283813754
8.37,40.92,1021.82,86.03,476.02,0,1,0,-2.438200647736716,-0.30968729124234673
11.93,38.78,1013.15,96.08,474.57,0,1,0,-1.9102395781638692,1.1115802762422924
21.03,63.86,1014.84,71.72,450.64,1,0,0,0.46791676412276145,-0.19021150327266012
27.2,65.12,1016.2,44.95,442.54,1,0,0,1.6395245439133839,-1.7523470539156156
26.93,75.23,1010.19,62.12,434.1,1,0,0,2.024051223404386,-0.1282696849153357
12.76,42.32,1015.35,78.18,466.15,0,1,0,-1.3679066527749175,-0.029231138815252848
8.55,35.77,1016.15,73.32,481.44,0,1,0,-1.9317123135970509,-0.3912369077550595
14.66,40.89,1009.72,91.56,465.73,0,1,0,-1.2399280723928785,1.2500239405828806
10.36,37.83,1005.87,98.56,472.62,0,1,0,-1.6501823214131792,2.0353269080143934
21.54,66.54,1004.99,92.87,440.8,1,0,0,0.7470430426969413,1.9922567167508791
14.02,41.78,1011.26,48.62,465.87,0,0,0,-0.2364441063396366,-1.1229682675499468
12.35,40.8,1027.35,72.69,476.88,0,1,0,-2.1434272703288446,-1.6286500725510886
25.89,58.86,1014.16,52.95,445.17,1,0,0,1.1854407524956934,-1.1586931628754655
22.05,61.27,1019.6,58.83,447.95,1,0,0,0.4502197031291296,-1.4017773225346029
32.06,71.85,1007.9,56.44,426.07,1,0,0,2.6029950325085625,-0.23445549943206961
24.55,57.5,1015.36,62.45,447.3,1,0,0,0.6848247824541185,-0.8006910195432155
27.23,71.77,1006.59,77.94,427.39,1,0,0,1.728312207622967,1.0505115509719936
24.29,57.5,1014.85,67.28,449.98,1,0,0,0.5719231845784551,-0.49402829246368435
30.4,77.3,1002.44,59.42,438.43,1,0,0,3.000643062111979,0.5691128059419941
26.5,66.75,1018.48,61.62,431.23,1,0,0,1.0625670985847264,-1.122056878203605
10.42,41.26,1008.48,96.76,472.54,0,1,0,-1.6249128101029158,1.6854439472604683
15.79,44.89,1010.19,84.61,458.09,0,1,0,-0.820740549439053,0.8645432895790632
15.79,49.15,1020.62,76.22,465.62,0,0,0,-1.1247715644547076,-0.6698971252898095
30.3,73.67,1005.57,58.74,431.57,1,0,0,2.636722758811877,0.1646593867123598
25.58,64.45,1011.07,61.47,447.16,1,0,0,1.394341078957782,-0.33525037515558764
12.36,48.04,1012.8,93.59,468.37,0,1,0,-1.3775607282109579,1.092788848753529
10.56,40.22,1005.08,89.71,478.02,0,1,0,-1.2431848435781345,1.6823278215395276
30.01,69.13,1010.11,62.42,425.75,1,0,0,2.006939441406363,-0.17425151411868878
14.91,40.73,1017.44,86.91,458.99,0,1,0,-1.631166110619472,0.16641800460966993
15.9,41.35,1006.28,78.2,464.03,0,1,0,-0.5336635752850436,0.9300638155149489
8.91,43.52,1022.78,98.0,478.38,0,1,0,-2.657237483145426,0.22101727140876415
26.88,61.5,1009.17,61.26,440.13,1,0,0,1.5066016391475,-0.17186725404413594
14.78,42.86,1015.32,84.75,471.17,0,1,0,-1.347009153048954,0.3037722595810237
30.95,71.58,1009.95,50.02,430.47,1,0,0,2.52747271051138,-0.7836925989480168
17.9,58.33,1013.6,85.81,452.28,0,0,0,-0.31787836995070873,0.6490628940743499
13.96,39.54,1011.05,85.72,468.82,0,1,0,-1.2952943775167511,0.7976223158900555
29.85,71.58,1010.04,58.66,432.26,1,0,0,2.2047751392015713,-0.33991913635886173
14.07,40.78,1024.67,72.66,456.71,0,1,0,-1.8188472141275664,-1.3503169629120024
25.26,52.3,1006.65,64.64,442.76,1,0,0,1.0507608577754197,0.21396809070177814
10.07,40.92,1021.84,84.18,471.71,0,1,0,-2.2509093323896843,-0.41899000446831375
15.66,43.99,1021.18,88.62,467.57,0,1,0,-1.725200789883266,-0.13137115783135622
6.25,40.02,1032.14,80.22,481.38,0,1,0,-3.2046250579192286,-1.7260328195337886
27.71,69.51,1009.65,58.38,435.04,1,0,0,1.9707886395770324,-0.31396439388387554
12.75,42.34,1018.17,94.67,465.44,0,1,0,-1.9910082856609597,0.5152885467365017
21.44,51.19,1009.1,84.94,446.17,0,1,0,-0.010959565392108727,1.0124012341284574
32.98,73.88,1006.31,47.55,440.28,1,0,0,3.1091340474556635,-0.5102359391144028
27.54,74.22,1007.44,75.91,430.72,1,0,0,1.8570108654849071,0.8707788249940682
11.68,40.55,1006.48,96.16,474.8,0,1,0,-1.400186590806687,1.8578971257585382
8.02,39.04,1018.49,68.07,479.53,0,1,0,-1.8536342680691307,-0.8870931804526585
19.15,44.34,1019.54,48.09,468.8,0,1,0,-0.2508198801136043,-2.066276200409561
18.53,63.91,1010.26,97.8,440.64,0,0,0,-0.10546428265276951,1.6723677172710036
30.82,76.2,1007.47,59.3,432.22,1,0,0,2.6470162754026934,0.0035273565390128245
22.9,67.25,1017.74,74.53,438.62,1,0,0,0.5005796026258592,-0.34635817771679134
22.18,62.39,1007.84,85.74,452.31,1,0,0,0.6089079295582689,1.2760508573523
3.69,38.44,1016.74,82.87,490.78,0,1,0,-2.504899693689222,0.09227509674429148
19.89,44.9,1008.12,67.3,453.09,1,1,0,0.11155407169624489,0.16832708276627767
23.36,65.18,1012.35,78.09,436.39,1,0,0,0.7217314942850152,0.4044730403542076
13.58,44.47,1029.91,70.41,467.15,0,1,0,-1.995056684095646,-2.003930866964647
25.88,61.47,1007.93,68.71,445.65,1,0,0,1.3126063607887313,0.3543539412883283
6.57,39.37,1020.2,77.37,487.94,0,1,0,-2.3183637411987594,-0.5805799000182124
10.51,37.5,1010.7,96.29,474.24,0,1,0,-1.92232899787718,1.3885664789981502
26.14,72.99,1007.49,81.72,433.25,1,0,0,1.5320008728319072,1.1649451985716042
13.31,41.26,1020.83,79.55,462.87,0,1,0,-1.7786548377642737,-0.5674538961577242
14.01,42.99,1007.12,69.69,469.23,0,1,0,-0.4522476636571473,0.4253842467319811
8.64,34.69,1026.79,80.88,482.15,0,1,0,-2.8948531578028427,-1.1687212362355317
24.88,73.17,1012.26,84.96,434.85,1,0,0,1.0260716774731586,0.8229238938538197
23.28,69.51,1013.31,53.0,444.17,1,0,0,1.4962066419269808,-0.9599453455702791
25.6,58.46,1016.34,66.6,441.88,1,0,0,0.6385567078652515,-0.6925816353497124
27.0,73.17,1009.82,64.43,434.94,1,0,0,1.9038694718502729,0.014201921206016163
25.69,62.26,1011.38,74.08,436.36,1,0,0,0.9562204924004576,0.2636207261407195
20.77,60.1,1011.11,81.09,450.32,1,0,0,0.2901379417129526,0.6711398906714955
12.45,40.81,1025.63,66.26,474.73,0,1,0,-1.8494464019103436,-1.773942603755546
27.32,66.54,1004.95,72.58,431.33,1,0,0,1.7570294164752844,0.9096092268837169
25.51,67.69,1004.53,80.03,433.02,1,0,0,1.4922985973482412,1.361589220933993
17.45,49.64,1026.4,66.67,454.67,0,1,0,-1.1106701110981878,-1.7996484133238393
24.4,60.37,1006.77,82.43,440.64,1,0,0,0.8625236420177276,1.1902264283758044
18.98,38.52,1018.85,63.16,454.6,0,1,0,-0.8681972534402329,-1.2588509572605424
9.48,44.68,1023.29,92.9,478.66,0,1,0,-2.460551382528692,-0.09235891459460964
12.04,41.58,1018.02,88.91,464.45,0,1,0,-1.9223761478742174,0.23297840820482618
26.11,47.43,1009.01,56.09,445.36,1,0,0,0.9687273742979488,-0.5294319439162276
25.28,71.94,1006.73,86.69,432.26,1,0,0,1.3366701046619458,1.501697054997644
27.46,61.86,1012.39,66.09,439.72,1,0,0,1.2246024895738257,-0.2741616453370514
12.42,40.24,1016.59,90.01,469.59,0,1,0,-1.8813416311647677,0.4320744368284466
32.49,74.99,1002.19,34.58,435.43,1,0,0,3.7374366728673727,-0.7189679476756061
26.16,52.36,1013.62,58.52,453.08,1,0,0,0.8124164934386906,-0.866539432866282
23.39,61.87,1010.35,48.91,444.03,1,0,0,1.4771286076493035,-0.9111109512220266
21.12,49.15,1021.29,52.9,456.92,0,1,0,-0.121155818969288,-1.983203497899858
19.94,65.46,1017.7,68.94,448.67,1,0,0,0.3261508513700126,-0.624791943600375
26.15,63.21,1012.31,76.44,441.23,1,0,0,0.9109979694491288,0.2887124640125074
13.93,38.91,1013.04,73.51,470.39,0,1,0,-1.1421601599628155,-0.054281007584703875
12.87,45.51,1015.3,86.67,475.77,0,1,0,-1.4366276917420182,0.4394696656930574
28.29,68.08,1010.77,53.92,430.93,1,0,0,1.9957989555323603,-0.681646353243771
7.78,39.18,1024.62,85.15,484.65,0,1,0,-2.731512027957569,-0.6699640707310031
21.11,58.12,1015.38,77.78,453.28,1,0,0,0.02628244424388637,0.017070455463303803
23.97,64.05,1012.23,90.18,447.44,1,0,0,0.4145174184774306,1.0284381081262122
25.71,66.05,1018.58,66.23,444.35,1,0,0,0.8392197718107539,-0.895185416549695
24.7,50.23,1016.23,62.03,454.42,1,0,0,0.32834243618902453,-0.9766841701187486
10.32,38.91,1012.11,81.49,479.17,0,1,0,-1.5852382641241498,0.4836246157735305
11.46,39.82,1012.09,86.2,477.99,0,1,0,-1.5727387097428849,0.7285061245854808
10.53,41.26,1007.48,98.74,475.96,0,1,0,-1.5993959121806685,1.8957924310405654
21.91,58.62,1015.95,72.87,450.23,1,0,0,0.20379807787801213,-0.29991717294974396
25.35,65.18,1012.67,70.36,438.17,1,0,0,1.0661551525096957,-0.043041132153177404
22.77,59.92,1009.67,94.09,437.9,1,0,0,0.20574881294236164,1.4839605004175753
22.28,59.92,1009.36,95.38,437.85,1,0,0,0.1527317579798711,1.5876595958798239
18.94,47.83,1005.18,78.59,455.19,0,1,0,0.06774605202631546,1.101390979198856
6.92,41.26,1011.16,96.2,483.61,0,1,0,-2.081873015507249,1.3886517422921658
23.07,65.46,1014.07,46.77,446.19,1,0,0,1.41129626477347,-1.3955172761369408
13.89,43.7,1015.12,64.99,470.88,0,1,0,-0.8534503232809992,-0.6817531179588816
14.13,53.82,1016.72,64.85,467.08,0,1,0,-0.4928902100499519,-0.7833091851440681
7.4,40.72,1022.56,87.67,484.29,0,1,0,-2.6203848313707505,-0.30057282564847954
6.17,36.25,1028.68,90.59,483.77,0,1,0,-3.412526847020352,-0.8437621454999139
10.8,41.62,1012.84,93.84,462.84,0,1,0,-1.798626595106647,1.0602855324699434
32.77,72.86,1003.6,52.87,433.84,1,0,0,3.092574326040703,0.0526993589461029
29.56,70.4,1006.49,82.95,432.85,1,0,0,1.736123604522478,1.2930951357938243
31.05,62.7,1009.35,55.27,441.67,1,0,0,2.0479389289832137,-0.5195363397855434
8.85,41.06,1020.99,86.05,486.4,0,1,0,-2.336346221474534,-0.22043731687354995
31.15,69.59,1007.82,64.96,431.37,1,0,0,2.2110651295801116,0.20212943945194123
28.18,66.56,1005.69,65.67,426.79,1,0,0,1.9590064806572416,0.46658194249022983
10.24,41.17,1019.73,82.04,479.78,0,1,0,-2.0260821958693445,-0.2988853168604321
28.38,72.39,998.93,73.85,432.02,1,0,0,2.479676147084499,1.6705051029298263
15.46,44.88,1017.52,93.32,461.2,0,1,0,-1.5757566307245643,0.5183071085602958
19.97,59.14,1016.05,70.58,450.06,1,0,0,0.11962469934380364,-0.4115869884045744
28.36,68.08,1013.34,42.82,434.54,1,0,0,2.11641464915985,-1.5350019794312053
15.09,44.34,1019.46,60.49,468.8,0,1,0,-0.9044887004956248,-1.3896517740349776
10.72,40.81,1016.51,80.26,474.64,0,1,0,-1.7362932554820676,-0.04637123764472139
16.37,52.9,1015.14,73.11,461.15,0,1,0,-0.45669071137818673,-0.20755782249427085
24.66,57.43,1013.17,71.82,445.41,1,0,0,0.5952787251650341,-0.07981762505659365
26.44,54.2,1012.65,48.02,444.78,1,0,0,1.2571560880946973,-1.2901017007684306
6.3,41.14,1027.45,86.11,481.49,0,1,0,-2.985279738689743,-0.9026288751581449
23.56,49.16,1002.54,69.07,443.02,1,0,0,0.9364578476942393,0.8764893065734872
8.73,39.42,1025.63,69.87,474.44,0,1,0,-2.312099225975896,-1.5733489100704523
14.49,42.86,1013.94,88.2,468.4,0,1,0,-1.3670121631806724,0.6341192709037311
20.26,50.32,1009.81,93.12,448.4,0,1,0,-0.408866683608621,1.3584601759235815
13.56,40.8,1024.8,63.6,475.89,0,1,0,-1.632176189183059,-1.8285655857915184
29.01,70.04,1010.02,57.35,430.26,1,0,0,2.1031428297799537,-0.41203836113469644
19.78,54.42,1011.74,89.34,456.84,0,0,0,-0.30052814202866723,0.9894798751915261
19.24,56.89,1014.29,72.97,452.64,1,0,0,0.017712258017022822,-0.10970824967874855
8.36,40.71,1026.34,82.76,487.79,0,1,0,-2.6709967967160755,-0.9722624427504774
27.08,66.05,1017.91,59.1,441.16,1,0,0,1.18428730702765,-1.1996973243085842
9.3,43.14,1010.99,88.12,477.02,0,1,0,-1.5798209151212894,0.9888975874309907
6.29,43.65,1020.68,70.14,485.8,0,1,0,-1.996573513777941,-0.9697155920711492
21.33,60.1,1010.97,78.36,451.95,1,0,0,0.4172407643324792,0.5416151478247099
14.55,40.73,1018.36,89.12,458.82,0,1,0,-1.7813515852391462,0.18280483119991375
24.54,44.89,1010.05,59.13,445.11,1,0,0,0.5768174510644869,-0.49545275989115894
24.28,71.98,1006.34,90.45,432.47,1,0,0,1.1842336010533778,1.7454317841129592
23.45,69.04,1010.5,80.77,442.48,1,0,0,0.9554383472639869,0.7747365740804664
5.62,40.62,1015.81,85.34,483.13,0,1,0,-2.2506291864377843,0.3254241544837726
20.82,57.76,1019.15,72.46,454.62,0,0,0,-0.13153615111698985,-0.6689760388902724
6.06,43.65,1014.36,83.94,480.74,0,1,0,-1.945284631115255,0.43242117728675084
21.24,44.3,1014.34,83.39,444.0,0,0,0,-0.6479819401985418,0.30772195273958225
18.32,66.86,1012.02,70.0,454.46,1,0,0,0.6137119946081967,0.07070955786437275
9.44,40.0,1015.62,81.16,471.32,0,1,0,-1.840492420089053,0.09921608718925685
17.36,43.96,1013.02,79.59,466.36,0,1,0,-0.7939239043080815,0.27903097181553166
26.95,70.79,1004.09,75.35,430.07,1,0,0,1.9001167883393169,1.1830136991491762
21.0,66.86,1013.06,59.7,451.89,1,0,0,1.033155058238209,-0.5925929747929238
29.36,78.05,1011.12,64.17,434.29,1,0,0,2.2319725097498493,-0.11757937083464125
14.84,41.23,995.02,88.0,464.85,0,1,0,-0.11485263558133567,2.668258087497791
27.21,67.45,1013.83,43.26,436.47,1,0,0,1.9488171077404621,-1.5628539939435626
25.44,75.23,1010.71,66.44,436.67,1,0,0,1.7527336873207815,0.048322231537975165
30.84,66.75,1017.54,40.69,432.03,1,0,0,2.0317835188945894,-2.129915920680577
20.55,65.46,1013.87,58.09,448.83,1,0,0,0.921136845769643,-0.7721065934426782
12.27,49.83,1007.75,92.02,467.1,0,1,0,-0.9207508870310038,1.57660561749558
24.49,65.59,1011.52,85.12,441.8,1,0,0,0.7059610934452454,0.8533615967566843
26.65,74.16,1008.27,94.54,431.47,1,0,0,1.2375018850324149,1.747817034097361
21.46,58.18,1007.45,95.33,444.12,1,0,0,0.13986214910755745,1.7846234289070795
27.24,71.25,1000.5,86.28,430.94,1,0,0,1.9034779493502356,2.1398946685257223
19.86,41.67,1012.31,53.9,462.86,0,0,0,0.031164310710449616,-1.005488705193569
34.48,74.34,1000.91,42.61,433.94,1,0,0,3.7504628615300355,-0.18387139205158043
25.16,60.23,1011.21,68.31,444.98,1,0,0,0.9853416455473922,-0.02848792089494253
18.93,59.39,1013.92,68.78,450.14,1,0,0,0.23706126194742833,-0.2634842067965711
10.55,41.26,1007.77,99.1,473.6,0,1,0,-1.6269236481758746,1.8826666502908054
21.86,63.09,1016.64,87.94,442.79,1,0,0,-0.04408792745224538,0.4393223609923807
25.57,62.96,1019.92,58.34,444.81,1,0,0,0.8062466180080409,-1.4723531209344392
13.73,50.59,1020.44,85.54,459.6,0,1,0,-1.4625782164032815,-0.14346153837536002
14.26,44.47,1028.11,66.81,465.22,0,1,0,-1.7221416399562242,-1.9984522765968216
31.28,69.51,1010.09,36.85,429.29,1,0,0,2.7980458932843306,-1.497791186808831
27.08,66.05,1017.33,54.68,439.47,1,0,0,1.339328631159926,-1.3647387437152743
11.87,44.6,1018.81,84.68,468.47,0,1,0,-1.7465860743080306,-0.04592985119323811
31.92,68.3,1015.58,41.55,430.07,1,0,0,2.300415031756497,-1.867008209954831
26.08,48.6,1003.61,57.8,438.61,1,0,0,1.341307094026881,0.15642463690957698
16.88,43.67,1011.43,73.98,463.81,0,1,0,-0.5913313494477724,0.16346463934068245
27.75,69.89,1015.41,73.01,430.33,1,0,0,1.2158487007969139,-0.18301604958900242
27.37,71.06,1008.4,87.52,432.14,1,0,0,1.3348298848848354,1.3413514932766477
22.74,58.41,1013.92,84.03,447.85,1,0,0,0.109823501749497,0.4899007171434243
27.17,73.5,1010.36,73.29,435.22,1,0,0,1.6641144678882165,0.41431875335917034
18.99,56.65,1020.46,77.16,457.55,0,0,0,-0.5436441381446814,-0.5653981585817811
27.19,71.32,1008.97,88.43,437.92,1,0,0,1.26879622542377,1.3295953161744867
27.46,67.69,1004.7,70.15,432.64,1,0,0,1.8998288012745637,0.819682235530298
16.66,41.16,1007.37,76.82,463.39,0,1,0,-0.5175647106725263,0.7334176449801499
26.39,66.05,1018.24,61.27,442.22,1,0,0,1.048134363805821,-1.1188823961475682
14.31,42.86,1031.14,69.6,465.36,0,1,0,-2.0684790868203464,-2.1976259474435174
12.1,41.58,1014.41,90.22,462.28,0,1,0,-1.7055362798411926,0.6932519270079538
11.56,39.28,1011.27,82.05,477.71,0,1,0,-1.42394437561239,0.598501872927363
10.34,41.74,1020.07,79.17,480.84,0,1,0,-1.9408825080266274,-0.4801652550232578
20.76,59.21,1017.94,80.84,447.67,0,0,0,-0.20904277089337497,-0.09250920135692829
12.09,38.25,1013.61,81.28,469.29,0,1,0,-1.5650245491676096,0.29205494630425055
7.68,38.06,1020.92,83.87,483.8,0,1,0,-2.5034422454665273,-0.34153373388528174
22.78,58.96,1013.65,57.06,452.03,1,0,0,0.8605322074986367,-0.8689236173412116
15.42,40.56,1021.23,59.37,469.33,0,1,0,-1.1353130462071732,-1.6728922383081997
21.08,46.93,1014.49,63.33,453.87,0,0,0,-0.03127537310023125,-0.7219682022359651
7.25,41.14,1024.99,95.85,477.45,0,1,0,-2.9936692658353126,-0.13843172656609437
28.25,66.54,1011.02,43.77,439.67,1,0,0,2.1727856028557206,-1.2450110091960507
29.82,43.21,1011.52,63.54,433.31,1,0,0,0.7230857197753806,-0.47743796583919595
14.55,41.7,1018.58,80.8,454.14,0,1,0,-1.5361754388657973,-0.26287119917637375
21.88,69.71,1010.28,97.64,444.39,1,0,0,0.4295652576076522,1.6857603555876974
31.07,70.98,1007.24,72.03,432.96,1,0,0,2.1205424130661052,0.6420247369434168
23.08,64.44,1014.85,69.95,448.61,1,0,0,0.7082586434147864,-0.29201470967566917
19.95,57.25,1011.08,88.04,453.03,0,0,0,-0.08275921276028632,1.0158591691107688
21.89,63.94,1019.55,55.09,447.74,1,0,0,0.6558687246788553,-1.5668178615987223
30.11,70.8,1008.57,69.25,432.33,1,0,0,2.015339544364044,0.3588024573720538
15.1,41.35,1003.84,97.89,466.14,0,1,0,-0.9478587371886324,2.217728372821069
16.59,43.56,1012.88,59.61,465.03,0,1,0,-0.3434722865333419,-0.7351932650263463
14.71,44.0,1024.98,85.08,462.87,0,1,0,-1.9697392845186095,-0.7212982091745531
18.15,41.23,993.82,61.21,456.32,1,0,-1,0.940203998086502,1.3932111456520406
12.24,34.03,1018.44,69.27,474.18,0,1,0,-1.7541606295279262,-0.8888861646897143
7.71,38.06,1021.0,83.47,482.78,0,1,0,-2.495967938456747,-0.371099783523522
28.15,72.99,1007.62,70.03,431.83,1,0,0,1.9945073228627066,0.533538647974304
25.11,56.89,1013.33,67.31,441.51,1,0,0,0.7155545806379149,-0.3375001057765091
26.82,69.23,1013.28,50.86,436.36,1,0,0,1.8340078063632783,-1.0936032124071657
20.58,54.5,1015.04,89.83,467.76,0,0,0,-0.4687599804444739,0.6506556844411714
25.04,66.48,1004.12,63.01,433.83,1,0,0,1.872859842692767,0.5210036045242876
29.56,51.43,1005.87,59.22,437.93,1,0,0,1.5621199704117583,-0.017312323236716602
18.92,44.06,1017.47,68.75,453.72,0,1,0,-0.6808863206733005,-0.7749686024661347
14.72,41.23,997.91,82.69,467.11,0,1,0,-0.1830335876206693,2.0802794367880995
22.76,57.5,1014.75,74.38,451.7,1,0,0,0.2669300074652437,-0.10613537405894094
25.74,63.73,1010.88,70.87,441.9,1,0,0,1.143126273092476,0.16383695605252574
10.34,37.5,1010.35,95.56,474.08,0,1,0,-1.8934227305840738,1.3901478942803527
14.64,44.92,1025.54,91.12,462.64,0,1,0,-2.1309652524663822,-0.462554616325475
9.41,34.69,1027.02,78.91,480.87,0,1,0,-2.795502596340696,-1.3007294616982943
4.96,45.87,1007.32,98.78,481.88,0,1,0,-1.8460148911669012,1.9904692323854596
32.73,69.88,1007.86,46.95,434.32,1,0,0,2.8221497144356293,-0.7404863280444065
9.11,36.66,1026.47,74.79,480.74,0,1,0,-2.588252454966982,-1.4356308839064613
21.52,46.21,1010.62,67.62,449.08,1,0,0,0.12504065312864598,-0.08793395601725244
19.39,51.43,1011.06,94.35,456.25,0,0,0,-0.5490977898331503,1.3007483576645968
26.99,68.12,1011.45,58.48,436.95,1,0,0,1.7247472186775201,-0.5110605433058423
30.68,71.8,1010.81,61.4,435.4,1,0,0,2.158885188634005,-0.2861968138500762
31.23,75.08,1004.93,46.19,439.14,1,0,0,3.1472231788739675,-0.40857291708851085
14.24,39.99,1009.3,83.75,466.2,0,1,0,-1.0815564675467868,0.8881666831368982
9.31,43.56,1015.09,79.96,482.55,0,1,0,-1.6267760094392474,0.12453381247766267
16.1,36.71,1013.58,74.41,471.46,0,1,0,-1.120383425704757,-0.09915904496870825
21.33,50.32,1008.58,85.3,442.44,0,1,0,-0.03235072924504599,1.0813475209691192
17.4,43.14,1018.51,75.31,457.59,0,1,0,-1.0892267481588178,-0.5465549762497903
10.59,25.36,1009.59,100.16,470.96,0,1,1,-2.476411264130921,1.6108827799549303
29.42,74.9,1004.11,64.53,434.66,1,0,0,2.5665597550759083,0.6384626832195306
18.48,50.16,1011.45,99.92,452.06,0,1,0,-0.852337039915628,1.5418353582720563
26.91,70.47,1007.55,72.59,434.24,1,0,0,1.7189356998570922,0.6614986467626713
9.59,38.91,1011.87,81.3,479.96,0,1,0,-1.6241628087566002,0.5049341358583732
25.01,68.63,1013.76,43.65,447.12,1,0,0,1.813841845908579,-1.5105614127850606
22.71,59.43,1005.68,83.52,441.24,1,0,0,0.7274233874215206,1.3691527915807746
26.55,60.23,1009.88,79.54,438.95,1,0,0,0.8972932110661822,0.6865941029495909
13.78,42.03,1017.51,84.94,467.6,0,1,0,-1.620412134349323,0.0752837898988112
28.32,71.64,1004.73,72.71,436.31,1,0,0,2.0760198640080976,0.974522453662159
23.49,73.18,1012.4,90.05,437.01,1,0,0,0.7692351895673962,1.080039765972858
22.76,49.21,1014.35,48.85,448.73,1,0,0,0.5958288775157363,-1.4473963334549789
24.96,60.84,1018.13,59.51,442.36,1,0,0,0.7538951381791916,-1.2299656303612274
20.31,45.87,1007.89,73.7,449.54,0,1,0,0.037428335923891345,0.5287253779893824
14.57,44.84,1023.46,87.2,464.58,0,1,0,-1.8960284742690356,-0.4386306155890275
27.17,61.02,1011.38,65.32,437.06,1,0,0,1.2526120333658817,-0.20873172078410956
18.96,47.83,1006.15,75.61,454.35,1,1,0,0.08113517070965405,0.8417936877954268
29.23,68.14,1004.31,81.46,428.87,1,0,0,1.7968073260227444,1.4375768454285038
16.49,41.93,1022.92,44.98,467.48,0,1,0,-0.7257926555073302,-2.5960842871787952
20.08,44.6,1014.91,36.27,461.07,1,0,0,0.4619295617540154,-2.1766580937052296
31.41,64.44,1013.84,49.49,439.3,1,0,0,1.999288012634347,-1.2952493696378145
12.12,40.0,1018.72,84.42,462.1,0,1,0,-1.9158292588575658,-0.08831529544456394
25.32,54.5,1015.5,68.17,451.52,1,0,0,0.4570988809466846,-0.550054243832506
20.21,69.94,1009.33,83.96,447.06,1,0,0,0.7241081505204421,1.0962015864238834
10.67,45.0,1022.99,85.91,481.83,0,1,0,-2.1451159802251563,-0.4261206945419005
22.44,58.16,1017.28,63.68,452.71,1,0,0,0.3767294903520699,-0.9265040327458183
17.81,45.0,1022.32,43.84,471.0,0,1,0,-0.410796648365341,-2.573901593618768
20.85,48.7,1007.11,87.2,449.57,0,1,0,-0.0928203597918265,1.329720801648827
18.34,62.1,1020.52,78.6,453.01,0,0,0,-0.3987295892646951,-0.44924672896601064
29.6,71.14,1011.46,52.69,430.55,1,0,0,2.2239320955383306,-0.8045758584446444
9.68,38.16,1015.54,79.67,475.51,0,1,0,-1.8574172975974312,0.014541079631747897
28.69,73.18,1012.23,68.57,431.36,1,0,0,1.771308985522351,-0.04592668278193475
24.47,57.85,1013.05,66.34,445.37,1,0,0,0.7494925645715678,-0.34498649618696725
19.6,48.14,1013.18,68.71,456.57,0,0,0,-0.1513551492691957,-0.28172534372283004
17.57,62.1,1019.51,86.14,453.3,0,0,0,-0.5904512360566759,0.05524895638866235
26.21,56.85,1011.45,41.37,439.55,1,0,0,1.6105903224856097,-1.4798489335222695
8.68,41.82,1032.83,73.62,478.61,0,1,0,-2.7992792135290805,-2.1440008347913406
24.94,62.96,1019.76,58.44,443.48,1,0,0,0.7625436309350513,-1.4454653385763632
20.58,50.78,1008.87,91.18,445.03,0,1,0,-0.2473937517599326,1.3621688380405519
17.79,40.12,1012.74,79.03,459.13,0,1,0,-0.8940102350450463,0.2467364118191684
22.71,48.06,1012.82,67.81,445.1,1,0,0,0.14986897048973324,-0.3108868223957003
26.7,49.02,1007.68,67.97,438.92,1,0,0,0.8677651649449232,0.23748119987649235
27.43,63.87,1017.6,43.33,442.71,1,0,0,1.5502815317108172,-2.000053243445547
30.26,71.77,1006.24,58.98,429.27,1,0,0,2.497702978945573,0.08906974926422352
29.08,67.07,1005.73,57.18,435.57,1,0,0,2.274899191010864,0.021872886651649555
22.64,62.44,1011.82,75.07,448.13,1,0,0,0.6565514941624733,0.28911388867232557
23.75,68.51,1013.21,76.01,441.61,1,0,0,0.8964558084299492,0.22761205290181077
15.6,43.71,1024.88,80.37,463.34,0,1,0,-1.77917285372455,-0.9619901521878024
28.55,66.51,1015.46,34.04,432.59,1,0,0,2.1477716833037843,-2.233054067157874
29.86,59.57,1011.24,64.02,439.44,1,0,0,1.4542227585201097,-0.2906630987511173
15.63,37.87,1020.4,74.77,465.28,0,1,0,-1.5824076354286019,-0.8105710280291412
7.79,42.03,1017.74,91.48,477.26,0,1,0,-2.3013848370634125,0.4288087225297126
30.06,69.14,1007.5,72.48,436.89,1,0,0,1.9265722883627923,0.6290278901653432
10.12,38.38,1018.22,85.93,477.73,0,1,0,-2.15769560447675,0.04469656400508177
10.86,44.85,1014.15,88.36,476.87,0,1,0,-1.5973828707054212,0.6603467494655068
26.37,70.79,1005.31,77.3,428.5,1,0,0,1.7181141260145647,1.1548170616085505
23.05,65.94,1010.99,69.73,442.39,1,0,0,1.0408275918298187,0.12918682567359974
25.89,48.41,1008.59,65.38,442.12,1,0,0,0.7796542330235824,0.005308535322922256
22.77,69.84,1005.75,84.26,436.75,1,0,0,1.1672282312804063,1.4831787032362118
21.5,44.58,1016.87,57.58,460.2,0,1,0,-0.11222663567428756,-1.2997535756216732
11.01,40.22,1011.13,83.09,476.69,0,1,0,-1.4455277670949307,0.6787665827994094
13.53,42.86,1014.0,90.63,471.73,0,1,0,-1.5138362932104326,0.7595992407112353
13.93,42.86,1032.37,71.11,468.88,0,1,0,-2.2231585453346576,-2.2509937317499764
9.96,41.55,1002.59,65.86,475.91,0,1,0,-0.4410860503217458,0.7369460842614421
18.25,60.1,1009.72,90.15,456.25,0,0,0,-0.05983492418392215,1.3074393644666105
22.59,66.54,1005.11,92.62,436.69,1,0,0,0.8320582312890108,1.9591103800198548
24.99,48.92,1010.03,41.26,443.12,1,0,0,1.2599588870077325,-1.3864612560268783
23.78,58.86,1015.7,62.95,443.79,1,0,0,0.6449861846477389,-0.7956803508806081
10.31,42.49,1009.43,78.36,479.64,0,1,0,-1.1637223384143962,0.6427327917859383
15.25,52.9,1014.86,76.87,463.93,0,1,0,-0.6282946564945118,0.024697947486146045
22.49,61.27,1019.6,57.1,448.51,1,0,0,0.5317424022271444,-1.4940982422249809
14.04,44.21,1021.93,86.12,468.64,0,1,0,-1.8350165310130058,-0.32925673346164763
20.65,48.41,1008.38,91.02,447.35,0,1,0,-0.30851835582467557,1.3876902711293757
24.79,75.6,1017.07,68.23,440.05,1,0,0,1.2350171182550995,-0.5443126777244688
19.7,54.42,1011.83,89.86,450.48,0,0,0,-0.32685510032091225,1.0070734017589458
15.48,41.66,1009.55,66.74,467.06,0,1,0,-0.4781402979866177,-0.012247597561046533
11.09,41.58,1020.99,91.09,464.81,0,1,0,-2.260237397839349,0.02864624296225849
27.22,69.04,1008.89,70.62,440.85,1,0,0,1.6415961385926672,0.4002592336003184
26.64,62.44,1011.81,72.46,438.67,1,0,0,1.0555824003115009,0.1281262460502811
15.21,35.4,1016.31,58.26,468.18,0,1,0,-1.0157063514315954,-1.2346442497998187
31.85,73.21,1000.98,72.2,435.94,1,0,0,2.7055847339720294,1.345015570552412
12.54,41.62,1010.86,83.42,461.08,0,1,0,-1.2477377810678703,0.7260240778461887
14.17,42.99,1007.38,78.88,470.68,0,1,0,-0.6969108879056827,0.8704341579319056
11.48,41.14,1027.67,90.5,464.07,0,1,0,-2.6874524455651523,-0.7353324239959838
14.87,41.2,1016.27,70.51,467.01,0,1,0,-1.105431842282713,-0.5488165257543627
29.5,72.86,1004.63,52.17,439.43,1,0,0,2.7707480602173917,-0.07324221162708565
25.77,63.31,1012.76,65.98,439.98,1,0,0,1.1266924932266267,-0.29689888779027696
25.99,71.32,1007.17,83.23,432.41,1,0,0,1.4283514272139435,1.265315955919465
18.8,44.71,1016.56,31.29,459.85,1,0,0,0.3787719311389682,-2.6037784487112297
21.23,61.5,1008.98,82.14,450.92,1,0,0,0.5076085406030755,0.9653940075153554
25.09,65.38,1009.99,54.28,453.58,1,0,0,1.656412853997274,-0.5780198913461874
23.54,70.32,1010.89,80.76,434.45,1,0,0,0.9929722801711248,0.7414531855237461
13.71,43.41,1015.45,69.26,466.06,0,1,0,-1.015170065424032,-0.49834217922062174
12.6,40.35,1011.89,80.88,475.42,0,1,0,-1.302627882707298,0.4721066575988392
21.19,52.3,1008.24,79.19,447.06,1,1,0,0.2262295318573099,0.8198313023030894
25.21,51.43,1006.43,78.55,439.01,1,1,0,0.6597949212257113,0.9493858532969103
25.87,63.47,1011.54,65.45,445.87,1,0,0,1.2390257343814353,-0.1908235673087917
29.48,73.21,1000.67,79.35,433.53,1,0,0,2.344271226665691,1.7640936913290566
11.62,41.54,1019.94,66.43,477.75,0,1,0,-1.5022821883900512,-1.1340948970043572
14.57,25.88,1008.92,69.16,464.11,0,1,2,-1.269251574859547,0.060391547269553654
9.73,41.01,1021.76,97.71,469.11,0,1,0,-2.623100982640581,0.2912808151979378
24.25,50.78,1008.82,60.55,443.8,1,0,0,0.8593152500882122,-0.23879579337249968
19.44,60.07,1014.8,69.06,452.89,1,0,0,0.24182282246671372,-0.3428490685873834
13.32,44.2,1020.02,78.78,465.57,0,1,0,-1.5728648913616634,-0.4954012518271744
30.57,69.82,1009.86,52.94,437.62,1,0,0,2.348346507270533,-0.6347234371402855
26.88,79.74,1006.54,93.7,434.77,1,0,0,1.6423957879087723,1.9361864836366804
13.93,40.24,1017.88,88.35,469.25,0,1,0,-1.801282047343761,0.19560304860658528
28.56,65.27,1013.28,49.95,437.45,1,0,0,1.826810384781178,-1.1843704660724637
27.26,66.56,1007.83,60.95,434.88,1,0,0,1.8605115872451525,-0.0038117504466005283
12.68,41.16,1020.09,83.32,464.93,0,1,0,-1.883124441724881,-0.28875109329890775
17.03,58.49,1011.91,92.16,460.48,0,0,0,-0.4333433529864768,1.1681321162599525
16.66,36.71,1013.68,70.66,466.07,0,1,0,-0.9829895640659331,-0.30747415985323207
14.07,42.86,1032.16,71.53,467.47,0,1,0,-2.2082611872893843,-2.207402439622397
12.41,45.87,1004.78,80.02,468.14,0,1,0,-0.5677296263202277,1.2475974378770047
7.79,41.16,1023.17,97.11,471.82,0,1,0,-2.857060306898491,0.12124902463939537
26.8,72.58,1009.22,89.03,431.18,1,0,0,1.25943562299248,1.3461658941964378
14.68,58.2,1018.5,83.3,458.51,0,0,0,-0.8578575382228195,0.006927128056073881
27.3,56.85,1011.66,36.09,440.01,1,0,0,1.8242095427941274,-1.782751166772916
8.99,36.3,1027.08,73.98,478.95,0,1,0,-2.634450721211721,-1.5459446520210718
21.39,51.3,1013.39,89.05,452.7,0,0,0,-0.4101142653264778,0.758725937318712
27.37,76.2,1006.03,67.07,435.64,1,0,0,2.2574018567912066,0.585026264892863
25.02,50.78,1008.79,63.06,444.7,1,0,0,0.8593253550169355,-0.11120685836073889
6.8,41.16,1023.17,95.4,477.8,0,1,0,-2.894087940526555,0.039731159936276746
11.01,40.05,1015.46,89.22,474.2,0,1,0,-1.9084119464487144,0.522425506635465
27.91,64.79,1017.7,48.29,440.53,1,0,0,1.4940336676591712,-1.750740426034133
16.52,42.24,1017.51,67.65,469.13,0,1,0,-0.933199048088629,-0.8343755718895626
29.23,69.59,1009.0,71.41,437.95,1,0,0,1.8036010445925375,0.41976477142354185
25.91,68.08,1010.92,74.25,432.07,1,0,0,1.257893204791181,0.36785895715818634
15.55,40.66,1016.21,88.5,457.53,0,1,0,-1.539119096689763,0.3774889909292116
32.67,67.83,1007.81,42.16,425.75,1,0,0,2.855391881469804,-0.9984384100320951
11.1,40.92,1021.98,94.14,462.07,0,1,0,-2.435705042453111,0.07293379722155315
21.89,45.38,1014.42,68.95,459.45,0,0,0,-0.1748411173792526,-0.44222301690110966
32.48,69.75,1009.05,40.47,438.17,1,0,0,2.8839816112839536,-1.2039336077775629
9.99,43.52,1022.95,99.67,473.64,0,1,0,-2.6233263938838833,0.2813457485338069
18.87,62.96,1020.55,82.87,455.22,0,0,0,-0.4306932002944291,-0.22875992165203873
20.77,52.05,1012.22,45.61,455.02,1,0,0,0.7866733028367829,-1.3462827728852327
6.61,38.68,1017.5,63.88,483.88,0,1,0,-1.808899321725456,-0.9888860935294885
31.53,70.94,1007.11,50.04,431.84,1,0,0,2.7402276183232934,-0.4825626171655808
12.93,43.13,1014.91,55.7,474.88,0,1,0,-0.7007428296150873,-1.1365350347727008
12.38,43.52,1022.98,100.0,467.55,0,1,0,-2.4367318034405736,0.27878653347441973
32.2,69.68,1012.12,42.47,437.35,1,0,0,2.5962197198353785,-1.4335881445494085
7.65,40.67,1020.14,72.37,491.1,0,1,0,-2.037163614566141,-0.8290893994290096
15.51,36.71,1014.05,72.92,465.85,0,1,0,-1.1621883285653611,-0.22322499259589118
13.26,41.74,1021.89,63.32,473.44,0,1,0,-1.409782130140578,-1.516562515673937
21.16,78.11,1006.73,78.11,435.71,1,0,0,1.4928478705891177,1.1365878005771146
21.61,64.63,1020.86,69.73,451.02,1,0,0,0.19131100833768544,-0.9461594590969977
13.95,41.49,1019.95,86.46,465.24,0,1,0,-1.8362596801908948,-0.11741861286318044
27.97,68.31,1010.64,55.91,443.34,1,0,0,1.9363900278504314,-0.5607154292948521
26.63,64.44,1012.66,61.19,442.0,1,0,0,1.3794790451949246,-0.5300777890725953
24.2,63.21,1012.25,79.86,449.03,1,0,0,0.6647739871009278,0.48513275477416223
8.23,43.79,1016.11,82.11,484.67,0,1,0,-1.8314975072691337,0.13370724100703804
21.06,62.91,1011.92,75.52,455.22,1,0,0,0.5282882571862794,0.3160394254859952
16.02,44.9,1009.3,82.62,455.48,0,1,0,-0.6886380937961359,0.8572168078951727
23.15,66.48,1003.71,76.0,435.62,1,0,0,1.4053772036491041,1.2491913158289727
24.44,69.13,1011.1,87.62,434.34,1,0,0,0.8212148288126927,1.0570146386111507
26.19,49.3,1003.69,65.88,440.13,1,0,0,1.1646562004074863,0.5697469998881834
20.09,63.94,1020.82,74.16,449.47,1,0,0,-0.0775989916497251,-0.7082695290815333
26.71,70.4,1007.59,82.63,432.64,1,0,0,1.43426068084968,1.1762806301200228
10.63,37.5,1008.93,98.14,474.81,0,1,0,-1.8400933838094347,1.6759717494814261
26.14,71.98,1005.98,82.45,428.91,1,0,0,1.5713432078282343,1.358904095890955
25.9,59.54,1007.3,78.38,439.36,1,0,0,1.0194317931724164,0.9064970839766238
15.93,52.75,1024.57,58.71,457.92,0,1,0,-0.7662446554586317,-1.9759140432416882
13.09,43.02,1013.17,46.73,470.14,0,0,0,-0.3393643168095601,-1.4121589823472847
21.47,60.77,1018.06,85.73,444.02,0,0,0,-0.21762485562375794,0.15459592878466166
13.57,42.99,1007.51,88.95,472.04,0,1,0,-1.018434315001853,1.3802627322089234
22.32,64.27,1014.35,82.98,446.62,1,0,0,0.33163830282396445,0.43894704199321044
22.08,41.54,1014.21,73.73,458.74,0,0,0,-0.4390477635453368,-0.20481141824113436
32.13,74.34,1003.34,56.39,436.3,1,0,0,3.030747020964814,0.27902900121673113
18.32,42.28,1007.86,45.62,460.27,1,0,0,0.4507033953967839,-0.9330137728012368
10.18,35.76,1019.71,66.7,473.31,0,1,0,-1.8673417684536657,-1.1318330690030278
23.07,69.23,1011.78,76.06,437.08,1,0,0,0.9682611405111454,0.39633575023847334
15.16,50.88,1013.88,100.11,460.03,0,1,0,-1.2652507693596071,1.3155528448336955
12.24,41.2,1012.48,89.85,473.22,0,1,0,-1.5694846263610573,0.8802684018237008
31.04,68.31,1010.54,42.74,441.56,1,0,0,2.5407400255880326,-1.2507302267612699
32.34,74.99,1002.77,42.83,433.07,1,0,0,3.469933422961273,-0.3551704669335438
13.97,45.01,1017.44,89.15,461.96,0,1,0,-1.5785849736006123,0.322960693360344
26.24,51.43,1011.32,59.52,447.91,1,0,0,0.9086933856055152,-0.5725292684508075
13.82,41.62,1011.48,77.66,454.88,0,1,0,-1.033846309243488,0.35240245757516153
9.55,39.66,1018.8,74.88,480.74,0,1,0,-1.8991043628465658,-0.5747257351448786
16.9,54.3,1017.97,60.57,460.57,0,1,0,-0.21648159637484687,-1.1554305539614957
24.47,58.05,1011.27,71.7,446.93,1,0,0,0.7396037332225788,0.12714904307119543
11.6,40.69,1015.51,86.55,474.99,0,1,0,-1.7651378344087938,0.38026170217212385
21.47,65.61,1015.92,76.22,447.42,1,0,0,0.39016764015059546,-0.0643892019534177
4.15,39.9,1007.62,95.69,489.8,0,1,0,-2.115787043116677,1.7557238595495184
26.45,71.37,1008.0,77.06,438.36,1,0,0,1.573163592803519,0.8536681867708755
33.6,77.17,1009.01,47.53,430.32,1,0,0,3.1218028444637085,-0.782975958672611
16.2,38.73,1002.14,75.03,467.89,0,1,0,-0.2593265587509618,1.1940102321343262
23.73,63.94,1010.7,87.1,441.78,1,0,0,0.574652928592294,1.0367653203028286
27.45,66.25,1009.3,77.58,437.37,1,0,0,1.3277487927756424,0.6908972946101548
33.42,68.51,1011.91,45.83,427.66,1,0,0,2.57184839212855,-1.255017228310762
28.91,70.72,1009.7,67.5,439.94,1,0,0,1.881457254231296,0.15297698589031108
26.51,67.25,1017.85,64.17,435.52,1,0,0,1.061754460774911,-0.9178553691603244
5.66,40.0,1022.08,93.03,475.54,0,1,0,-2.9030794448248436,0.034498299500298264
17.99,50.59,1015.9,77.28,462.2,0,1,0,-0.585606029601353,-0.10469725142946727
10.77,41.46,1021.42,87.18,479.22,0,1,0,-2.219084083562645,-0.21881314482908798
10.03,41.79,1020.35,66.42,475.42,0,1,0,-1.650184942737254,-1.166373949424318
8.69,40.81,1026.19,86.25,484.55,0,1,0,-2.7203211042629567,-0.7772018384984073
17.67,43.96,1011.68,82.13,466.31,0,1,0,-0.7433527477887576,0.5539428012370184
9.98,41.01,1017.83,98.07,466.05,0,1,0,-2.343938087221421,0.7360517504182469
31.87,70.94,1006.94,50.78,429.41,1,0,0,2.76054337488615,-0.42817235863773484
15.74,43.34,1013.38,81.45,463.24,0,1,0,-1.028115765585123,0.3419352857384272
22.49,62.96,1020.21,78.99,447.48,1,0,0,-0.007341616198085558,-0.416787440197039
32.21,70.94,1006.76,47.56,430.06,1,0,0,2.8850193169103564,-0.5771359971894551
25.4,69.59,1008.58,82.22,432.58,1,0,0,1.2336440513715463,1.0497496455562063
10.87,42.02,1002.08,95.22,472.63,0,1,0,-1.0776891880104347,2.3058094925652037
23.55,51.95,1006.0,76.46,449.54,1,1,0,0.6296395185661025,0.9038340393727715
27.29,67.32,1013.92,33.41,437.26,1,0,0,2.2009421013167794,-2.0827722057875278
19.36,68.61,1010.85,94.87,454.5,1,0,0,0.20659665696913412,1.4890502389345806
10.2,41.01,1021.39,96.64,468.27,0,1,0,-2.531123071474058,0.273113826685886
11.03,44.78,1013.16,83.85,470.17,0,1,0,-1.40109210612191,0.5335737946725295
8.97,44.03,1013.16,80.39,474.61,0,1,0,-1.5137715053132805,0.36297827598707894
8.48,36.18,1013.31,75.15,480.63,0,1,0,-1.7736103320539212,0.016236819552233196
26.56,56.57,1013.73,63.9,442.74,1,0,0,0.8829602861356687,-0.5695842547618528
30.65,71.06,1008.61,76.76,432.08,1,0,0,1.872402238259495,0.7405703881651345
6.44,39.33,1011.8,93.5,490.57,0,1,0,-2.17966147664073,1.167309921555795
21.6,43.43,1010.28,61.87,446.4,1,0,0,0.18251035379607553,-0.37070983840517463
19.46,42.04,1011.3,60.45,466.24,0,0,0,-0.08783632603584784,-0.5516513450071784
12.19,40.05,1014.65,85.1,472.68,0,1,0,-1.6481356759227295,0.38985189094819284
23.92,63.21,1012.52,86.51,445.26,1,0,0,0.4494852911959412,0.8009677626417239
27.11,66.49,1013.71,39.28,435.79,1,0,0,2.010420683863623,-1.762313399647882
23.73,61.02,1009.71,78.7,442.22,1,0,0,0.7329092837996197,0.6873681038978212
28.36,60.23,1010.05,53.03,441.08,1,0,0,1.7278253351287913,-0.7129123485079483
24.38,60.84,1017.85,62.23,440.85,1,0,0,0.6540372486085072,-1.0550914440235852
23.07,57.17,1009.84,76.8,444.08,1,0,0,0.5494797190740854,0.5486200740788916
15.07,50.88,1014.33,100.12,464.37,0,1,0,-1.303620068880835,1.2676886179160871
29.58,66.51,1015.57,32.95,435.47,1,0,0,2.2537678719440164,-2.3083415961131917
25.39,70.36,1006.76,73.62,436.5,1,0,0,1.615574955779079,0.8101879684880041
14.79,47.83,1007.27,92.04,463.22,0,1,0,-0.7687327440190687,1.596571798677853
10.61,40.77,1022.09,83.62,471.26,0,1,0,-2.21536366150879,-0.4800185994284687
19.12,44.85,1014.66,43.66,463.71,1,0,0,0.2176531293325612,-1.7593423246838849
20.23,69.45,1013.0,89.79,445.82,1,0,0,0.3016024966445657,0.9935181053243237
29.03,43.21,1011.83,65.23,434.11,1,0,0,0.592585469412495,-0.41854314183003705
15.72,43.02,1011.98,45.74,466.33,0,0,0,-0.015292072658326982,-1.3516735275768055
20.72,68.61,1011.25,87.1,447.89,1,0,0,0.4946131638163532,1.0350651843647796
17.54,58.49,1012.35,91.56,453.02,0,0,0,-0.4055689071949606,1.0857647255738059
27.71,72.99,1007.18,72.68,433.01,1,0,0,1.9189420861205118,0.7212629896167797
24.49,65.06,1014.07,63.32,441.4,1,0,0,1.0783965789716063,-0.5540156362935265
15.98,44.68,1018.48,85.94,462.77,0,1,0,-1.4142590051225896,0.02761278481379493
28.85,71.32,1009.09,76.9,435.13,1,0,0,1.698915597757425,0.7099292483296151
21.23,57.32,1010.99,75.17,443.87,1,0,0,0.36841495451141665,0.35303774910268465
27.78,73.56,1007.05,95.32,436.5,1,0,0,1.3671092945124228,1.9083642771237248
25.27,69.89,1015.21,79.33,436.33,1,0,0,0.8596453206632269,0.181986629582632
30.46,66.75,1017.81,54.48,432.45,1,0,0,1.621666418786236,-1.4447813049479636
26.13,47.93,1002.81,66.19,441.28,1,0,0,1.151197883927648,0.6709391097539327
25.95,59.14,1016.42,67.03,438.46,1,0,0,0.6807343736852426,-0.6760062756150607
13.66,40.55,1005.46,96.02,467.7,0,1,0,-1.163564682290389,1.948197241281733
17.79,45.01,1015.71,67.13,454.4,0,0,0,-0.5699451573135987,-0.6516046106107873
20.1,59.87,1018.97,87.23,444.71,0,0,0,-0.4716175467668227,0.13506769216325287
23.21,62.44,1011.78,76.66,442.47,1,0,0,0.6647764367811217,0.3716613314050774
29.23,66.51,1011.11,53.12,439.61,1,0,0,2.0018891022250025,-0.7790357313237593
20.16,60.1,1011.24,86.23,453.36,1,0,0,0.09661454642293425,0.9265159736988708
24.21,71.77,1004.52,84.96,433.42,1,0,0,1.436738366644488,1.6589458600676312
26.13,57.32,1012.27,45.78,441.6,1,0,0,1.4535664891318103,-1.337122183886735
19.07,49.69,1007.22,76.79,453.09,1,1,0,0.06843502459631563,0.8004441278224754
9.68,41.06,1022.75,87.44,476.67,0,1,0,-2.4241542026282903,-0.34597341537832094
16.18,43.99,1021.97,80.96,460.81,0,1,0,-1.5359786982662043,-0.6164006254860931
11.57,39.72,1002.26,78.69,474.72,0,1,0,-0.7016449492235314,1.4095085306488857
23.24,68.31,1009.71,80.8,440.78,1,0,0,0.9589969002361052,0.8578541897325191
5.02,40.64,1021.2,93.27,485.28,0,1,0,-2.8739619741356317,0.15223011165756906
22.27,50.05,1007.1,89.34,442.24,1,1,0,0.028663157911121798,1.4424634157068106
34.51,73.03,1013.73,39.42,439.8,1,0,0,2.9045107802831938,-1.755143657700268
2.71,39.42,1026.66,81.11,489.3,0,1,0,-3.1729049654203703,-1.0640753571941635
12.93,36.71,1013.22,83.44,472.42,0,1,0,-1.5934436872925637,0.42788768292630625
28.75,57.55,1004.77,57.55,435.33,1,0,0,1.883720473354771,0.07106874823099808
10.03,42.02,998.6,99.9,471.07,0,1,0,-1.0320566898380301,2.9320608431071853
13.33,39.39,1013.93,84.74,471.23,0,1,0,-1.5246474959125462,0.4365534315245553
23.29,49.3,1003.88,74.12,442.11,1,1,0,0.6970269353239706,0.9942803661389612
9.43,41.4,1028.81,85.83,475.8,0,1,0,-2.800880464280212,-1.0844509703870737
24.97,59.87,1018.7,59.94,443.7,1,0,0,0.6618573931174558,-1.2777086742629524
8.95,38.56,1017.85,64.34,475.43,0,1,0,-1.6569358763617281,-1.0201999804604933
10.59,37.5,1013.14,81.56,471.38,0,1,0,-1.6971697053491128,0.36189096717672
29.33,64.84,1010.76,53.32,443.15,1,0,0,1.9551506797934575,-0.7447380366016967
11.42,41.54,1020.21,71.57,477.5,0,1,0,-1.671510256803305,-0.8967631715564266
27.66,69.75,1009.71,84.27,439.18,1,0,0,1.2966230934414884,1.0183992187117696
13.45,45.87,1008.73,87.06,464.88,0,1,0,-0.935152264359123,1.173874325622893
27.76,65.59,1010.8,67.29,439.03,1,0,0,1.490858289074058,-0.011096442796991226
23.96,58.33,1013.37,59.97,446.01,1,0,0,0.8731985315425977,-0.7013402667234948
13.04,45.09,1013.0,87.68,467.44,0,1,0,-1.3106986258256719,0.7374892654171168
8.91,40.69,1015.11,89.65,481.59,0,1,0,-2.040897006305106,0.6022362080258187
24.22,49.82,1014.61,66.82,452.2,1,0,0,0.25592818163410347,-0.5530305703023188
29.71,71.85,1008.81,70.86,428.49,1,0,0,1.9701845243790823,0.42698178984906865
21.96,69.94,1011.09,80.27,441.15,1,0,0,0.8449791209393254,0.7021147038183942
26.85,66.86,1006.78,69.4,438.26,1,0,0,1.6906777302918925,0.5519764147510424
22.91,68.63,1014.92,55.82,448.01,1,0,0,1.2434158449377135,-0.9942125517218863
28.37,63.31,1013.18,49.02,437.64,1,0,0,1.7558342587695164,-1.235985435420366
9.04,40.11,1023.3,76.32,473.57,0,1,0,-2.265783552995263,-0.983227801937509
28.23,62.26,1010.88,60.86,435.76,1,0,0,1.5454033184277194,-0.3818026901642009
28.84,74.9,1004.38,66.86,436.42,1,0,0,2.439395543780844,0.7333190668774241
31.25,73.5,1010.81,45.2,432.25,1,0,0,2.70420253976967,-1.112754145960116
13.04,40.69,1015.96,82.37,473.49,0,1,0,-1.5677372082182714,0.10562682561045235
17.48,52.9,1020.03,76.47,458.34,0,0,0,-0.7862604370497106,-0.5740923493292321
26.78,73.06,1007.99,90.47,433.25,1,0,0,1.3251766516493486,1.5584326053568425
20.51,68.08,1012.73,78.05,445.96,1,0,0,0.5894962129637272,0.4038665036025755
19.8,67.71,1005.58,69.65,446.03,1,0,0,1.221547851894961,0.7505537641418543
14.39,42.77,1017.36,83.28,463.65,0,1,0,-1.4838352410338815,0.007707797228726674
26.35,59.87,1013.24,73.63,447.26,1,0,0,0.7902727626722538,0.014113061246251906
7.87,43.02,1014.67,83.58,485.61,0,1,0,-1.8353964578969018,0.3626414947255384
27.56,65.59,1010.88,66.47,439.64,1,0,0,1.490324100937448,-0.06077432581137889
33.76,68.51,1011.33,38.35,429.83,1,0,0,2.834912843146679,-1.5803601453588954
23.74,62.96,1019.65,63.39,449.48,1,0,0,0.5416508518696598,-1.1697362894955359
16.68,53.16,1014.32,78.02,456.29,0,1,0,-0.4920388591973312,0.13518724372454305
13.58,39.28,1016.17,79.17,472.17,0,1,0,-1.5160304299215617,-0.09749115086846995
21.99,42.48,1011.77,74.04,456.65,0,0,0,-0.24678141551684257,0.08504371739899406
23.68,59.27,1010.75,83.82,440.44,1,0,0,0.44693305571963327,0.8247093977150604
16.73,54.3,1017.96,59.44,460.54,0,1,0,-0.20030316108471502,-1.2115186796039474
11.12,44.92,1025.58,93.52,470.82,0,1,0,-2.4869362840592633,-0.3189546066191634
10.45,39.61,1020.23,73.39,477.41,0,1,0,-1.8855837358257355,-0.8138984759582877
6.38,40.07,1018.53,60.2,492.96,0,1,0,-1.740660305610089,-1.278250265708011
5.19,40.78,1025.24,95.07,482.46,0,1,0,-3.1762292360409163,-0.1947452414717712
14.66,47.83,1006.15,91.98,461.46,0,1,0,-0.7015363849768553,1.7163065771786785
23.49,49.3,1003.35,77.96,442.76,1,1,0,0.6493254392981956,1.2488670332992515
24.31,65.34,1013.82,63.85,449.88,1,0,0,1.0790796189461456,-0.4959483988269539
16.57,41.79,1005.82,72.25,452.84,0,1,0,-0.27212453608899817,0.6719341740381455
14.43,44.84,1024.34,84.0,467.45,0,1,0,-1.883960518337379,-0.6986935445066613
15.34,71.14,1019.79,77.56,457.1,0,0,0,-0.17083420782156095,-0.3301417242335782
9.75,52.72,1026.03,78.53,473.41,0,1,0,-1.8950983138975888,-1.0696476385661615
26.05,58.59,1012.32,49.83,452.41,1,0,0,1.3937169605984894,-1.1227004503409883
10.5,40.8,1024.06,76.05,482.85,0,1,0,-2.159617838652189,-1.0843323861150667
9.87,42.74,1024.61,87.74,470.9,0,1,0,-2.4690520068588215,-0.5207653892724441
24.31,65.94,1011.5,61.61,442.69,1,0,0,1.3222367563057478,-0.3541610643615592
24.67,58.05,1011.31,69.95,444.57,1,0,0,0.79911312137673,0.03108024268994198
24.18,66.48,1004.0,64.86,434.5,1,0,0,1.76171719753236,0.6354548655427918
27.53,67.83,1009.4,53.73,429.05,1,0,0,2.02041623220469,-0.539112675232431
15.21,52.75,1024.32,61.11,458.84,0,1,0,-0.8713411252819074,-1.819870285418646
31.16,64.96,1001.71,44.85,425.82,1,0,0,2.949814905157799,-0.20820272561011666
20.15,65.59,1014.62,79.39,449.84,1,0,0,0.28613238124007795,0.2496683714056313
17.51,58.86,1016.78,83.63,453.2,0,0,0,-0.48653844060809864,0.19721571628020873
25.56,60.32,1016.28,59.84,445.01,1,0,0,0.8979955474323892,-1.0197912699841905
8.51,40.81,1015.54,83.16,481.02,0,1,0,-1.9283476316859716,0.22405913658324358
8.96,40.05,1015.91,89.4,467.24,0,1,0,-2.1129957531565653,0.4967296160379455
27.14,71.32,1007.8,87.99,431.96,1,0,0,1.3559341329390602,1.4346091909819265
28.97,64.44,1014.55,54.67,438.08,1,0,0,1.6141342317988456,-1.0884543387845254
5.21,41.31,1003.51,91.23,486.46,0,1,0,-1.5693815508992859,1.9770744331776304
13.69,40.1,1014.38,83.57,470.76,0,1,0,-1.4637378527590903,0.3304138874418895
18.34,45.64,1019.05,82.53,460.58,0,1,0,-1.126901496872059,-0.21888783857802274
24.01,42.48,1011.39,55.1,453.12,1,0,0,0.4407698171641633,-0.8651983298214282
25.54,69.13,1001.64,90.98,428.74,1,0,0,1.4691604083451655,2.25295806632023
25.5,63.56,1013.85,64.69,442.28,1,0,0,1.0748255725596605,-0.47831689149739687
29.07,72.51,1009.24,58.38,439.8,1,0,0,2.243257041853349,-0.2544511020687616
14.38,40.71,1023.46,66.12,473.41,0,1,0,-1.54295658446797,-1.5588958425409747
25.89,66.49,1013.08,63.16,434.67,1,0,0,1.3286710531730033,-0.45253278251476553
22.66,63.73,1013.24,83.95,444.41,1,0,0,0.38622255488237267,0.6032077473963701
17.29,52.72,1024.71,62.32,467.23,0,1,0,-0.7591945607089869,-1.8143177006238558
13.43,50.59,1020.38,86.3,469.33,0,1,0,-1.5031081461358464,-0.09564258178777262
13.94,44.84,1023.69,95.3,468.06,0,1,0,-2.175367813957526,-0.04119001016311307
24.31,66.49,1011.38,54.35,440.79,1,0,0,1.5443771373315365,-0.7114769089200317
28.45,52.84,1006.18,43.16,439.86,1,0,0,1.9311964956604413,-0.8612516131771115
11.67,37.73,1021.2,68.88,473.54,0,1,0,-1.8160565758045426,-1.17582758117813
26.09,49.3,1003.79,66.19,439.82,1,0,0,1.141484226047798,0.5755467323338687
27.66,59.21,1013.12,51.58,438.57,1,0,0,1.4536654792774961,-1.1254624988424056
8.01,40.46,1019.42,76.15,475.42,0,1,0,-2.06639631554242,-0.5596981644506885
24.22,56.89,1013.81,70.02,440.79,1,0,0,0.5385570142482188,-0.24377193197162172
14.77,58.2,1018.78,83.83,460.54,0,0,0,-0.8833681784726166,0.0031884373693123
22.73,43.79,1015.61,42.66,460.2,1,0,0,0.43024004793090803,-1.947607868330994
8.95,43.13,1017.56,94.85,479.14,0,1,0,-2.2329339678580364,0.6233245419039798
16.8,56.03,1020.65,85.26,461.96,0,0,0,-0.9763488092033716,-0.15793781231911874
21.8,51.3,1012.07,89.51,450.25,0,0,0,-0.29830066472425426,0.9233929032782003
25.28,49.5,1013.95,52.79,454.01,1,0,0,0.7409224785838515,-1.2153166978956096
23.19,67.07,1005.67,65.19,442.45,1,0,0,1.5835390773354934,0.482180997644554
19.27,50.12,1007.61,100.11,447.63,0,1,0,-0.5320614600530478,1.964018859867919
25.87,44.57,1007.43,55.92,445.79,1,0,0,0.9349872427304422,-0.38757788350366096
14.27,44.34,1018.95,71.44,470.98,0,1,0,-1.2235321285512122,-0.7632059551280372
15.66,41.7,1018.0,77.0,452.58,0,1,0,-1.3057193624876466,-0.40348802245224247
30.16,73.17,1010.74,58.99,434.43,1,0,0,2.244115239362351,-0.38840784819172935
13.42,40.35,1011.2,77.0,472.57,0,1,0,-1.086517548097951,0.34131777161473137
22.49,61.47,1009.14,90.23,437.01,1,0,0,0.38797491836917314,1.356784721940819
27.2,59.74,1011.99,56.74,440.13,1,0,0,1.3812700151442991,-0.7286223741646691
27.08,62.91,1011.9,62.58,442.91,1,0,0,1.3646577275602085,-0.3909674332032349
23.5,50.78,1008.7,57.7,445.09,1,0,0,0.8800669503661179,-0.3677427307500589
12.88,38.53,1010.95,87.16,466.92,0,1,0,-1.459774444105298,0.8820964771149604
30.05,69.34,1008.26,61.5,436.82,1,0,0,2.169667496521212,-0.01890440095059142
24.76,63.07,1012.73,70.39,443.04,1,0,0,0.9195569928904905,-0.0609900850898234
21.51,65.48,1017.11,72.99,448.65,1,0,0,0.391009760525006,-0.36203035849631127
25.05,58.59,1013.37,66.14,442.93,1,0,0,0.813399005494371,-0.38815517821104467
30.81,71.97,1008.36,75.0,430.53,1,0,0,1.9887633944981642,0.6831635758850401
7.57,37.49,1009.73,83.07,481.98,0,1,0,-1.7538458544255444,0.83167776795066
25.23,58.82,1010.9,70.47,442.64,1,0,0,0.8936464713672446,0.10494272640214301
10.93,39.16,1016.54,90.56,479.83,0,1,0,-2.0629003509044788,0.46739416587718063
25.08,58.49,1011.1,64.47,446.9,1,0,0,1.0098667844656048,-0.2282279592293352
13.44,41.14,1026.41,77.26,461.44,0,1,0,-2.093803823638541,-1.2950776853542347
16.05,41.96,1011.82,96.05,463.72,0,1,0,-1.338526678831004,1.2523053179426082
18.49,41.1,1001.9,59.99,460.76,1,0,0,0.44354416503339994,0.44711600134098817
20.85,56.89,1013.15,68.22,450.07,1,0,0,0.3524402814993888,-0.24181484770997716
15.72,56.89,1013.35,85.06,456.33,0,0,0,-0.5246538098331741,0.6408579586347541
12.93,38.73,1006.41,89.24,471.3,0,1,0,-1.1916583788655355,1.4850592918503638
10.15,39.22,1020.09,68.75,474.87,0,1,0,-1.796747110118423,-1.039296183607685
26.12,68.94,1007.12,67.08,434.11,1,0,0,1.7595735439168367,0.4169254715300411
15.97,45.01,1016.58,83.24,456.91,0,1,0,-1.2004452886418224,0.09781611660233176
25.6,71.73,1010.15,68.99,436.7,1,0,0,1.5831749487296658,0.21165700973450507
27.77,63.87,1017.97,38.77,444.06,1,0,0,1.6722755192351513,-2.2780802781274785
15.63,40.56,1018.68,59.44,472.15,0,1,0,-0.945957990196282,-1.3930724480096823
9.44,44.03,1009.59,86.27,473.61,0,1,0,-1.3852368771656927,1.0520304271585326
30.63,53.3,1004.91,53.3,430.27,1,0,0,1.953024992383092,-0.2106680361553145
17.68,39.08,1002.77,74.24,454.18,0,1,0,-0.14404912601678282,1.0773384929124672
23.16,57.76,1017.74,63.79,451.79,1,0,0,0.38428476461014366,-0.9790507352526525
27.52,69.68,1011.67,56.94,444.83,1,0,0,1.8625125632559736,-0.6055746572107524
7.97,39.04,1018.51,65.17,483.3,0,1,0,-1.7833450049242618,-1.0386472557841073
17.62,43.52,1021.01,71.52,457.45,0,1,0,-1.1257214520848042,-1.0128601040954817
25.8,44.57,1008.0,52.56,450.48,1,0,0,0.9781486107863807,-0.6226269967721497
22.33,70.79,1006.02,93.35,436.74,1,0,0,0.916858341081122,1.9337289814889607
28.94,68.67,1005.39,75.24,434.65,1,0,0,1.8851416356055049,1.005118886837641
26.72,67.79,1010.35,63.31,444.68,1,0,0,1.6366954873986816,-0.1427492243952826
27.58,66.48,1004.82,51.23,435.34,1,0,0,2.3426016936603404,-0.18073148126839378
26.94,73.21,1002.83,91.25,431.19,1,0,0,1.6764073018910464,2.160630871325495
17.74,49.78,1004.9,100.09,450.44,0,1,0,-0.4880505460171255,2.265762691800625
11.91,40.69,1014.41,83.71,476.71,0,1,0,-1.5903448587660896,0.3512896990885316
7.46,39.81,1018.62,86.73,484.13,0,1,0,-2.3623725715975876,0.0721399270151535
18.34,50.59,1018.42,83.95,457.17,0,0,0,-0.9028174834003995,-0.03711131746344964
25.18,69.23,1013.26,57.45,438.72,1,0,0,1.52780817581824,-0.7399987530614284
25.71,71.64,1008.85,77.31,438.16,1,0,0,1.4595070038751754,0.7812589543877275
24.48,66.25,1009.42,88.17,441.07,1,0,0,0.7977066955549041,1.244853758377507
8.87,41.16,1023.17,94.13,472.45,0,1,0,-2.6900503742260904,-0.03997838907289541
23.51,70.04,1011.02,81.39,435.78,1,0,0,0.9528258860371834,0.7577734764313375
13.3,37.9,997.41,91.51,465.61,0,1,0,-0.6434369618170761,2.572947168564674
11.69,39.22,1017.05,55.51,472.76,0,1,0,-1.1164088209770289,-1.402367661612116
25.06,78.92,1010.74,90.7,434.55,1,0,0,1.248075204984142,1.3298450714915162
20.6,59.15,1013.32,91.07,443.76,0,0,0,-0.17723524816548797,0.9392639847004911
25.79,59.43,1008.61,64.3,435.51,1,0,0,1.2841143138046436,0.03682415793711325
10.29,40.56,1017.28,69.13,481.7,0,1,0,-1.5444655151023727,-0.7038914833140342
26.06,58.59,1012.41,55.22,451.47,1,0,0,1.247560774333362,-0.854298651256015
25.8,71.58,1010.08,85.14,435.2,1,0,0,1.1758271882190254,1.0504788402268548
31.14,67.32,1013.93,38.37,436.64,1,0,0,2.3884179265571586,-1.8540966040970353
22.01,49.39,1019.6,75.8,451.84,0,0,0,-0.5202954458880681,-0.621089254724478
26.05,65.38,1009.43,52.1,449.82,1,0,0,1.8307927810308533,-0.6361537661307471
17.82,56.89,1014.24,77.73,453.83,0,0,0,-0.22046438054822878,0.15118211385849784
20.76,69.05,1001.89,77.86,442.82,1,0,0,1.3969004314210263,1.5804080081674619
11.64,40.22,1010.58,80.84,477.52,0,1,0,-1.2972376115424178,0.6181847694861233
16.33,42.44,1013.98,84.9,462.44,0,1,0,-1.1501565991846359,0.4434402297428869
10.23,42.32,1017.53,89.93,473.59,0,1,0,-2.03238911299555,0.35731610042594375
23.35,47.01,1015.03,73.9,456.3,0,0,0,-0.1534089650065102,-0.2499313836641607
7.7,40.35,1011.72,92.88,484.57,0,1,0,-2.009039368544875,1.1436187167548981
22.06,59.39,1015.26,85.04,441.31,1,0,0,-0.020844246857570754,0.4086865456390826
17.14,40.55,1000.05,71.41,461.21,0,0,0,0.13558321043947935,1.2429149101693935
27.75,66.51,1015.42,39.0,433.08,1,0,0,1.9548599468847436,-1.9671632705771729
14.58,42.99,1007.55,93.56,468.43,0,1,0,-1.0582626734430947,1.6070069249188397
10.86,37.5,1013.36,75.56,473.75,0,1,0,-1.5330982261572903,0.026331223199011496
7.87,42.85,1012.18,94.21,480.54,0,1,0,-1.9509022611447189,1.1811745197912318
30.96,64.44,1013.63,49.64,437.61,1,0,0,1.9725439678277168,-1.2615661594488004
19.55,42.04,1009.99,67.87,466.4,0,1,0,-0.18498744574344717,-0.026563251331030817
20.26,51.19,1008.9,93.47,448.1,0,1,0,-0.3176143407195797,1.4826171643136512
11.61,40.81,1025.68,72.08,473.08,0,1,0,-2.074268132466125,-1.4731784219980373
21.92,64.63,1020.42,65.22,452.49,1,0,0,0.3647457551783618,-1.1332084078462292
14.22,45.01,1014.17,70.14,464.06,0,1,0,-0.8382631492214516,-0.3041421634775696
29.77,69.98,1013.32,69.6,430.65,1,0,0,1.6181375832210108,-0.1445841426970682
25.96,63.77,1013.24,65.43,445.26,1,0,0,1.1443022523374524,-0.3751483317992647
27.78,77.17,1009.11,86.54,430.33,1,0,0,1.6152536842409833,1.25986843483408
22.49,56.9,1007.65,63.34,449.64,1,0,0,0.9907342550696587,0.09395384535244568
30.34,75.08,1005.32,52.97,437.26,1,0,0,2.8700087316516028,-0.09492401077103073
23.78,49.3,1003.3,76.56,439.83,1,1,0,0.7132532601821578,1.1800518192751397
9.06,40.02,1031.16,82.04,478.01,0,1,0,-2.95344122413188,-1.544570048373979
27.51,49.3,1003.74,61.27,437.09,1,0,0,1.390659515716067,0.31728393030162616
30.76,59.57,1010.66,61.76,439.32,1,0,0,1.6271044877960616,-0.35033960264969666
13.86,37.85,1011.4,89.7,469.94,0,1,0,-1.5059207297347752,0.9520601457917055
30.98,67.48,1009.96,58.92,439.39,1,0,0,2.1159388287218808,-0.3585324414592824
31.01,69.04,1009.14,52.81,442.07,1,0,0,2.4027581459335057,-0.5723315403321367
16.58,45.87,1009.66,97.59,457.8,0,1,0,-1.0153750517499405,1.5948629842632325
26.01,61.47,1009.54,75.01,435.78,1,0,0,1.048946350734381,0.5034206986399424
32.42,65.74,1010.97,52.73,439.01,1,0,0,2.250969348547672,-0.8119253998631721
27.96,49.16,1004.8,35.64,442.49,1,0,0,2.019096329235825,-1.1255283469463186
22.73,63.73,1009.12,94.8,441.75,1,0,0,0.3893691785133809,1.6114621001374878
15.65,39.59,1012.8,87.63,461.94,0,1,0,-1.322822532490392,0.6945477931299363
18.22,49.25,1020.33,61.87,454.66,0,1,0,-0.5250481865200696,-1.3949664287943364
23.05,62.52,1016.5,65.65,449.98,1,0,0,0.621003295984998,-0.7089212292827549
22.95,70.98,1005.36,93.76,438.83,1,0,0,1.0106912015660736,2.0240502805080474
24.34,59.54,1004.01,87.07,440.63,1,0,0,0.8878991496099112,1.7240049297891695
17.44,44.88,1018.05,68.35,465.72,0,1,0,-0.795978583882484,-0.8420517235934646
22.69,59.44,1012.97,83.47,446.43,1,0,0,0.23050938367236087,0.5730627785797723
21.31,50.78,1008.68,85.28,445.17,0,1,0,-0.020015816072022338,1.073269099985872
26.46,61.41,1012.41,56.58,448.83,1,0,0,1.3693672150407241,-0.7641036832251591
26.06,65.34,1014.07,57.63,444.55,1,0,0,1.3690091450876254,-0.8562445739207967
12.24,40.66,1017.4,96.22,464.7,0,1,0,-2.095177451462127,0.6690989651308562
3.95,35.47,1017.36,84.88,488.64,0,1,0,-2.7091760361581825,0.10284038003199188
31.74,67.32,1013.69,36.59,436.17,1,0,0,2.5008155615269145,-1.923961182664328
27.01,43.21,1011.71,77.84,434.09,1,1,0,0.10453144040615388,0.2593397320933581
28.73,68.3,1016.53,55.73,434.15,1,0,0,1.6018178955551896,-1.216577210991494
24.34,50.16,1004.78,74.0,445.33,1,1,0,0.7633831667979087,0.8898475035639977
13.0,39.85,1012.57,61.56,477.71,0,1,0,-0.8331685746861178,-0.606123915992732
18.62,65.48,1018.45,73.39,451.94,1,0,0,0.05066861295073895,-0.46753105863100247
31.16,67.45,1014.69,32.25,428.35,1,0,0,2.5039068049325173,-2.251890796342408
21.75,60.27,1018.55,87.81,444.19,0,0,0,-0.30431786698374597,0.202688741559223
28.71,70.32,1011.78,76.53,435.95,1,0,0,1.469544049788604,0.39084499281474006
23.7,70.04,1011.13,84.16,436.28,1,0,0,0.8886257858648154,0.8875052618946138
14.41,42.77,1019.84,82.54,465.89,0,1,0,-1.6319267133414455,-0.30065201442385453
23.83,64.15,1020.93,63.86,447.95,1,0,0,0.5019964013805454,-1.2758657649301466
29.3,73.67,1005.64,65.31,431.07,1,0,0,2.3777334044739575,0.5030594040366172
23.38,48.78,1019.03,78.69,446.18,0,0,0,-0.47077138375466604,-0.4241006929371568
19.95,50.66,1013.21,81.98,458.72,0,0,0,-0.3601666032506562,0.41800522461519757
9.68,40.22,1007.6,89.97,479.56,0,1,0,-1.4944174877096252,1.4273890774848397
30.27,70.32,1007.93,51.61,430.22,1,0,0,2.511965549350167,-0.4871740374586575
25.82,66.49,1013.2,60.32,434.35,1,0,0,1.3889240192363412,-0.6117404628227334
24.54,57.85,1013.02,65.61,444.93,1,0,0,0.7763910229069271,-0.37988607815453745
19.82,46.63,1013.17,87.1,456.36,0,0,0,-0.679636480856791,0.6551165436793288
24.9,71.77,1006.24,85.25,427.77,1,0,0,1.3688463108060167,1.4819318298650253
18.83,58.46,1016.85,87.16,449.63,0,0,0,-0.4922397207271619,0.3595963336430312
22.99,62.96,1019.6,65.05,449.4,1,0,0,0.4397797415823741,-1.0734672357212636
14.28,37.2,1013.96,82.71,467.44,0,1,0,-1.491790978817559,0.3043528416372908
24.2,60.77,1016.92,71.65,439.13,1,0,0,0.45334587177283575,-0.46684245612158604
22.91,61.86,1012.8,92.69,441.24,1,0,0,0.12602488875133405,1.0855627021741485
14.16,44.58,1020.75,77.42,473.22,0,1,0,-1.5010114790508813,-0.6477737481124137
21.46,50.59,1016.75,67.14,453.67,0,0,0,-0.09218615046708746,-0.7444502145957976
25.95,65.61,1014.36,52.54,443.88,1,0,0,1.4850690029780618,-1.1476740784842798
10.36,43.67,1012.16,77.04,478.27,0,1,0,-1.2592015381326858,0.2865096994788141
27.0,73.42,1012.2,87.28,432.79,1,0,0,1.1555388725638134,0.936759929216914
8.14,39.96,1023.41,88.86,477.05,0,1,0,-2.6818611367235485,-0.34286161444723284
20.86,67.25,1017.45,81.45,444.5,1,0,0,0.17114982914769916,0.05641343785204745
25.82,57.19,1007.99,62.95,440.8,1,0,0,1.2653785507735795,0.01638422767573356
27.25,69.98,1008.55,59.55,431.44,1,0,0,1.9979648927224523,-0.1268654284094023
10.11,42.49,1010.22,82.11,483.56,0,1,0,-1.3320805041708814,0.7516861356742106
23.99,58.62,1016.91,66.36,449.4,1,0,0,0.4801370278150679,-0.7547437863478863
21.55,44.58,1017.2,46.64,464.44,1,0,0,0.15527396761817502,-1.9008239083856473
13.18,40.73,1017.62,94.4,465.96,0,1,0,-1.981947290527777,0.545325894012008
9.26,44.68,1023.22,91.44,478.82,0,1,0,-2.4357859661289005,-0.15860958096523003
26.3,59.07,1007.84,78.32,441.94,1,0,0,0.9964771631950056,0.8380860572491187
10.18,43.5,1022.84,88.7,476.91,0,1,0,-2.314370571337709,-0.27448441146561475
22.84,71.25,1001.9,96.45,433.85,1,0,0,1.1791164965000818,2.5425735721164613
20.36,60.1,1011.21,84.79,454.25,1,0,0,0.15279574511893906,0.8540730352512146
10.33,40.0,1021.35,90.84,479.32,0,1,0,-2.4106363473749655,-0.030991144153367227
20.46,66.05,1014.93,78.51,454.06,1,0,0,0.33385986376416793,0.1720715159521954
26.0,69.89,1015.12,73.06,433.5,1,0,0,1.0898739890681044,-0.13690294842836687
13.16,40.71,1021.99,77.91,475.87,0,1,0,-1.8515147562146204,-0.7818268111010438
21.39,52.3,1009.52,88.67,447.77,0,1,0,-0.09225077404273473,1.168523430883734
14.82,44.2,1018.98,72.8,465.73,0,1,0,-1.2218926050550587,-0.7011452804549771
14.38,40.73,1017.48,90.64,462.98,0,1,0,-1.7751060351648047,0.35825258404762506
9.27,38.56,1017.69,62.49,475.42,0,1,0,-1.5712735632406942,-1.1004756343828905
26.58,62.39,1006.36,68.98,438.66,1,0,0,1.5109262622432837,0.5418607136215682
13.85,48.06,1011.13,75.2,462.39,0,1,0,-0.6592958688843344,0.31517750931462163
24.58,56.9,1007.08,68.24,437.16,1,0,0,1.0740557449921055,0.3947067387839164
20.57,60.1,1011.16,83.45,451.88,1,0,0,0.20855276216963953,0.7889020399592035
18.26,60.95,1016.94,78.91,457.03,0,0,0,-0.22006112379687512,-0.05217330627790189
20.45,48.41,1010.81,86.7,444.69,0,1,0,-0.3778104174612999,0.9014531049047986
22.25,51.86,1013.08,83.64,451.04,0,0,0,-0.15193984552281625,0.5118114654896898
19.82,57.85,1011.58,97.23,447.36,0,0,0,-0.3412674839505864,1.4415926720784404
19.93,62.1,1019.94,76.41,450.57,0,0,0,-0.17072658823676568,-0.5100237919004086
28.97,73.5,1010.47,48.24,435.22,1,0,0,2.459760713557518,-0.9032113165296203
23.53,72.24,1010.84,94.33,436.69,1,0,0,0.7256093100782608,1.4630087927840416
4.47,35.19,1018.78,92.68,487.43,0,1,0,-2.979234195829017,0.34511439474836003
16.27,58.2,1018.47,80.03,453.66,0,0,0,-0.6391305290404111,-0.16949032648524187
22.32,69.48,1011.1,77.86,439.49,1,0,0,0.9167053839968036,0.5704399404799623
35.77,73.56,1006.36,36.31,430.14,1,0,0,3.6156061651385905,-1.1176070686655055
14.42,48.92,1011.76,76.03,461.14,0,1,0,-0.6389738953828098,0.29246710836038947
31.2,68.24,1005.71,34.84,428.67,1,0,0,3.0865890898567665,-1.1343559004079558
29.16,55.68,1004.84,55.68,435.04,1,0,0,1.8792073951494281,-0.05095948713183484
19.34,64.79,1018.03,84.77,454.59,0,0,0,-0.1890613785876044,0.15523515670495935
25.31,65.48,1018.31,55.57,439.72,1,0,0,1.0780378825605128,-1.4179897347501405
11.66,44.6,1018.39,89.98,471.3,0,1,0,-1.873778292608114,0.27485682668657063
17.16,58.86,1016.4,86.39,453.76,0,0,0,-0.5616403830984271,0.38347137059469993
22.11,59.44,1012.82,84.67,448.15,1,0,0,0.16150746510349595,0.6553097818215532
23.35,59.92,1009.86,88.6,439.82,1,0,0,0.3841252656968956,1.1758787737492966
17.67,43.7,1015.26,58.76,465.06,0,1,0,-0.38821018003464197,-1.044458936733663
24.11,68.3,1017.33,79.16,432.62,1,0,0,0.5537086584232144,-0.06249468849311662
9.03,37.14,1012.79,76.27,478.95,0,1,0,-1.6797045966230713,0.13465091822004094
20.2,50.9,1011.72,77.63,454.09,0,0,0,-0.11369785709667506,0.3558824143372382
10.95,39.22,1015.69,62.3,474.07,0,1,0,-1.2621942095655851,-0.8986896055438658
6.92,39.61,1018.64,82.27,483.83,0,1,0,-2.3005798592155555,-0.158215253403155
23.36,56.89,1014.23,78.34,440.51,1,0,0,0.22153175559397115,0.14591112521793181
16.63,39.16,1005.85,72.02,460.29,0,1,0,-0.379160436503363,0.6351987901070167
15.36,40.89,1007.59,86.08,464.12,0,1,0,-0.8937377481507789,1.1942372098202554
9.15,39.61,1018.69,84.47,475.64,0,1,0,-2.1774195149664504,-0.0653164595647489
28.61,68.12,1011.71,47.57,432.94,1,0,0,2.1258191634406574,-1.1136876276781382
12.45,40.1,1015.4,82.61,473.63,0,1,0,-1.6105384783047052,0.17826806608834173
29.25,69.98,1010.74,57.42,430.45,1,0,0,2.069389723193721,-0.48894026559190185
25.24,63.47,1011.3,66.21,442.75,1,0,0,1.1835305088509533,-0.12115170665306428
11.98,44.6,1018.59,86.71,470.02,0,1,0,-1.7755538213736153,0.0820745781597041
12.62,34.03,1019.06,74.78,471.55,0,1,0,-1.9090477226632467,-0.6745228899008854
24.14,69.23,1012.4,73.26,433.92,1,0,0,1.0874723689608952,0.17696470481804014
24.3,69.23,1013.17,59.91,440.56,1,0,0,1.397029625029865,-0.5971847693720359
22.49,62.52,1016.57,63.69,451.87,1,0,0,0.6212268482468793,-0.8139053268731626
28.77,75.23,1010.01,59.0,437.93,1,0,0,2.2697193690390605,-0.282319422613112
7.21,42.03,1017.81,90.12,482.26,0,1,0,-2.318490569787566,0.3549374397997254
24.13,48.98,1014.74,40.13,460.38,1,0,0,0.9000365221119766,-1.951259189180694
28.14,65.34,1014.44,46.17,443.11,1,0,0,1.8149205734813652,-1.5023860979788457
28.04,69.14,1007.16,80.38,436.37,1,0,0,1.5765938100614603,1.08770119281339
21.18,70.02,1010.27,96.46,442.51,1,0,0,0.4169731543581741,1.6332091996216427
6.84,39.4,1011.9,93.75,484.09,0,1,0,-2.156910965452979,1.1671596291451583
26.92,64.69,1006.66,76.14,437.62,1,0,0,1.432842030612187,0.8950496278393448
33.83,67.9,1005.94,29.86,428.12,1,0,0,3.403122154601016,-1.4372084492548065
11.81,40.75,1016.13,84.14,477.22,0,1,0,-1.7244540508341892,0.18738444341798133
10.28,41.46,1018.44,85.23,479.66,0,1,0,-2.005404256154095,0.008320845386343598
6.72,38.91,1016.89,90.47,485.89,0,1,0,-2.442912870542152,0.45139136420980647
10.02,38.18,1017.43,68.4,476.83,0,1,0,-1.6628322302169118,-0.7752372780354326
8.64,39.69,1001.57,98.27,473.55,0,1,0,-1.4094017245140704,2.5152679986136466
20.45,58.96,1014.53,65.36,454.26,1,0,0,0.39133893489931276,-0.5203134927435725
20.01,45.09,1014.21,38.19,453.96,1,0,0,0.4753079579288531,-1.996893995323261
31.61,69.04,1008.11,47.96,439.19,1,0,0,2.6492375532566,-0.7146766375061449
14.69,53.82,1016.54,63.49,463.52,0,1,0,-0.398859656041795,-0.837749870748897
26.89,49.16,1003.84,41.22,442.39,1,0,0,1.8504213601634145,-0.7256156422727479
24.41,73.67,1007.39,86.92,435.56,1,0,0,1.2901292777605788,1.4615908938285127
16.36,53.82,1015.05,71.95,461.62,0,1,0,-0.3805068120940868,-0.2501669849111603
14.08,41.93,1023.02,59.41,475.15,0,1,0,-1.3085932737037054,-1.845529013720066
17.32,44.34,1019.52,56.24,468.8,0,1,0,-0.613465738752903,-1.630835533452965
10.38,40.71,1025.27,80.87,481.3,0,1,0,-2.381935463628264,-0.9671388382184504
11.6,40.27,1008.55,72.12,473.89,0,1,0,-0.9320736855091686,0.3896977051793973
19.54,54.9,1017.15,70.37,455.86,0,0,0,-0.1723089065880813,-0.5734108119209287
17.5,42.23,1013.37,86.87,462.57,0,1,0,-1.0727369641740507,0.6018756949595393
6.04,41.14,1027.8,86.4,480.39,0,1,0,-3.038179255524842,-0.9239881568668357
7.28,39.81,1017.61,87.56,483.0,0,1,0,-2.330059043719632,0.22618764979879408
23.45,69.05,1003.03,66.41,440.24,1,0,0,1.840401708437625,0.8467782966960458
16.75,36.99,1006.42,87.18,464.18,0,1,0,-0.8999337441723203,1.3375028988798916
24.01,60.84,1018.83,63.82,436.32,1,0,0,0.5151369483077909,-1.0771777184278963
26.67,70.94,1007.7,56.56,439.13,1,0,0,2.128500451196862,-0.17698732001440942
11.57,44.63,1020.7,91.11,469.64,0,1,0,-2.066900871587187,0.08254200681423064
27.33,66.17,1011.06,64.55,443.89,1,0,0,1.5348114703407603,-0.173252789998924
14.51,44.84,1023.23,82.33,465.09,0,1,0,-1.758042418796636,-0.664601758414415
18.1,48.06,1015.47,82.47,454.04,0,0,0,-0.7943743354749286,0.18893347521011075
33.58,77.54,1010.19,53.49,433.75,1,0,0,2.9002757138830577,-0.6006392506895677
30.04,64.44,1014.46,52.19,437.95,1,0,0,1.7733892739443793,-1.2140008721889988
23.91,50.23,1017.25,68.57,455.41,1,0,0,0.02270155260325679,-0.7447025758741542
15.27,39.54,1010.64,81.91,464.49,0,1,0,-1.0596597179320266,0.6366133350828138
13.41,49.83,1008.83,87.14,466.38,0,1,0,-0.7727712225905893,1.1992880477611574
29.95,67.25,1017.68,51.91,433.13,1,0,0,1.6776363607416185,-1.555796176063028
27.0,71.25,1002.66,70.59,437.22,1,0,0,2.146400696110388,1.0963297446101652
24.56,58.82,1011.42,72.47,442.76,1,0,0,0.7506328810143611,0.15615746734297617
18.84,61.27,1019.64,71.95,454.47,0,0,0,-0.16028828679565543,-0.7068545948719681
22.7,61.41,1012.08,78.08,449.75,1,0,0,0.5197124091505612,0.4074958227777642
23.21,74.22,1009.68,88.46,440.46,1,0,0,1.0189666980667447,1.304393445258236
14.54,41.17,1015.15,67.78,470.19,0,1,0,-0.9862959753116967,-0.5658008251189652
26.45,74.33,1013.81,61.7,433.16,1,0,0,1.7089278865767537,-0.5480639285570438
1.81,39.42,1026.92,76.97,490.55,0,1,0,-3.156732196200385,-1.299970081991378
22.95,66.54,1004.53,88.06,434.41,1,0,0,1.0204711539981441,1.7843814785803611
8.88,36.3,1015.27,56.96,478.7,0,1,0,-1.3936106734439793,-1.13802591978196
13.44,39.64,1013.23,73.43,474.79,0,1,0,-1.1612817413119856,-0.06986996821824913
8.83,36.25,1028.86,85.6,478.45,0,1,0,-3.0748574046044768,-1.1391532746279494
15.57,38.78,1013.51,95.38,463.47,0,1,0,-1.6160574950312852,1.011374673963059
16.69,43.52,1021.78,80.87,460.51,0,1,0,-1.4993010990760849,-0.6076305731349152
22.53,60.95,1015.12,75.1,449.43,1,0,0,0.3560122921744047,-0.07988757738986386
18.55,52.84,1004.45,86.82,450.23,1,1,0,0.09115219078946891,1.6487828282707275
22.81,58.96,1013.5,55.66,452.89,1,0,0,0.9098181489778921,-0.925074501897587
30.13,71.98,1004.95,63.62,431.0,1,0,0,2.462932743512527,0.47165209827097243
14.04,40.83,1008.98,82.04,469.75,0,1,0,-0.9945289333389018,0.8428585826635897
12.14,48.04,1011.8,100.13,465.08,0,1,0,-1.4984379578437812,1.5408109155983503
25.18,56.89,1012.26,64.46,442.42,1,0,0,0.8687547067124916,-0.36861493294814834
7.82,41.16,1023.3,87.7,475.66,0,1,0,-2.6175553274709102,-0.37891969466144204
22.2,59.21,1017.87,73.34,445.29,1,0,0,0.11056455224823848,-0.4819285859922254
26.42,59.39,1013.95,66.03,438.54,1,0,0,0.9250770666745773,-0.459900295374181
9.29,39.04,1022.72,74.29,482.55,0,1,0,-2.199735653129066,-1.0352079070650355
29.31,68.67,1006.18,63.38,435.57,1,0,0,2.171733031778073,0.3042811485108016
19.24,58.33,1013.65,85.47,449.26,0,0,0,-0.20180331532280998,0.6169102097365335
27.22,66.49,1013.45,42.41,437.24,1,0,0,1.9554360146610044,-1.573164186981006
10.09,41.01,1019.89,96.55,471.15,0,1,0,-2.435584768612711,0.4325370599239122
30.47,68.24,1009.55,64.98,427.94,1,0,0,1.9769515921389487,0.008573547438257565
24.85,70.47,1006.64,85.37,434.47,1,0,0,1.2769978109814568,1.4344455903674367
17.75,55.5,1020.15,81.26,459.43,0,0,0,-0.7826935487774082,-0.32076631186837834
26.09,60.23,1010.74,60.88,445.88,1,0,0,1.2882968246998134,-0.3672573420877561
12.21,44.34,1017.98,86.17,475.06,0,1,0,-1.712334674492775,0.11694624558986962
21.5,50.32,1008.65,81.68,442.71,1,1,0,0.0715020485609076,0.8856749561707999
9.18,42.44,1014.52,98.04,480.49,0,1,0,-2.1204709738510354,1.111876299765464
24.66,66.49,1010.83,70.06,438.01,1,0,0,1.2002457760622163,0.15707423674534032
18.56,67.71,1004.77,85.28,444.9,1,0,0,0.7659993841787964,1.654146942504669
25.14,73.67,1006.94,88.51,430.89,1,0,0,1.3395127091826389,1.5876854070755473
12.08,49.83,1008.21,96.01,467.54,0,1,0,-1.072056676597416,1.7338110793465982
18.88,62.96,1020.62,82.01,456.18,0,0,0,-0.41216764012629153,-0.2808489261343916
26.59,60.96,1011.9,52.41,439.77,1,0,0,1.5039933580162816,-0.9283728950216914
10.42,41.46,1021.04,89.16,479.24,0,1,0,-2.2738039140160025,-0.0728265040844409
13.03,39.35,1015.34,79.18,474.02,0,1,0,-1.502013862836446,-0.0022837972148732535
29.43,66.75,1017.63,42.72,434.6,1,0,0,1.8562248540295625,-2.025278450698967
27.86,61.5,1009.23,46.19,439.49,1,0,0,1.9771899990399595,-0.9631138483979647
24.73,48.6,1004.03,63.37,439.99,1,0,0,1.0556987827596247,0.40748154690507565
20.74,58.12,1015.43,77.88,449.91,1,0,0,-0.010278138972971045,0.019317249174674707
9.41,40.43,1025.68,79.49,492.88,0,1,0,-2.4662329484903025,-1.0786521621424772
19.33,58.96,1014.88,67.86,456.54,1,0,0,0.2097083982183617,-0.42170126124012974
25.04,70.47,1006.82,84.75,433.1,1,0,0,1.2966091119003926,1.381540537236697
19.35,43.43,1009.4,66.11,454.02,0,1,0,-0.05399685472116676,-0.040625147572805824
14.72,39.0,1016.42,76.42,464.93,0,1,0,-1.379467454595093,-0.2767294238314951
26.88,74.78,1010.42,64.81,440.84,1,0,0,1.914111651391644,-0.017718482534418094
20.72,44.57,1008.96,72.57,449.76,0,1,0,-0.029468189509815876,0.34061375738120264
9.0,39.18,1024.38,84.91,483.26,0,1,0,-2.6081831435802023,-0.664559328821407
25.45,75.23,1011.41,73.33,441.65,1,0,0,1.5257931309844246,0.327748422250824
13.23,52.72,1026.4,75.78,465.26,0,1,0,-1.5612355280125845,-1.2756840514082142
30.88,69.51,1011.48,46.58,433.14,1,0,0,2.4160112656598303,-1.1440694650112264
23.32,66.48,1003.92,72.25,436.26,1,0,0,1.5030822130660662,1.0315642279957835
25.15,68.61,1011.03,53.59,447.91,1,0,0,1.7508973093804314,-0.7012683751310367
19.67,60.77,1017.33,88.13,444.87,0,0,0,-0.37913615356110886,0.37028060321520995
6.92,43.13,1018.26,89.23,486.36,0,1,0,-2.3013520052771095,0.2708360660282226
14.74,43.71,1024.35,81.53,465.49,0,1,0,-1.8443325783250384,-0.8385212049748436
22.7,59.92,1011.05,90.84,436.7,1,0,0,0.19081236972515567,1.166398587556133
13.85,41.39,1018.62,75.55,471.45,0,1,0,-1.4731584859596736,-0.5359820917395085
31.59,43.5,1005.12,43.5,429.96,1,0,0,1.841958266616835,-0.8249756474006811
17.27,40.55,1000.89,70.66,461.31,0,0,0,0.1086424649439139,1.111848351430957
27.49,71.94,1006.62,73.35,435.29,1,0,0,1.8751624256837454,0.809870439612963
26.71,70.72,1010.3,78.18,438.72,1,0,0,1.379891775354421,0.6540570416194817
23.25,59.87,1018.69,66.4,444.23,1,0,0,0.3517700616796432,-0.9313579020732906
30.13,68.94,1005.88,40.71,441.78,1,0,0,2.8641580804832074,-0.8368657766811559
26.53,60.07,1016.55,54.79,438.54,1,0,0,1.080587471366751,-1.3185458979801365
12.02,43.69,1016.12,74.07,477.74,0,1,0,-1.3136808824603075,-0.30916294026730434
13.77,42.86,1030.72,77.3,471.38,0,1,0,-2.2856226608808052,-1.7506798779231532
26.97,67.32,1014.35,55.07,439.61,1,0,0,1.5792186006632,-1.0091641154204443
25.76,73.5,1011.44,81.36,437.0,1,0,0,1.2632298093638459,0.7229930111939946
14.43,35.85,1021.99,78.25,464.6,0,1,0,-1.9698478478826107,-0.8120986773963688
21.03,70.02,1010.21,95.69,444.53,1,0,0,0.42880405080323053,1.6010140579644094
24.45,70.02,1010.75,71.37,445.8,1,0,0,1.3097683168781222,0.2632851084550324
15.43,41.1,1005.2,85.06,467.21,0,1,0,-0.6891048886127444,1.4030111617738084
17.48,46.21,1014.02,80.78,455.35,0,0,0,-0.7840930593043747,0.2488923496072128
23.96,65.34,1015.52,56.82,449.23,1,0,0,1.117991048514187,-1.0415882289567364
25.77,71.37,1008.88,78.96,433.45,1,0,0,1.4073939869458096,0.8605922198210845
25.52,61.25,1012.84,75.98,435.48,1,0,0,0.7484725527748175,0.19577487587799755
14.52,40.35,1011.11,69.84,470.8,0,1,0,-0.8024937278326422,-0.026047819072657734
24.8,68.3,1018.01,80.41,436.17,1,0,0,0.5316350586907956,-0.07671298723938534
30.8,73.17,1010.51,51.93,432.24,1,0,0,2.497103798300863,-0.7322247608124764
7.9,40.0,1018.74,79.55,474.5,0,1,0,-2.138240817177293,-0.313082798432253
10.25,41.46,1020.65,87.07,481.94,0,1,0,-2.206632523204877,-0.137102579054746
30.97,74.22,1007.93,49.74,431.58,1,0,0,2.7905515415201654,-0.557084353690011
10.7,44.77,1017.8,82.37,484.94,0,1,0,-1.7064379195955703,-0.04585715349227825
32.83,74.33,1011.44,50.42,427.36,1,0,0,2.691849380902995,-0.9159647848749676
11.35,40.66,1016.86,96.4,466.55,0,1,0,-2.1365232168456085,0.7432672737410722
21.28,44.05,1005.69,83.2,444.56,0,1,0,-0.06100624569965489,1.2374266879223648
12.9,44.63,1020.72,89.51,467.41,0,1,0,-1.9166809238651237,-0.011325935638807008
16.47,44.89,1010.04,82.01,459.69,0,1,0,-0.6864485513961512,0.7419989327365402
31.18,77.95,1014.89,65.62,431.58,1,0,0,2.0828634411501357,-0.4664337917628329
21.92,48.14,1013.44,67.8,449.65,1,0,0,0.04618347110021313,-0.3728657935105124
9.46,36.66,1026.22,72.58,479.06,0,1,0,-2.4845709727758103,-1.5248981274806308
7.29,39.37,1019.24,73.46,478.19,0,1,0,-2.091315361910626,-0.682837086988598
24.05,61.87,1009.64,54.54,442.16,1,0,0,1.4328916037712827,-0.5476568542934026
11.75,41.2,1012.7,89.86,475.35,0,1,0,-1.625187949586657,0.8601792919803741
28.82,71.8,1010.97,67.64,436.71,1,0,0,1.8314013985949826,0.031243203099159768
5.3,35.19,1019.33,93.86,484.42,0,1,0,-2.9790604542462074,0.3404798897126382
14.17,41.67,1013.4,72.77,471.42,0,1,0,-1.0058737520652856,-0.11108905419055257
21.63,60.84,1018.16,77.53,445.93,1,0,0,0.0061230221142779115,-0.2801622037216545
12.62,40.92,1021.85,81.41,465.68,0,1,0,-1.9687394729246452,-0.5805083652087208
6.94,38.91,1018.94,90.64,485.12,0,1,0,-2.568959969216671,0.23546341214735178
24.73,65.34,1015.42,52.8,446.92,1,0,0,1.2934084080012742,-1.2435017048546195
14.94,41.35,1004.82,98.04,466.73,0,1,0,-1.0317977816739412,2.119864473086884
16.88,38.58,1014.72,73.99,462.7,0,1,0,-1.0403059207810514,-0.2352304635271531
10.7,36.18,1018.16,63.15,475.08,0,1,0,-1.6074662358327025,-1.146516471136616
25.21,50.23,1016.0,56.58,454.64,1,0,0,0.528530433185771,-1.2364934798326672
12.51,41.14,1027.36,87.86,463.79,0,1,0,-2.5123189807941824,-0.8449126483665355
30.7,74.22,1008.12,50.39,432.51,1,0,0,2.7383278554906134,-0.5423690163706587
24.61,69.68,1012.06,92.47,438.51,1,0,0,0.6673099072862057,1.2061504959059897
22.4,58.12,1015.24,78.03,449.13,1,0,0,0.13576705670037142,0.03640624920868608
5.98,38.91,1016.5,91.83,488.85,0,1,0,-2.512939141186277,0.5691227752888658
20.06,62.1,1020.21,72.21,451.81,1,0,0,-0.06865476558633597,-0.7571424249836765
12.7,39.72,1017.89,62.97,467.77,0,1,0,-1.2632076418525682,-1.1115621217552862
11.42,40.43,1025.5,75.85,490.02,0,1,0,-2.1929454614092916,-1.2607094387820763
24.23,49.3,1003.61,74.44,440.65,1,1,0,0.7846574982944132,1.0337756643711529
29.91,70.02,1010.18,64.1,437.63,1,0,0,1.9892522456055601,-0.08728748572532023
22.87,71.29,1008.1,73.1,442.27,1,0,0,1.3708152474933595,0.6621536767779321
23.79,58.59,1013.94,72.5,443.19,1,0,0,0.5043490331890578,-0.11325972080389737
17.4,44.58,1018.9,60.58,468.01,0,1,0,-0.667419926060263,-1.337883187348876
27.21,64.05,1010.08,76.69,442.37,1,0,0,1.1810235284930186,0.5439425354208098
10.23,41.46,1018.89,83.06,479.48,0,1,0,-1.983506691092675,-0.1523634129167432
26.54,69.48,1010.7,66.09,432.56,1,0,0,1.5998426116063655,-0.022490932494998554
32.46,74.33,1012.61,37.07,427.87,1,0,0,2.9303912792649704,-1.7300445067268617
21.31,42.8,1014.1,75.77,459.84,0,0,0,-0.4928571503880885,-0.07210534586288529
13.4,40.89,1010.67,91.66,472.36,0,1,0,-1.4113058093128614,1.160360837094473
31.87,68.67,1005.64,48.85,435.66,1,0,0,2.7995251729452555,-0.4045550615988316
26.05,73.88,1005.67,82.08,439.96,1,0,0,1.678486475983976,1.3894741206897323
24.4,69.94,1005.75,58.1,438.76,1,0,0,1.989756854945144,0.12228642702385385
11.88,41.58,1016.56,90.18,465.47,0,1,0,-1.869229811694132,0.45860075813514256
11.3,40.55,1005.97,97.99,476.72,0,1,0,-1.4445998736703982,2.010498934871073
16.83,46.48,1007.21,87.23,455.64,0,1,0,-0.5300967839374451,1.3299662143075341
19.72,46.21,1010.54,77.74,449.33,0,1,0,-0.282516374935993,0.4555395309980989
30.74,69.59,1008.69,68.04,437.81,1,0,0,2.037427770124189,0.2692172666849195
6.9,40.71,1021.78,94.8,471.43,0,1,0,-2.7952294579987953,0.1557883749280886
7.7,40.72,1022.81,81.97,482.79,0,1,0,-2.4637218316546017,-0.6241158249420707
19.18,65.06,1015.99,77.06,448.26,1,0,0,0.1501871553823878,-0.017427888306571042
24.26,68.14,1005.09,59.49,438.79,1,0,0,1.907517171960056,0.2523652298747616
5.66,40.62,1015.87,84.97,485.18,0,1,0,-2.2417498971725625,0.2995161621679744
14.97,58.2,1019.52,81.13,458.68,0,0,0,-0.8467583584030578,-0.2181410603285468
14.96,39.31,1010.52,71.28,461.97,0,1,0,-0.8094336643178023,0.10114981853062506
13.9,44.0,1025.1,87.17,466.24,0,1,0,-2.0993889977100455,-0.6209290016361307
22.97,42.48,1012.84,64.71,466.7,0,0,0,0.00495668356781638,-0.5198317456400416
32.91,73.56,1007.02,55.03,434.03,1,0,0,2.8453831940224195,-0.20346966570751146
26.56,65.59,1012.6,64.25,443.66,1,0,0,1.3485333374798543,-0.3558250029394767
14.76,49.64,1026.31,75.67,461.16,0,1,0,-1.561736554552051,-1.306827361813318
12.5,41.38,1021.87,57.59,474.4,0,1,0,-1.3372883557865074,-1.8079144190126673
5.89,35.77,1019.78,79.58,479.86,0,1,0,-2.5623225775375733,-0.4451074866963004
25.11,58.79,1015.99,60.55,442.34,1,0,0,0.7946168599019541,-0.9608109560313072
16.73,45.0,1023.44,60.68,467.08,0,1,0,-1.0163393298815528,-1.8190689511204903
6.93,41.14,1027.18,84.67,479.06,0,1,0,-2.877245196683878,-0.9518789082338204
24.01,63.56,1014.19,64.31,444.1,1,0,0,0.9385951960347172,-0.524773425707052
10.33,40.62,1017.41,64.22,473.16,0,1,0,-1.4190789613966404,-0.9713239906520053
10.04,39.13,1011.26,88.91,474.61,0,1,0,-1.7345899834221534,0.9629286527547783
7.73,37.8,1020.71,63.93,483.94,0,1,0,-1.9754108445125258,-1.3505463443940888
30.24,73.9,1006.74,56.39,441.31,1,0,0,2.62355141185149,-0.08178940423485224
10.35,39.82,1013.33,94.78,477.14,0,1,0,-1.9730974029210888,1.0440397682540294
23.19,58.82,1009.96,81.05,446.44,1,0,0,0.5128926395795553,0.7674401119821082
24.55,67.07,1005.66,63.58,443.39,1,0,0,1.7385417515974264,0.3908581715171656
29.01,66.44,1011.21,71.56,430.61,1,0,0,1.491973054835351,0.16301647940391079
12.04,42.34,1019.72,94.67,465.36,0,1,0,-2.1552838867634465,0.3513776264777857
29.85,61.85,1005.45,61.85,436.46,1,0,0,2.00536850780943,0.2461481478510379
22.19,60.37,1008.45,92.43,440.75,1,0,0,0.30427060078146934,1.538679472476998
10.02,39.82,1012.86,89.47,482.47,0,1,0,-1.829536206762336,0.8233284471489467
28.09,63.31,1013.01,52.6,438.6,1,0,0,1.650765367563306,-1.03073849809261
22.36,51.43,1007.47,87.33,442.53,1,1,0,0.12423131348141571,1.3089092291264677
30.7,69.59,1008.03,66.78,433.4,1,0,0,2.1120480990986104,0.276300577913114
7.06,41.38,1021.94,83.55,487.71,0,1,0,-2.469419783529112,-0.4381315980418234
14.07,45.09,1013.32,94.45,462.69,0,1,0,-1.4244085929199513,1.0451249574288313
10.58,39.61,1020.39,71.69,477.18,0,1,0,-1.841339719796508,-0.919973098677193
20.59,59.8,1015.27,77.94,453.83,1,0,0,0.06075058426672937,0.05439288337100768
22.06,47.43,1009.85,76.85,453.5,1,1,0,0.03470660456659337,0.4785569573102808
31.61,75.08,1004.83,42.29,436.67,1,0,0,3.28731545214361,-0.6016264738992043
19.98,56.53,1020.22,73.53,454.89,0,0,0,-0.3560055647981984,-0.73440387349078
11.02,40.0,1015.75,74.83,468.09,0,1,0,-1.5535385142341362,-0.2525320750844282
8.34,40.72,1023.62,83.75,483.14,0,1,0,-2.5126346749276673,-0.6247844523724075
14.69,35.71,1015.78,57.34,467.39,0,1,0,-0.9847837904094404,-1.2183853221252412
14.84,42.03,1017.47,79.27,466.2,0,1,0,-1.3820337013098782,-0.22032829432070355
7.67,35.77,1017.55,60.97,480.06,0,1,0,-1.777075849969619,-1.1752472050030378
16.76,43.77,1012.25,77.95,457.0,0,1,0,-0.756471822568753,0.2807684547638769
18.21,49.69,1013.54,80.16,454.25,0,0,0,-0.5214868129670737,0.29218938279312273
7.85,37.8,1020.9,59.19,478.68,0,1,0,-1.8545995335107437,-1.6167649024607382
17.81,37.2,1011.98,67.27,470.97,0,1,0,-0.6619839969378075,-0.3013060807109461
9.23,37.36,1015.01,67.38,481.08,0,1,0,-1.5725469775339744,-0.5656177275671173
30.2,71.85,1008.25,59.1,425.21,1,0,0,2.3561062709527643,-0.12252688614398181
28.86,73.18,1012.46,68.8,427.01,1,0,0,1.76364942071619,-0.06025612192416111
26.05,46.21,1011.31,55.25,450.86,1,0,0,0.7751298710897406,-0.8326368817949272
17.46,42.42,1008.97,69.19,469.63,0,1,0,-0.30568805101188373,0.1699815218910969
25.65,43.77,1011.65,46.18,444.01,1,0,0,0.8483662239341436,-1.3548333932081562
26.81,74.9,1003.99,79.88,435.56,1,0,0,1.9582102754852362,1.4618345660315506
10.3,41.79,1021.09,49.39,471.58,0,1,0,-1.2333415608419944,-2.127995781132555
30.07,70.04,1010.84,55.74,426.35,1,0,0,2.1767974931959224,-0.5916807660646874
16.25,58.86,1015.94,86.52,456.49,0,0,0,-0.6087845041391386,0.446484685172413
31.09,74.22,1007.56,46.36,430.3,1,0,0,2.914003959268869,-0.6921181896188912
9.06,41.92,1029.9,90.88,473.37,0,1,0,-3.0147671478762668,-0.9356960455814762
21.4,47.93,1005.16,88.44,445.2,0,1,0,0.019169640836232474,1.5960914049567116
7.68,42.85,1012.51,91.51,479.16,0,1,0,-1.918529227067403,1.0071499834452753
30.26,77.24,1008.39,74.25,430.51,1,0,0,2.1932676997452987,0.6873851992257647
15.93,40.89,1011.57,74.55,468.8,0,1,0,-0.8167469714802902,0.16174673990072408
23.25,69.45,1013.85,70.14,437.18,1,0,0,1.0063857686834854,-0.13413242379320742
10.59,41.46,1016.87,85.7,480.83,0,1,0,-1.8850613883966312,0.2014070135823467
18.86,50.78,1008.46,91.67,446.7,0,1,0,-0.3742087131996877,1.4438582635230024
27.97,69.48,1010.4,57.24,432.18,1,0,0,1.9695820200885745,-0.4564962559264297
30.17,76.86,998.23,73.61,430.3,1,0,0,2.8784883462830444,1.7581057457628004
15.19,41.43,1011.34,89.67,470.41,0,1,0,-1.2334351092976026,0.976794002788802
13.88,39.39,1014.08,80.48,471.39,0,1,0,-1.3781610898658274,0.1965329662957087
11.26,40.43,1025.68,74.67,489.66,0,1,0,-2.18758875142702,-1.340134193499867
25.36,74.99,1002.21,65.96,440.25,1,0,0,2.3275972509851965,0.9476238003202656
21.17,52.3,1009.67,88.88,444.5,0,1,0,-0.12612293322949553,1.1645364367470339
30.62,66.54,1004.11,55.36,429.01,1,0,0,2.5366441072056056,0.0895040915324631
27.41,74.67,1016.57,80.16,429.21,1,0,0,1.1326080746735145,0.10064362727679595
11.82,41.74,1022.36,74.06,476.21,0,1,0,-1.8413244311508523,-1.00342333182588
32.41,67.83,1008.54,55.96,426.85,1,0,0,2.423556452621423,-0.36369163946226274
12.59,39.18,1024.18,67.57,471.32,0,1,0,-1.8451303652415367,-1.5625235110579194
27.81,64.69,1006.59,71.75,437.02,1,0,0,1.6257869399389284,0.6699479189162729
25.1,71.77,1004.34,82.8,429.7,1,0,0,1.578910815824363,1.5609488875809
15.29,25.88,1009.21,66.0,464.25,0,1,2,-1.1470226932743277,-0.1392438341062081
16.37,39.99,1007.05,80.61,464.69,0,1,0,-0.6703035188938886,0.9564819232830812
27.63,70.17,1000.42,85.22,432.46,1,0,0,1.921204613779005,2.082516230869505
21.11,74.78,1009.71,84.35,442.68,1,0,0,0.9756816187280587,1.1077995165457457
30.66,66.25,1007.67,63.03,439.55,1,0,0,2.0840254983036504,0.0952652065654482
14.57,37.86,1022.44,68.82,463.58,0,1,0,-1.653939847417937,-1.3327019825897783
10.92,40.92,1021.84,83.03,467.05,0,1,0,-2.1507024488164728,-0.48416863548989636
16.23,43.72,1009.96,83.01,457.9,0,1,0,-0.7785177616587874,0.794551527922666
26.85,71.73,1010.06,65.24,429.97,1,0,0,1.7904728856051249,0.01931440674464719
33.5,70.8,1008.99,57.24,433.19,1,0,0,2.5803374131899988,-0.330128432659515
17.85,53.16,1013.05,82.72,456.49,0,0,0,-0.43170116559583926,0.5081157794193463
7.54,37.7,1014.58,78.43,481.56,0,1,0,-1.9564746218291822,0.06596351685171369
23.39,64.63,1020.45,58.22,449.27,1,0,0,0.6669460227397981,-1.5079071700892102
18.03,53.16,1013.02,81.95,456.55,0,0,0,-0.3946784157866316,0.4703995416652889
10.95,43.8,1022.61,63.46,473.2,0,1,0,-1.5623656564806405,-1.5553508050644276
18.0,52.08,1003.07,100.09,450.85,0,1,0,-0.24042327313461526,2.481760987719784
17.46,39.54,1008.21,74.24,462.52,0,1,0,-0.5128096531121213,0.4902467527188984
11.88,40.64,1020.5,85.43,470.06,0,1,0,-2.055168799945305,-0.22318114533181788
10.11,39.72,1019.1,69.68,476.8,0,1,0,-1.7348107740864958,-0.8791923525615932
26.36,54.5,1015.35,66.87,451.81,1,0,0,0.5871339630366368,-0.6079432884250694
16.41,41.48,1016.28,45.19,451.93,0,0,0,-0.3050273329719656,-1.8653661162235713
18.81,45.01,1015.28,65.91,457.85,0,0,0,-0.4245617113947286,-0.6747408078430358
26.44,69.34,1009.55,73.18,440.43,1,0,0,1.4785519627683106,0.4683101441865324
20.6,44.58,1017.67,48.36,466.2,0,0,0,-0.00012443632376456362,-1.85670766672435
29.32,63.77,1013.24,55.1,438.09,1,0,0,1.6915584428328314,-0.9314119236506934
19.15,44.89,1009.6,74.52,451.09,0,1,0,-0.23953131827143928,0.3849086081286199
21.09,67.07,1004.38,89.01,444.75,1,0,0,0.8757217150353283,1.8667365787631873
34.1,73.03,1014.01,41.26,437.65,1,0,0,2.803500212544014,-1.687834791968059
20.02,58.66,1011.5,76.74,454.21,1,0,0,0.2518281903410771,0.3976250726695325
12.97,40.75,1016.05,79.67,476.28,0,1,0,-1.5064519448920854,-0.042603416319748726
28.31,64.79,1016.58,60.88,440.96,1,0,0,1.2744185164526773,-0.9815460907969025
28.31,50.05,1005.75,50.17,436.75,1,0,0,1.6427726871629498,-0.4740460448498053
19.29,67.71,1007.94,63.71,449.28,1,0,0,1.1737738350231581,0.19042054866239944
12.09,40.6,1013.85,85.72,474.35,0,1,0,-1.5938001803222919,0.5140771196756191
31.12,68.94,1006.05,68.46,431.92,1,0,0,2.2091466444558083,0.5705082356015461
13.94,38.47,1015.03,53.9,466.54,0,1,0,-0.7839788864105902,-1.2869665255158709
27.59,59.21,1012.93,51.46,437.49,1,0,0,1.4639772479770101,-1.1104924979199338
11.68,40.23,1018.49,83.43,475.47,0,1,0,-1.9004547847407431,-0.10952487867227655
13.8,44.34,1019.43,66.74,468.8,0,1,0,-1.1722341480184568,-1.0549030723308321
9.82,39.96,1024.72,97.69,471.96,0,1,0,-2.8632471031407416,-0.04110550138662305
26.92,78.92,1011.65,96.22,434.64,1,0,0,1.1953100157240422,1.5030376443229707
23.66,62.08,1022.42,64.13,447.06,1,0,0,0.2880626654802225,-1.439668280162318
12.34,43.22,1009.28,78.23,468.52,0,1,0,-0.950364281542637,0.6443632762986433
23.81,46.93,1013.19,54.82,449.58,1,0,0,0.5050544976927496,-1.0384239335317509
20.54,61.27,1019.6,61.87,451.95,1,0,0,0.24615106448077312,-1.2345143050117344
14.79,41.04,1025.32,75.81,456.97,0,1,0,-1.8745851055097096,-1.2612883668528156
18.28,44.2,1018.83,52.88,458.59,0,1,0,-0.40556071626369616,-1.7368626763618296
26.9,69.59,1008.9,85.08,434.1,1,0,0,1.2608982793252799,1.1523127117800216
21.83,63.87,1018.93,63.07,452.21,1,0,0,0.481575400327863,-1.087483974575719
21.85,59.8,1016.89,75.28,454.26,1,0,0,0.12380843849371322,-0.2679272906630027
7.95,40.72,1023.7,84.19,486.14,0,1,0,-2.561775817298165,-0.6081142099181827
16.09,50.59,1015.69,84.41,463.64,0,0,0,-0.9144222979600256,0.29924917002284623
13.72,54.3,1017.89,79.08,467.05,0,0,0,-0.9571778547067359,-0.1693781466299648
9.56,41.55,1002.67,70.27,481.24,0,1,0,-0.5947922854104895,0.9586436056860428
16.24,41.93,1021.66,44.91,467.69,0,1,0,-0.6586946238663987,-2.4608028538540045
31.91,67.83,1008.76,53.22,425.28,1,0,0,2.43888777114993,-0.5256865103215674
7.73,39.04,1018.61,68.23,482.39,0,1,0,-1.8899321505277895,-0.8899168830031094
28.35,71.14,1010.65,60.38,429.21,1,0,0,1.975037707360729,-0.3108322621586864
19.6,60.95,1015.4,84.26,456.06,0,0,0,-0.14426945318527795,0.38254846517821456
14.13,41.23,994.6,93.02,467.84,0,1,0,-0.2759966299108238,2.9780054864426595
16.84,56.03,1020.25,70.37,437.14,0,0,0,-0.5566872218929566,-0.8833847692076444
14.76,43.79,1016.17,75.72,464.14,0,1,0,-1.1296458799502733,-0.24733804484693309
28.43,68.08,1011.32,58.19,433.05,1,0,0,1.8582777407005866,-0.5220391673453473
23.71,50.23,1017.55,73.24,458.59,0,0,0,-0.13629029827532488,-0.5349018740433379
19.44,48.7,1008.66,94.71,444.9,0,1,0,-0.5111149208177026,1.558310974508003
22.78,71.77,1005.26,89.23,435.46,1,0,0,1.15668063690302,1.8085931594115598
32.84,77.95,1014.68,45.8,431.97,1,0,0,2.7521065078044957,-1.4781572186015703
18.06,56.65,1020.2,81.59,459.14,0,0,0,-0.7184373318710174,-0.3020280933510252
16.41,47.24,1015.75,88.78,457.94,0,0,0,-1.1539898872443892,0.48915523178637227
10.05,41.58,1021.35,95.19,469.03,0,1,0,-2.4777562165521854,0.20822618972261508
24.06,71.25,1002.39,92.18,438.85,1,0,0,1.3579837129127907,2.2604402784548108
8.63,39.96,1024.39,99.47,475.79,0,1,0,-2.985480568685066,0.09485113946109071
29.77,69.48,1009.8,52.6,432.69,1,0,0,2.28030203993734,-0.6430165796734145
9.2,40.77,1011.88,89.86,479.82,0,1,0,-1.798709849999463,0.9634191039798508
20.18,43.56,1013.14,39.16,462.8,1,0,0,0.46948618762139777,-1.8438014432495355
16.26,38.58,1016.04,76.7,462.54,0,1,0,-1.2522872564601688,-0.23480519713647377
15.0,41.35,1006.6,86.95,467.71,0,1,0,-0.8584088959589268,1.353107630241097
4.0,39.9,1009.64,97.16,490.79,0,1,0,-2.304297656414218,1.6127053273521317
17.47,58.59,1014.03,97.13,449.41,0,0,0,-0.6670242611211068,1.1916943202803252
4.78,42.85,1013.39,93.36,481.47,0,1,0,-2.2662241237296605,1.0266608833981146
25.33,73.21,1002.19,97.24,433.43,1,0,0,1.4306320962384782,2.5505589968043156
7.03,41.74,1021.92,86.44,486.91,0,1,0,-2.5301788052998706,-0.2836473591087798
31.33,73.03,1014.18,49.28,438.49,1,0,0,2.353713081524699,-1.273370006968857
6.76,37.49,1011.66,80.91,484.85,0,1,0,-1.8958396492276195,0.5155619956200019
4.61,40.27,1012.32,77.28,492.85,0,1,0,-1.900869350293571,0.2933793206284966
23.21,73.42,1010.34,88.29,439.66,1,0,0,0.9431412526148182,1.217312842075663
23.28,48.92,1010.23,41.55,449.27,1,0,0,1.0976074760048444,-1.381581563010577
5.95,37.8,1022.03,67.97,479.2,0,1,0,-2.3178890556931786,-1.2735315137698284
3.21,38.44,1017.11,84.86,492.93,0,1,0,-2.6217434133268718,0.15800719578052513
28.5,73.77,1002.82,86.38,431.7,1,0,0,1.957793717898954,1.904148561252933
12.93,41.39,1018.5,80.28,472.57,0,1,0,-1.6645103719755545,-0.2724352904276904
21.04,69.48,1011.07,89.92,439.53,1,0,0,0.49796470134405024,1.205072841050997
23.84,49.21,1013.35,45.4,446.54,1,0,0,0.843297389677633,-1.5240096893813373
18.79,49.15,1021.69,70.16,458.75,0,1,0,-0.7917570866531417,-1.1197542011455568
13.83,44.45,1021.5,68.75,462.6,0,1,0,-1.358557929888729,-1.175830788464465
32.78,71.22,1005.12,48.77,438.77,1,0,0,3.024602083697139,-0.3377454162629797
5.49,40.81,1014.43,90.41,487.36,0,1,0,-2.2913815510479876,0.7398440709714994
21.67,61.45,1010.84,92.19,443.82,1,0,0,0.15229534433651412,1.2783212735019538
12.02,41.92,1030.1,84.45,465.82,0,1,0,-2.6160716729599787,-1.3096573020271662
10.46,41.06,1021.41,82.34,481.47,0,1,0,-2.1351505460636537,-0.46870269971335443
16.0,40.66,1016.12,89.23,457.12,0,1,0,-1.5149171400744161,0.4219011043000998
29.35,68.51,1007.63,70.67,430.22,1,0,0,1.8786292588917017,0.5212052860472103
20.92,70.02,1011.06,85.63,437.96,1,0,0,0.624651486419946,0.9898517031244434
32.39,74.16,1008.53,61.09,431.17,1,0,0,2.5676164824893997,-0.04663130720052427
11.57,41.38,1021.71,61.49,473.94,0,1,0,-1.50504987073701,-1.5827945042140965
19.13,66.86,1012.95,71.24,453.31,1,0,0,0.5847598649858354,0.027935406305675505
30.57,73.03,1013.75,73.68,437.42,1,0,0,1.6827069231562726,0.038337912003062226
8.27,40.69,1020.13,86.1,484.97,0,1,0,-2.3432046513302396,-0.12323778566833242
18.43,57.76,1016.13,87.34,452.65,0,0,0,-0.5117325454609049,0.444376313009329
29.79,67.69,1006.86,55.93,428.71,1,0,0,2.3164588447095245,-0.16555068489306246
24.7,58.82,1009.4,75.91,442.98,1,0,0,0.8100153434978119,0.5527326025564347
13.57,41.4,1021.27,72.55,464.23,0,1,0,-1.5981043671484259,-0.9773978617396298
28.28,61.86,1012.07,64.49,439.65,1,0,0,1.355908834180952,-0.3275262333693312
32.07,67.83,1007.91,41.61,429.31,1,0,0,2.813424060544092,-1.033621581996374
19.1,43.79,1016.02,77.34,462.28,0,1,0,-0.8035414146606505,-0.17702376828059335
22.69,54.2,1012.92,65.55,444.26,1,0,0,0.4711601446578484,-0.3888567056211329
27.44,59.74,1010.99,56.42,452.0,1,0,0,1.47761780488717,-0.6379040822185691
9.81,71.14,1019.43,87.93,469.64,0,0,0,-0.8736968899573889,0.28220987185453716
26.05,65.27,1013.69,56.46,440.75,1,0,0,1.4215780245352796,-0.8757697114302306
25.96,71.64,1003.84,86.83,432.93,1,0,0,1.5729419519011796,1.8165216817448167
13.79,45.08,1025.02,84.36,469.55,0,1,0,-1.9819703795551946,-0.7478393365082836
20.13,43.43,1009.75,66.16,453.47,0,1,0,-0.014786614672541486,-0.08148072494278107
13.99,45.0,1023.83,77.92,472.55,0,1,0,-1.7195763227422096,-0.9527620691713572
23.0,57.76,1017.64,56.86,451.39,1,0,0,0.5589837977065505,-1.3248443561503822
20.37,60.08,1017.44,76.33,454.47,1,0,0,-0.05093615882061946,-0.26123473256256224
19.16,63.09,1017.71,91.15,449.51,0,0,0,-0.4237671325457975,0.5069924374672707
10.8,41.74,1020.24,78.62,479.32,0,1,0,-1.900133647422516,-0.5302124178975317
19.12,45.01,1014.0,59.95,453.24,0,0,0,-0.155968418524662,-0.8451906956404244
14.46,44.78,1007.64,67.03,459.31,0,1,0,-0.3021313922477422,0.24278361547261862
17.75,49.78,1004.49,100.09,452.02,0,1,0,-0.45927258670343213,2.310334641634267
33.15,68.51,1012.9,51.91,428.89,1,0,0,2.323192208872983,-1.0470705800637559
32.16,68.14,1004.86,37.77,429.64,1,0,0,3.1428025408448734,-0.8979067891535439
32.66,73.68,1014.64,40.88,425.17,1,0,0,2.6802828980245272,-1.7609719759266615
24.34,66.05,1019.26,74.58,440.67,1,0,0,0.46159075239059916,-0.5287774286104079
31.93,72.58,1006.9,56.27,425.14,1,0,0,2.6970691941183276,-0.1275849185022605
9.18,42.18,1017.4,87.3,475.57,0,1,0,-2.047637900309525,0.24173792384955195
28.57,62.26,1010.75,62.12,437.41,1,0,0,1.549403918281602,-0.3049215713821406
16.63,53.82,1015.18,66.09,458.29,0,1,0,-0.21395772616402778,-0.5686998724396923
17.25,43.14,1018.34,76.17,462.8,0,1,0,-1.1124897641398814,-0.4826215457551782
32.06,69.88,1006.88,63.53,432.47,1,0,0,2.400412990130974,0.22676728472282875
19.72,66.51,1015.07,74.7,458.07,1,0,0,0.38307731313821325,-0.03110873748761655
10.22,41.74,1022.65,83.58,479.01,0,1,0,-2.241921047505161,-0.5325776411834041
21.78,68.28,1001.0,79.3,443.24,1,0,0,1.4701889017419016,1.7384812680389035
16.34,47.45,1009.41,92.96,448.59,0,1,0,-0.8274935862323323,1.397416771481647
10.29,41.74,1019.9,80.51,480.62,0,1,0,-1.968434675857797,-0.3921341459806019
13.5,44.92,1023.87,87.17,468.85,0,1,0,-2.007984496522619,-0.4768644862906921
13.88,39.16,1010.8,75.69,464.37,0,1,0,-1.03951366039271,0.3045094527817241
31.26,76.09,1006.66,63.91,430.36,1,0,0,2.6132426562654825,0.3258269431185472
13.55,40.1,1015.7,86.68,474.59,0,1,0,-1.6465538592182567,0.348210316200309
12.8,44.9,1007.58,66.6,466.95,0,1,0,-0.4185250426054793,0.23942536229225098
26.96,72.86,1004.86,59.17,441.12,1,0,0,2.36250731584776,0.28045888927694274
11.49,35.76,1019.08,60.04,472.45,0,1,0,-1.542235056098246,-1.4160255118036837
30.95,73.06,1008.86,74.86,431.77,1,0,0,2.017944887447643,0.6293199332437409
13.7,44.47,1027.51,70.77,468.79,0,1,0,-1.83093446807652,-1.7248561443083317
30.28,79.74,1006.96,70.21,433.45,1,0,0,2.508201905090983,0.6545099916738091
8.61,37.49,1009.35,82.62,477.13,0,1,0,-1.6303413266717526,0.842713728317154
27.18,59.27,1012.57,64.18,439.69,1,0,0,1.1249409740686638,-0.4113168340341647
19.8,52.9,1017.75,66.67,456.64,0,0,0,-0.18324829316296143,-0.8476443516178535
12.88,40.64,1020.76,92.58,474.58,0,1,0,-2.1771939968008374,0.11081048311247978
14.19,39.52,1018.34,77.25,467.14,0,1,0,-1.5528745358774427,-0.4351163206608248
15.15,39.58,1011.94,73.63,466.78,0,1,0,-0.9400668061841608,0.06874203907224224
28.8,73.4,1011.34,54.01,439.65,1,0,0,2.2312311897519743,-0.6996923348606334
6.69,40.64,1020.54,92.83,483.01,0,1,0,-2.679630957530022,0.18996388983401558
26.43,58.41,1013.57,64.67,444.74,1,0,0,0.9441409679740538,-0.4967013297591489
20.13,47.03,1012.59,83.03,459.15,0,0,0,-0.4905191249421718,0.509248503626023
14.24,39.52,1018.22,77.19,468.51,0,1,0,-1.5389985918891365,-0.4254901171520018
15.92,41.79,1006.24,79.42,458.68,0,1,0,-0.5417665036595241,1.0008114186353436
30.74,73.67,1005.79,57.89,428.92,1,0,0,2.6802513034889888,0.09381685628131688
16.55,54.3,1017.95,60.84,460.59,0,1,0,-0.25106130398304627,-1.1369223205588224
16.39,41.96,1011.7,94.85,463.99,0,1,0,-1.270925803826476,1.201095375960153
19.73,56.65,1020.7,69.49,457.46,0,0,0,-0.2985052497378036,-0.9925637560814617
14.62,43.99,1023.6,86.7,461.88,0,1,0,-1.9258562370409338,-0.48687555553153616
10.12,40.0,1021.33,95.29,476.03,0,1,0,-2.542888109913955,0.20236114639989544
26.1,44.57,1007.47,55.15,446.49,1,0,0,0.9713644421719783,-0.4332572580841215
11.23,39.72,1018.46,60.62,475.04,0,1,0,-1.3619901043639948,-1.2849024848309687
27.24,69.13,1009.28,70.85,432.36,1,0,0,1.6146156865527825,0.3702590362837039
21.48,61.27,1019.29,61.43,450.88,1,0,0,0.35636820324849616,-1.2299003327475426
27.52,66.25,1008.21,78.8,438.51,1,0,0,1.3759596444866444,0.8720816895645
13.74,43.71,1025.45,86.62,465.24,0,1,0,-2.1348705435732893,-0.6886741409554115
18.65,52.08,1005.48,99.94,449.55,0,1,0,-0.3471613666464836,2.2071780881923178
17.38,43.14,1011.09,61.9,459.02,0,1,0,-0.2345882295889252,-0.4308554964511467
15.25,41.17,1016.0,62.05,468.76,0,1,0,-0.8359151645358746,-0.9590212013182713
8.04,40.64,1020.64,89.26,477.78,0,1,0,-2.481736538228207,-0.014456073513733783
26.59,66.49,1013.32,49.76,439.72,1,0,0,1.720238597782416,-1.1752474477795452
8.49,39.61,1021.05,87.74,483.94,0,1,0,-2.4782397688414304,-0.1489406739578495
25.15,57.32,1012.41,41.84,440.1,1,0,0,1.466091372770016,-1.5490794719084109
22.02,46.93,1014.32,55.92,451.92,1,0,0,0.2515294412950023,-1.0924370258498952
23.23,63.31,1012.52,75.1,441.5,1,0,0,0.6950974272845676,0.21742432522909821
7.78,40.8,1026.7,85.61,488.54,0,1,0,-2.813917046915552,-0.8596341771531608
12.93,39.58,1010.93,75.9,473.09,0,1,0,-1.1137569938962613,0.31107091488180494
6.87,40.07,1017.91,57.64,491.4,0,1,0,-1.591052334394687,-1.346258366150275
30.35,71.32,1009.17,64.61,434.62,1,0,0,2.138415647765987,0.05647505912404694
25.89,48.41,1008.49,68.58,440.92,1,0,0,0.7028530168904271,0.1814026168211088
8.11,41.92,1029.61,91.92,483.52,0,1,0,-3.1005819727324204,-0.8439382963879172
26.22,67.45,1013.7,44.04,440.17,1,0,0,1.8555865176287052,-1.5016665432908862
12.64,41.49,1019.78,94.0,468.78,0,1,0,-2.129819955516809,0.299308513401771
27.89,73.17,1009.85,64.22,432.83,1,0,0,1.980769460344996,-0.0059870485159446065
21.11,58.66,1011.7,68.71,457.89,1,0,0,0.5379891915407573,-0.04616245968697418
13.51,43.41,1015.94,75.22,463.86,0,1,0,-1.2208244334861222,-0.24262968094181736
25.07,77.95,1012.87,83.0,438.55,1,0,0,1.2621255828496636,0.6925241986331865
26.53,69.71,1009.88,76.26,446.17,1,0,0,1.3993114090817182,0.59375659727395
16.13,43.48,1014.41,50.05,459.47,0,0,0,-0.23946568852835592,-1.392832700843554
31.4,66.54,1003.55,57.73,425.91,1,0,0,2.5772717453025193,0.26750265108853855
22.65,57.85,1012.6,68.52,445.36,1,0,0,0.57298975607622,-0.17100913963127778
10.22,39.16,1015.71,96.2,478.45,0,1,0,-2.2122929205310267,0.853790543037626
22.72,65.61,1014.64,70.53,449.04,1,0,0,0.729290238015275,-0.22732239289069284
25.77,58.59,1012.51,55.84,449.65,1,0,0,1.2006062129642945,-0.8311963867921802
13.6,39.82,1013.34,86.1,470.69,0,1,0,-1.47871804412131,0.5726234191543955
29.59,70.17,999.71,71.0,434.85,1,0,0,2.5029641525732966,1.4122932719517387
14.09,43.99,1021.02,94.39,468.09,0,1,0,-1.994650704386259,0.19466395408310422
13.67,40.71,1016.19,66.15,467.62,0,1,0,-1.1066945280617728,-0.7609476458719664
14.94,42.77,1018.9,73.95,462.67,0,1,0,-1.2996312068606397,-0.6454026767383
14.77,41.39,1018.95,65.61,470.21,0,1,0,-1.1599817244947115,-1.0913697840815384
20.77,69.51,1012.96,62.89,442.82,1,0,0,1.054466354523142,-0.3940977050707156
12.75,42.86,1014.9,88.44,475.09,0,1,0,-1.5823476927737012,0.5538747657055297
16.34,42.28,1008.08,52.8,463.29,0,0,0,0.0846615006436533,-0.5727572515393358
14.24,41.16,1010.16,87.0,471.0,0,1,0,-1.1735305835007699,0.9717429904260366
10.11,39.35,1015.19,90.74,479.83,0,1,0,-2.0348682987565905,0.6308064267209992
23.38,59.07,1009.29,92.4,442.83,1,0,0,0.2886895461412064,1.4270702194858227
21.97,58.79,1010.93,86.7,448.8,1,0,0,0.1971036129888791,0.9616140000187221
17.66,62.1,1019.49,86.3,452.03,0,0,0,-0.5858403234128757,0.06507191366909283
5.53,35.79,1011.19,94.01,484.64,0,1,0,-2.382582286520019,1.2377582795754005
23.48,73.67,1007.07,88.49,437.19,1,0,0,1.1941611178629592,1.5838406324916974
11.91,41.49,1019.69,96.39,470.07,0,1,0,-2.246388812914712,0.43748373193861323
10.17,40.46,1018.54,68.21,470.33,0,1,0,-1.620641438330566,-0.8885610605823713
21.96,48.78,1019.56,85.05,451.58,0,0,0,-0.790300172164685,-0.1437568821303461
23.63,73.5,1011.46,89.39,438.21,1,0,0,0.8762315192715835,1.1499330551400393
32.28,75.33,1002.14,62.49,433.42,1,0,0,3.00918911608336,0.7315574569926426
30.08,67.25,1017.57,47.77,432.1,1,0,0,1.8040476077877645,-1.7584432791905202
30.25,68.24,1006.58,31.9,432.05,1,0,0,3.025689919702654,-1.3743726892797594
29.8,64.69,1006.6,54.43,437.85,1,0,0,2.2419409382037587,-0.23891620959756876
16.58,41.79,1006.24,72.95,452.95,0,1,0,-0.3182251676493474,0.6622756447624142
16.98,53.16,1013.95,82.8,458.93,0,0,0,-0.5669580550631088,0.42019938688157504
29.83,71.43,1011.93,55.8,439.34,1,0,0,2.142390903526164,-0.6944245787704246
6.13,40.81,1026.31,91.66,483.8,0,1,0,-3.0811649588893246,-0.49347426319339693
15.85,46.18,1013.14,97.8,462.88,0,1,0,-1.3047031358248673,1.2342915192874622
13.27,40.27,1006.1,40.04,473.88,0,0,0,0.21107633452755326,-1.011152004788803
29.09,75.33,1001.61,71.06,433.29,1,0,0,2.558088435724561,1.2535018252129468
18.96,50.16,1010.72,100.09,451.2,0,1,0,-0.767392353913697,1.6268137897911685
18.22,44.34,1019.35,56.78,469.27,0,1,0,-0.5417031561881538,-1.5905968791455136
19.07,44.63,1020.23,44.93,456.37,0,1,0,-0.209105627153227,-2.3016610719396096
24.02,70.94,1008.0,79.55,441.57,1,0,0,1.2885749615792983,0.9953586268523174
24.35,70.04,1010.92,73.88,438.4,1,0,0,1.2252177118618182,0.375203701262948
16.82,45.0,1022.05,37.28,468.22,0,1,0,-0.30268155096480437,-2.87641286527317
23.79,50.16,1005.32,75.82,435.49,1,1,0,0.6336140233441921,0.9287719173678183
25.48,65.12,1016.12,53.66,447.85,1,0,0,1.2754150520536862,-1.2822141552724786
23.56,51.86,1014.04,73.9,448.04,1,0,0,0.1452485682636648,-0.1045091184673334
15.09,41.76,1022.4,76.22,463.27,0,1,0,-1.629716970903475,-0.9184455566501112
18.77,49.39,1021.06,82.95,454.53,0,0,0,-1.0740894035164088,-0.38878216795716874
18.64,52.08,1004.24,99.9,451.3,0,1,0,-0.2624019562168583,2.3401909484242043
9.77,44.68,1023.37,91.4,477.56,0,1,0,-2.402873486915351,-0.1804910562412917
26.43,51.43,1006.3,71.48,441.01,1,0,0,0.9540984649423493,0.5902019325890653
4.95,42.07,1004.87,80.88,485.67,0,1,0,-1.3795996707851914,1.302558862633764
10.39,40.22,1004.95,91.65,476.49,0,1,0,-1.2990470647394994,1.7977998495297962
18.9,56.03,1020.77,71.83,457.66,0,0,0,-0.4602644825841564,-0.8787013797349756
17.14,41.66,1010.97,57.66,463.38,0,0,0,-0.20067182775339987,-0.6469699969956604
28.28,68.67,1006.36,69.9,435.29,1,0,0,1.904074641637022,0.6283281354962404
18.07,44.92,1024.72,69.15,457.53,0,1,0,-1.217862474397893,-1.5309535220685995
28.06,68.24,1010.27,69.72,429.47,1,0,0,1.6050897483588504,0.19135896142094827
24.88,49.16,1006.04,64.54,445.18,1,0,0,0.9251598659499402,0.25252480888454576
31.46,66.54,1002.86,53.75,427.76,1,0,0,2.73326715511738,0.13674379294170724
27.14,64.27,1012.71,54.4,441.68,1,0,0,1.5880978362495684,-0.8909226050668386
22.05,48.14,1015.81,69.94,447.37,0,0,0,-0.1605864997592193,-0.5213149355860599
15.77,41.79,1007.96,80.69,455.87,0,1,0,-0.7045978192510125,0.880131114285756
18.18,67.71,1004.5,87.26,449.24,1,0,0,0.7013039722789189,1.7883618999342186
15.33,36.71,1013.99,73.89,468.36,0,1,0,-1.1983013264084146,-0.16538428196422017
25.98,60.95,1014.5,48.01,442.9,1,0,0,1.3909206713035829,-1.4345288128983393
18.12,44.63,1001.26,89.72,453.55,0,1,0,-0.16460058773181346,2.0826298090264665
23.84,63.47,1012.54,76.33,444.48,1,0,0,0.7189945195093637,0.2758688586964255
21.67,62.39,1007.98,92.96,445.85,1,0,0,0.3686041513250649,1.637038936488272
23.86,66.54,1005.23,90.89,432.17,1,0,0,0.973905280843853,1.8480530150520336
31.95,67.17,1007.11,61.58,432.6,1,0,0,2.307128498271272,0.07997494228683046
17.96,47.83,1005.0,85.72,454.59,0,1,0,-0.18718161364195046,1.495785112564913
15.0,50.88,1014.04,100.12,459.37,0,1,0,-1.289626304681311,1.2997417236763387
21.97,58.95,1017.78,76.95,443.61,1,0,0,-0.008078612604196138,-0.28627908664887364
19.27,43.14,1013.17,39.85,463.14,1,0,0,0.35578480580057725,-1.8086107505323712
30.21,69.4,1003.69,62.89,438.18,1,0,0,2.4607658598262994,0.5498228963444423
8.51,38.5,1013.33,64.28,482.39,0,1,0,-1.3861692869813536,-0.5286427758002582
8.51,39.96,1026.34,96.1,475.96,0,1,0,-3.040269064273052,-0.2906252501084572
7.8,43.65,1018.92,60.77,479.78,0,1,0,-1.5071045878985327,-1.2721505959319745
15.6,41.7,1019.15,84.1,461.38,0,1,0,-1.574604663653517,-0.1617373211380841
10.03,43.13,1014.85,70.09,482.16,0,1,0,-1.3120329462258673,-0.3672763046536679
22.38,71.85,1009.56,74.91,441.47,1,0,0,1.208226331701587,0.6044942949849175
11.77,40.92,1021.85,81.55,467.31,0,1,0,-2.0425541345012665,-0.567472944066038
29.84,74.87,1009.64,61.39,435.05,1,0,0,2.3049345583349052,-0.1288565450646379
32.51,73.56,1007.06,59.6,435.23,1,0,0,2.690223094892471,0.030843314985302024
14.47,41.76,1021.98,78.41,464.0,0,1,0,-1.7094821641229396,-0.755417326838718
21.93,62.91,1013.45,74.62,449.17,1,0,0,0.519302262632189,0.09704643769958758
31.85,69.04,1008.35,46.09,434.79,1,0,0,2.7015487153971756,-0.838989715857885
23.66,61.86,1013.33,83.09,444.27,1,0,0,0.402650462997865,0.5271139555268306
18.83,63.91,1010.8,96.18,448.15,1,0,0,-0.07518675206575223,1.5278878063674333
26.54,69.34,1009.5,87.18,435.51,1,0,0,1.124381721466119,1.1958479939356133
17.51,41.85,1016.25,72.03,465.05,0,1,0,-0.8972324063436612,-0.4809680724226003
14.14,39.59,1010.84,96.02,465.23,0,1,0,-1.5330645361165836,1.351417233014762
30.68,71.25,999.98,68.99,433.47,1,0,0,2.67466030869708,1.2803779029710693
23.24,51.95,1006.21,78.08,448.5,1,1,0,0.5474038315152526,0.9667232357077093
29.77,67.07,1005.82,48.38,433.89,1,0,0,2.5556657253614743,-0.44695771917273164
14.04,40.56,1018.4,65.79,472.98,0,1,0,-1.224033325374971,-1.0238916136672418
26.38,59.92,1009.99,71.91,444.85,1,0,0,1.0614738805973853,0.27936834140964584
5.28,42.07,1003.82,80.84,485.24,0,1,0,-1.2797313664294245,1.412561706311455
12.37,46.97,1013.95,90.76,464.4,0,1,0,-1.4283632424979251,0.812786812888429
13.86,35.71,1015.21,63.16,471.63,0,1,0,-1.1665103810588027,-0.8501846593742535
14.73,39.82,1012.67,80.82,470.41,0,1,0,-1.20180154489361,0.365261158183654
30.12,69.68,1012.89,60.64,436.34,1,0,0,1.8972480285945592,-0.5651515904917743
19.68,44.34,1019.49,49.5,468.27,0,1,0,-0.24051107720491774,-1.991659518612258
8.27,35.77,1015.3,73.36,478.13,0,1,0,-1.8979173789505797,-0.2947118102358407
5.21,35.79,1011.5,95.08,484.03,0,1,0,-2.4580890451703175,1.2614331119566387
31.13,67.45,1015.02,41.34,435.14,1,0,0,2.241402274419547,-1.8183269091053342
28.93,72.99,1007.23,64.41,434.45,1,0,0,2.232330856199155,0.2805285707743559
17.05,44.88,1017.69,88.19,459.63,0,1,0,-1.3220615336961605,0.224087800775284
12.61,43.22,1013.41,78.94,466.85,0,1,0,-1.2282034949210634,0.2295045084501839
4.93,35.19,1018.04,92.94,486.39,0,1,0,-2.897610258746079,0.4359646886841451
5.73,40.35,1012.24,91.84,490.5,0,1,0,-2.1799129060236013,1.0467698460886339
24.57,72.24,1011.44,79.19,434.93,1,0,0,1.166163438428915,0.6089438521725423
15.55,39.63,1004.98,89.82,466.83,0,1,0,-0.853394841177064,1.6600478379640156
23.43,71.97,1009.42,94.27,442.19,1,0,0,0.8038309791709393,1.6130273383366374
20.67,63.56,1013.27,79.39,450.7,1,0,0,0.3315907930883153,0.3767499050448047
5.95,35.57,1025.84,77.61,487.72,0,1,0,-2.927863104904864,-1.2086385702564082
18.11,43.43,1008.65,73.3,451.38,0,1,0,-0.29309104085866294,0.42070392999958267
11.02,39.96,1025.64,93.58,467.41,0,1,0,-2.719527701742078,-0.3616596835142808
23.37,63.87,1016.67,60.44,446.42,1,0,0,0.8314866045962871,-0.9877190156001965
23.22,69.04,1009.65,89.05,448.6,1,0,0,0.7780414030421152,1.2963260346669638
12.31,41.06,1021.19,74.38,475.76,0,1,0,-1.7594563314979892,-0.868340005801677
15.34,41.23,996.87,86.56,465.16,0,1,0,-0.16208323273604536,2.3890733971709226
28.69,67.25,1017.71,44.6,436.21,1,0,0,1.7626115745790953,-1.927846486240879
11.34,43.67,1011.54,87.95,472.77,0,1,0,-1.421133900248271,0.9105685481135901
6.02,41.38,1021.2,88.71,490.57,0,1,0,-2.6396426143961964,-0.08406050258919194
11.2,42.02,999.99,96.69,472.27,0,1,0,-0.9463744296259664,2.6070028849600186
9.09,41.92,1029.36,91.0,478.98,0,1,0,-2.978611144284005,-0.8709112798916807
29.47,65.51,1014.71,58.28,444.8,1,0,0,1.5973364982354321,-0.9142990019848911
23.12,69.71,1008.98,84.41,442.21,1,0,0,0.9662531108725616,1.1358059331594013
10.29,41.46,1020.84,89.03,480.32,0,1,0,-2.2675012774792926,-0.05687403364089726
13.36,39.64,1010.3,93.26,471.89,0,1,0,-1.486301934750016,1.273453512727705
18.38,55.28,1020.22,68.33,451.29,0,0,0,-0.407294498090093,-1.0020007744898631
22.76,49.02,1007.5,88.56,442.84,1,1,0,0.016806296810653223,1.3469982372598333
28.19,62.6,1017.34,46.95,449.61,1,0,0,1.4801492061600794,-1.8002779319757067
24.16,48.98,1015.19,42.55,459.27,1,0,0,0.8085961461708648,-1.8755223930110605
29.75,73.5,1011.13,67.31,433.63,1,0,0,1.9808261052215947,0.004125110778170802
25.38,62.96,1019.98,56.88,444.83,1,0,0,0.8246251237483723,-1.5529629967440703
21.98,59.39,1015.25,84.52,446.79,1,0,0,-0.013177350723028705,0.3834759260942585
9.82,36.18,1019.18,65.8,475.21,0,1,0,-1.818886186056133,-1.1147487477448876
27.5,65.34,1014.93,47.46,439.59,1,0,0,1.6949813486758967,-1.4847650990442611
7.84,43.52,1022.23,96.51,483.79,0,1,0,-2.6691194889227523,0.21128723180843978
23.49,47.45,1008.46,66.18,446.72,1,0,0,0.5271990306334147,0.069429508513155
10.91,37.92,1008.66,66.53,473.72,0,1,0,-0.9540599078636818,0.07491144319866623
12.95,41.23,993.74,96.35,469.05,0,1,0,-0.40177380503371934,3.2516212812360274
7.92,41.66,1014.84,76.12,483.38,0,1,0,-1.70788354380576,-0.05230140600683387
21.98,55.5,1017.89,57.9,457.29,1,1,0,0.33093564142522475,-1.309607331382443
9.39,41.79,1021.6,50.09,473.73,0,1,0,-1.36151204114574,-2.1411674686990847
30.04,67.25,1017.57,38.14,434.83,1,0,0,2.052386824175152,-2.2553374148048353
14.56,39.39,1014.23,80.61,471.72,0,1,0,-1.3356595990848001,0.182266541004993
12.26,43.48,1016.41,72.95,467.83,0,1,0,-1.2936353549215978,-0.40189131716375204
18.87,60.07,1015.15,70.91,453.27,1,0,0,0.12257265394556661,-0.2815522392297498
21.16,45.38,1014.65,73.06,458.63,0,0,0,-0.35817180105126295,-0.2500906510875204
27.65,67.07,1005.65,60.42,439.03,1,0,0,2.077661482885442,0.20762498755040504
16.03,65.46,1013.96,87.56,455.17,0,0,0,-0.22814371294450658,0.7704232877042905
14.45,44.84,1023.28,82.79,461.0,0,1,0,-1.7784237030338415,-0.6458873500589974
11.76,39.28,1016.9,91.06,478.07,0,1,0,-2.0267133218853823,0.4493069083169312
13.83,43.22,1010.62,70.8,464.39,0,1,0,-0.7245889202611653,0.10469715612635723
6.18,41.55,1001.58,98.79,484.87,0,1,0,-1.5447075332571487,2.572815699929886
14.82,40.0,1016.32,66.3,458.46,0,1,0,-1.05586266581617,-0.780934357043471
32.1,69.98,1013.31,55.84,431.09,1,0,0,2.1706916061949615,-0.8698018485172413
15.11,45.01,1014.35,65.03,460.91,0,1,0,-0.6435482452402088,-0.5936349494942318
28.76,69.48,1008.62,55.86,430.14,1,0,0,2.192201951611522,-0.33933501026969315
5.54,45.87,1008.69,95.91,478.02,0,1,0,-1.8165503496473525,1.6891732003851125
23.97,62.44,1013.64,88.5,442.46,1,0,0,0.29130513068499964,0.7752171658900716
19.77,54.42,1011.73,89.26,458.21,0,0,0,-0.29858126712746785,0.986506832439637
22.42,71.77,1005.5,90.62,435.06,1,0,0,1.0742829051353024,1.8566834242829633
25.57,66.54,1005.22,83.48,430.92,1,0,0,1.3093551518823625,1.4549025490960523
22.29,43.79,1015.68,41.75,461.23,1,0,0,0.41293056527327127,-1.9992035818790006
19.55,39.39,1013.55,57.82,464.36,0,0,0,-0.28191675283328693,-0.9543682216213678
6.13,40.64,1020.69,94.57,481.13,0,1,0,-2.78154594691474,0.26728917441328504
25.21,46.21,1010.87,59.35,439.55,1,0,0,0.6286600653831316,-0.5673204649466761
16.78,58.95,1017.74,96.24,450.02,0,0,0,-0.937783160153051,0.7494205683393926
17.55,45.87,1008.07,80.98,454.29,0,1,0,-0.3928783214449444,0.9038291145516519
18.88,40.79,1004.98,92.65,459.06,0,1,0,-0.6013548412667019,1.7927436575472064
20.32,49.16,1007.47,91.12,443.59,0,1,0,-0.2432610766982573,1.5002286486692469
2.64,39.64,1011.02,85.24,481.29,0,1,0,-2.210614664066388,0.8542574805519739
22.88,69.45,1014.02,65.13,441.76,1,0,0,1.0951729041686624,-0.40876474228183846
9.47,36.54,1007.93,77.65,475.48,0,1,0,-1.374561706909207,0.7272073105038772
31.98,64.05,1010.49,58.01,439.56,1,0,0,2.0348972279578312,-0.4976801501132998
5.84,41.38,1020.34,82.41,489.4,0,1,0,-2.4312422353362715,-0.3144446733576127
25.23,60.84,1017.79,56.42,442.02,1,0,0,0.8801048091726812,-1.3543188944662095
18.99,44.6,1014.7,40.11,463.48,1,0,0,0.2859388559752893,-1.9480986547373706
28.16,73.21,1002.27,88.26,432.78,1,0,0,1.8934128527964915,2.0589027172699996
21.53,52.84,1005.06,88.22,444.04,1,1,0,0.2589407645342595,1.6342835900401695
23.13,72.24,1010.92,92.3,437.67,1,0,0,0.7401861538588625,1.352228817555065
23.46,59.27,1010.6,79.79,445.57,1,0,0,0.5443090822252841,0.6344877919105625
28.62,59.14,1016.36,53.1,436.09,1,0,0,1.2692020378788524,-1.4068796851159393
15.79,38.28,1014.4,74.84,465.64,0,1,0,-1.1438922892916514,-0.15147544298360482
23.19,45.61,1013.18,73.46,454.62,0,0,0,-0.09071370100912478,-0.08140552061850852
25.43,60.95,1014.62,51.39,444.65,1,0,0,1.2490216649613928,-1.269337309635134
31.52,76.2,1008.31,57.35,435.31,1,0,0,2.6984786374095866,-0.19338607218192
10.67,40.56,1022.39,77.92,482.36,0,1,0,-2.091176958927134,-0.8090572957114306
6.25,39.64,1010.98,83.45,483.43,0,1,0,-1.8631551716290968,0.7415349769432903
14.33,43.41,1015.43,55.4,462.94,0,1,0,-0.60045921684175,-1.2159501676495668
27.62,68.27,1008.04,63.04,427.67,1,0,0,1.8966855057402363,0.09253850945580934
25.4,70.4,1006.8,94.78,439.04,1,0,0,1.0625066684764757,1.8985127582522903
9.83,41.17,1019.34,72.29,478.21,0,1,0,-1.7785568596735835,-0.7569839489518313
20.24,56.65,1020.72,62.9,455.49,0,0,0,-0.08557227468203386,-1.3384474578881165
28.42,73.5,1011.23,72.79,435.59,1,0,0,1.7210369695190477,0.2852401358938871
22.72,58.82,1012.54,77.72,448.67,1,0,0,0.3852194635559573,0.3178265916304564
24.59,72.24,1011.42,81.5,433.31,1,0,0,1.108815307978176,0.7302430084881204
16.37,36.99,1006.37,90.11,463.76,0,1,0,-1.0044524743938619,1.4968101314019544
8.52,41.55,1002.09,86.81,483.63,0,1,0,-1.0732932327850568,1.8828086885651774
18.01,62.26,1011.89,89.29,451.14,0,0,0,-0.10988409791963673,1.045812164800758
27.02,72.58,1009.21,89.13,437.8,1,0,0,1.2756624121283686,1.3509142191068975
19.68,51.19,1008.64,94.88,452.04,0,1,0,-0.38460427544213127,1.587682484233973
10.38,43.02,1013.37,78.53,474.44,0,1,0,-1.4076376555451569,0.22631813380538188
26.64,69.13,1010.6,79.23,430.41,1,0,0,1.2561228121779,0.6632724045869335
8.09,43.02,1014.79,81.06,484.35,0,1,0,-1.7595696936044918,0.21797300201856323
25.24,57.17,1010.44,74.0,442.77,1,0,0,0.7608450381239886,0.3239108213794194
21.8,65.94,1012.02,63.52,448.66,1,0,0,1.0297071197036722,-0.2950208950794081
17.39,42.44,1013.72,73.79,461.55,0,1,0,-0.7546270490466073,-0.10906909229811111
16.84,39.63,1004.67,82.98,466.06,0,1,0,-0.5470519579120184,1.3318580061151204
20.65,66.51,1014.94,71.83,456.49,1,0,0,0.5436953324628229,-0.17147807485326091
15.56,41.1,1004.65,84.58,467.32,0,1,0,-0.6283348804688453,1.437225297497618
12.27,43.8,1023.21,57.0,468.55,0,1,0,-1.325517530109297,-1.9632070104230175
5.6,38.91,1019.31,85.33,491.1,0,1,0,-2.566029727326326,-0.06980517951349784
15.54,41.96,1011.78,97.46,467.1,0,1,0,-1.414737984222158,1.332939042489311
22.83,58.62,1017.82,69.76,450.96,1,0,0,0.2335080467751157,-0.6703660903588018
25.1,43.77,1010.9,49.68,444.99,1,0,0,0.7626455419319779,-1.0887221708544077
20.91,58.2,1018.1,62.8,446.19,1,0,0,0.2193016538859312,-1.0504403181375384
14.03,44.88,1019.6,57.63,465.51,0,1,0,-0.9029803298560334,-1.540955617986904
20.71,46.63,1013.1,74.49,453.05,0,0,0,-0.2718954677558226,0.005641384058678689
16.15,44.21,1020.76,85.41,462.02,0,1,0,-1.5625436523713343,-0.2529403947808416
5.15,35.19,1018.63,93.94,488.42,0,1,0,-2.9458075214562585,0.4218500281360734
25.89,74.22,1007.43,81.55,433.73,1,0,0,1.5741284630273282,1.1743172289792374
6.24,35.77,1019.24,70.7,483.36,0,1,0,-2.264576561889382,-0.8471515944885588
26.35,69.48,1008.45,70.47,435.23,1,0,0,1.6231055727181476,0.4499103668227549
10.94,39.04,1021.62,86.41,479.8,0,1,0,-2.3052617372154227,-0.30099646924139356
7.61,39.37,1015.84,83.73,483.74,0,1,0,-2.1014660693179583,0.2153728298162675
28.56,69.51,1012.45,46.59,434.35,1,0,0,2.158132694828391,-1.233314087015107
13.0,39.28,1016.7,81.94,473.6,0,1,0,-1.6724182759933235,-0.008227380552242916
8.82,34.69,1026.81,82.54,481.44,0,1,0,-2.9247373787847337,-1.0864279446278193
27.22,66.48,1004.59,52.66,436.06,1,0,0,2.2912019390854503,-0.07940314046789197
15.08,42.77,1018.67,73.89,461.6,0,1,0,-1.2708274696299233,-0.6244147416421175
7.67,42.85,1012.02,93.35,478.94,0,1,0,-1.9340287206606332,1.1555624519119878
11.83,44.6,1018.49,89.06,469.96,0,1,0,-1.8425242910587725,0.21531063957420404
29.44,64.33,1011.4,61.78,442.32,1,0,0,1.6770437344230904,-0.38251617253091486
30.36,74.87,1008.96,61.87,435.31,1,0,0,2.3816712833562943,-0.033590999140810034
32.26,73.68,1014.75,60.9,426.48,1,0,0,2.116627801554443,-0.7366442752947285
28.86,73.4,1011.37,58.76,439.33,1,0,0,2.110016253912043,-0.4581406809303828
9.28,40.22,1009.23,88.43,480.73,0,1,0,-1.59831921941875,1.1731442873845752
10.52,41.78,1013.54,71.52,474.58,0,1,0,-1.2791647074485277,-0.16504096107099198
26.9,60.93,1007.1,67.32,435.87,1,0,0,1.465895060111852,0.3616429060449652
24.86,44.05,1005.69,66.65,447.2,1,0,0,0.6669423327523938,0.35854036998663147
13.39,49.83,1007.14,90.88,466.04,0,1,0,-0.7569323587356018,1.5765144921872751
27.98,71.98,1005.58,81.0,428.44,1,0,0,1.7883716800706388,1.3150246671429457
26.95,70.8,1009.73,82.95,436.8,1,0,0,1.3174441716445455,0.9613830178840765
3.2,41.31,997.67,98.84,489.86,0,1,0,-1.5359829184075973,3.01954055674854
13.45,42.44,1012.79,83.12,473.96,0,1,0,-1.2602190504570105,0.5007876352028131
20.08,54.42,1011.79,89.35,457.14,0,0,0,-0.2794372446999704,0.9825024499671386
30.07,70.98,1007.74,75.68,437.55,1,0,0,1.9085391926126023,0.7828562385653484
7.5,40.02,1031.39,82.53,476.01,0,1,0,-3.1106835997318694,-1.5336562081764538
33.59,79.05,1007.79,63.55,436.51,1,0,0,2.8684227444937127,0.1921315515142512
30.39,70.98,1007.55,72.76,435.48,1,0,0,2.024206894015554,0.650606119929875
21.64,44.05,1007.73,74.79,447.96,0,1,0,0.04938681939400054,0.5786718197583435
13.08,39.28,1012.41,77.98,474.13,0,1,0,-1.2698573655808352,0.25387304084614115
13.39,44.58,1016.5,79.26,474.7,0,1,0,-1.3228932790650572,-0.0847845712799729
22.94,58.05,1012.27,80.12,433.77,1,0,0,0.3251229956379875,0.4634229311121605
28.07,64.09,1005.41,64.09,436.61,1,0,0,1.9014051009660318,0.39635293560061013
20.27,63.09,1016.6,90.7,446.75,0,0,0,-0.24471577754111334,0.5970315862784845
11.83,43.14,1010.06,88.14,471.98,0,1,0,-1.308120612407932,1.0739010378096627
21.25,67.71,1006.9,55.76,444.98,1,0,0,1.6141909767813807,-0.12017151594548013
24.35,60.27,1017.6,75.45,441.74,1,0,0,0.2980242584717085,-0.3497500337517142
12.41,41.44,1015.46,76.9,472.06,0,1,0,-1.4096443940780865,-0.11198737177364118
28.61,68.12,1012.23,46.45,435.28,1,0,0,2.1196337196230974,-1.2281267353097618
25.6,66.48,1006.16,69.34,435.12,1,0,0,1.6145906247663853,0.621863333190225
13.11,42.99,1007.6,97.0,472.84,0,1,0,-1.2728910552301056,1.7892034814890985
21.39,63.9,1013.44,70.95,449.38,1,0,0,0.6149622507920036,-0.07967154666048865
12.41,37.92,1008.09,65.23,470.49,0,1,0,-0.7574235074864435,0.05960849767979038
29.06,64.96,1000.88,62.07,430.24,1,0,0,2.3831001245827244,0.7855308372670409
18.38,62.1,1020.12,77.27,452.91,0,0,0,-0.33340318044315065,-0.47463237302495453
16.6,41.93,1022.01,48.98,467.51,0,1,0,-0.759196136118007,-2.2912484684236927
31.18,74.34,1003.81,63.59,434.15,1,0,0,2.7321512145067226,0.6060608766764141
27.88,62.66,1009.51,56.44,441.32,1,0,0,1.7430520339401656,-0.45521650172938527
26.18,68.08,1012.92,55.7,436.51,1,0,0,1.628552490689277,-0.8094230110298407
15.07,39.82,1012.78,84.46,471.31,0,1,0,-1.2763550097713343,0.5388835025401006
21.47,50.12,1009.19,93.68,448.11,0,1,0,-0.29017833082743083,1.4449976919707719
10.35,44.2,1018.46,88.6,478.36,0,1,0,-1.9682487409322624,0.20171871705383093
20.3,44.9,1008.25,64.08,457.6,1,0,0,0.22067270851209703,-0.01486723594186822
26.94,66.48,1005.46,60.62,440.12,1,0,0,2.0007755170585524,0.23873592753554218
25.72,47.45,1007.74,58.35,442.78,1,0,0,0.9649487597876865,-0.27165329635146784
24.19,58.95,1017.78,58.78,441.91,1,0,0,0.649951910653687,-1.2395088089906618
20.71,49.69,1010.26,69.97,455.69,1,0,0,0.17475007276740967,0.10615173834514939
7.81,39.64,1011.42,86.68,482.22,0,1,0,-1.8487984156935895,0.8497246130377506
27.11,48.6,1002.78,53.39,439.4,1,0,0,1.5981443408036646,0.012081662200320373
21.26,51.43,1009.96,80.66,455.45,1,1,0,0.0379730971195278,0.7009653055151681
29.12,73.06,1009.98,80.21,434.9,1,0,0,1.650743747335097,0.7960834262906802
17.3,43.72,1009.64,77.86,456.55,0,1,0,-0.53381246055436,0.5562031690082261
15.02,42.07,1017.89,83.68,460.82,0,1,0,-1.509285210487753,-0.03929020092116086
12.79,41.62,1010.52,81.83,466.91,0,1,0,-1.1623752166415435,0.6792478750283562
19.89,51.43,1007.38,91.79,448.85,0,1,0,-0.19004267563387578,1.5658408145492568
18.39,38.52,1019.66,66.93,453.89,0,1,0,-1.0706309551361863,-1.1483779627286448
22.8,69.23,1011.8,76.95,439.3,1,0,0,0.9213561339683678,0.44195093563912513
21.98,58.79,1010.72,86.85,448.84,1,0,0,0.20832652528406728,0.9921542469617255
20.01,68.63,1012.34,69.49,454.5,1,0,0,0.8227461527046049,0.01224915517389181
27.2,77.95,1009.48,78.53,433.39,1,0,0,1.7858544831202814,0.8162973485307541
14.07,42.99,1007.57,96.05,468.87,0,1,0,-1.1667859877580986,1.7368650219890869
20.29,49.69,1008.94,69.91,454.74,1,1,0,0.23164615155113022,0.2496436941584627
28.22,76.2,1006.11,62.17,437.62,1,0,0,2.450145499583753,0.3175363095084815
29.98,47.93,1002.46,42.73,438.79,1,0,0,2.1058579910330133,-0.5284265976999916
18.55,43.69,1016.84,47.95,465.2,0,0,0,-0.1412631975490143,-1.780667716750219
23.74,49.21,1012.78,42.5,447.67,1,0,0,0.9496842694197931,-1.6109836935858168
19.13,42.18,1001.45,98.77,456.04,0,1,0,-0.4386937268761459,2.502530850521579
28.85,68.12,1012.05,46.31,436.15,1,0,0,2.155372763687655,-1.2173961443215109
22.76,58.96,1013.85,55.95,454.05,1,0,0,0.8742513734284023,-0.9478686146533761
33.2,70.8,1008.75,59.41,430.71,1,0,0,2.51523476539316,-0.18991732043778847
30.85,70.94,1007.47,54.79,431.77,1,0,0,2.535436977021657,-0.27188486946345436
8.07,43.69,1017.05,87.34,485.18,0,1,0,-2.049863363024264,0.30165783914541555
24.78,66.49,1010.55,68.12,436.62,1,0,0,1.2799337447413917,0.0865841103164658
12.45,43.67,1013.61,91.34,474.27,0,1,0,-1.559228271060587,0.8526208193536237
32.8,68.67,1005.27,44.53,432.28,1,0,0,3.014395508034315,-0.5936525698978949
29.7,57.19,1008.41,55.07,436.29,1,0,0,1.7628988124548335,-0.4626753373074307
5.4,39.4,1011.45,91.84,485.86,0,1,0,-2.195174332277933,1.127386438219196
15.85,42.28,1007.4,82.12,467.3,0,1,0,-0.6755795333429855,1.0183301117428243
9.16,41.03,1021.3,76.08,484.96,0,1,0,-2.0726921349818,-0.7712700530268294
21.53,59.8,1016.46,74.72,454.99,1,0,0,0.1413460851448698,-0.24783411859615131
18.16,39.99,1008.13,68.5,461.16,0,1,0,-0.27974839329633333,0.20146043020332532
12.31,44.03,1007.78,94.42,468.13,0,1,0,-1.2379225581698166,1.65025111723332
23.77,64.15,1021.02,55.87,448.43,1,0,0,0.6996942488595181,-1.6977541523737243
24.94,67.69,1008.86,68.97,439.08,1,0,0,1.439053853194341,0.32304494393127686
22.53,70.98,1005.48,93.95,440.96,1,0,0,0.9628795994969487,2.0236636149152547
17.04,56.03,1020.38,68.69,462.48,0,0,0,-0.5051429321793034,-0.9856387685385015
10.48,40.0,1021.35,88.52,478.86,0,1,0,-2.337632100031686,-0.15179052537276128
7.08,39.99,1010.55,91.44,482.83,0,1,0,-1.9586884415292436,1.1980003617990287
29.95,73.42,1011.44,66.32,432.81,1,0,0,1.9985411112420992,-0.08274887601392163
13.56,42.34,1017.95,93.83,462.6,0,1,0,-1.8872045085102533,0.4903408867716576
8.16,39.72,1020.54,82.11,480.21,0,1,0,-2.318739857036932,-0.38093140784094276
18.95,46.21,1013.47,81.22,457.58,0,0,0,-0.6367640942240766,0.3214476819810672
33.45,73.88,1006.23,44.14,435.48,1,0,0,3.2424869501050355,-0.6807847970805408
28.03,60.23,1010.23,66.04,438.88,1,0,0,1.3483531247603864,-0.058589288002177824
25.19,63.94,1012.78,75.15,438.73,1,0,0,0.8656128928120163,0.18338015239272862
29.9,64.79,1016.9,48.24,441.41,1,0,0,1.7141302115528638,-1.6798155295141437
24.13,45.61,1012.63,71.36,453.19,1,0,0,0.07924324522530142,-0.13636137678732146
25.6,56.9,1006.35,81.58,437.82,1,0,0,0.8594262146866649,1.1559224107980384
19.83,51.43,1007.36,91.64,449.45,0,1,0,-0.18971170949074934,1.5606842996020454
11.75,40.55,1018.09,97.7,472.43,0,1,0,-2.226186171821452,0.6728424000930375
6.28,41.06,1020.96,90.91,489.79,0,1,0,-2.6734168850899724,0.05129557442993327
26.12,70.47,1009.93,72.13,434.67,1,0,0,1.5034904177461532,0.3840165987482096
7.92,36.08,1021.01,81.84,482.98,0,1,0,-2.524018926887211,-0.47372438360626573
13.63,40.92,1021.89,80.5,462.4,0,1,0,-1.8643251923350193,-0.6387448839161562
23.84,68.94,1007.45,71.35,436.05,1,0,0,1.4373120710813003,0.6170206954718687
5.25,40.07,1019.48,67.7,495.23,0,1,0,-2.0946770055281907,-0.9867622384310963
13.91,44.58,1021.36,78.98,472.67,0,1,0,-1.6039979197103955,-0.6319436078571763
10.63,44.2,1018.63,90.26,477.19,0,1,0,-2.0001058331539054,0.2669969478106631
22.48,67.45,1014.77,63.9,445.55,1,0,0,0.9549892754890132,-0.5673020779737806
27.36,66.54,1011.31,45.3,436.69,1,0,0,2.039576153234055,-1.1915156683870067
27.99,66.91,1008.47,59.63,439.74,1,0,0,1.9270539858462785,-0.14381015872111408
30.93,71.85,1008.63,58.47,427.82,1,0,0,2.4069133770750817,-0.20141351819086262
20.37,44.58,1016.77,66.22,463.2,0,0,0,-0.42444667329814595,-0.8350881804049852
7.01,37.8,1021.47,62.84,483.95,0,1,0,-2.0581692493727863,-1.484648115832731
16.98,63.09,1020.44,95.18,450.55,0,0,0,-0.895128421026337,0.43270501527465144
30.03,70.02,1010.07,64.2,436.88,1,0,0,2.004043053459116,-0.07096803595442612
6.34,40.64,1020.62,94.39,478.78,0,1,0,-2.7547372477819856,0.26418300446747134
14.59,35.71,1015.19,54.13,469.32,0,1,0,-0.8689327866694051,-1.3191861034805488
10.72,41.17,1019.68,60.71,479.21,0,1,0,-1.4256832775076,-1.3979236350056852
26.89,56.85,1012.27,43.84,436.44,1,0,0,1.5462668533598711,-1.4462570603753375
11.84,39.28,1016.97,90.52,477.51,0,1,0,-2.0107720734064367,0.41326024777061326
29.59,71.77,1006.33,62.35,426.62,1,0,0,2.3482061696535266,0.25783124817242575
12.02,39.69,1006.05,84.66,470.17,0,1,0,-1.08021858852491,1.3017547266877154
18.89,43.56,1012.79,38.63,463.91,1,0,0,0.4007249854843014,-1.8242422076213753
18.18,50.16,1010.22,99.73,451.14,0,1,0,-0.7882754534070349,1.6679968235854699
27.82,52.84,1006.23,52.18,440.31,1,0,0,1.6400885852129534,-0.39671605294939527
20.77,51.3,1013.89,88.72,450.97,0,0,0,-0.4867524445250567,0.6914858549111486
28.21,73.06,1008.26,86.29,430.46,1,0,0,1.534023778286711,1.3034642236487157
15.86,43.67,1011.11,82.24,465.46,0,1,0,-0.869543634125551,0.6317135373675921
25.65,69.23,1012.55,62.02,435.25,1,0,0,1.495587935559885,-0.42997103256423896
31.18,70.36,1006.38,56.74,438.46,1,0,0,2.5604604824606327,-0.059461214915245024
10.05,40.23,1019.71,90.41,475.48,0,1,0,-2.300559645219175,0.1291361496075294
30.33,70.36,1006.72,70.31,438.47,1,0,0,2.112527463917831,0.6099052520603881
26.19,73.77,1001.31,91.87,433.34,1,0,0,1.726622198279134,2.3677704728852857
28.09,70.02,1010.84,51.29,437.83,1,0,0,2.1287752950100423,-0.8080533458650118
19.02,47.45,1007.44,76.76,453.08,0,1,0,-0.04866521485250534,0.7572402366512518
15.49,40.89,1007.16,82.16,465.37,0,1,0,-0.7512586457942564,1.0377892239359068
23.26,64.05,1012.96,88.31,442.75,1,0,0,0.35501180580003494,0.8572653594240308
15.99,43.34,1014.2,78.66,465.96,0,1,0,-0.9904814842295391,0.10690743937340419
23.95,60.37,1004.96,79.48,440.9,1,0,0,1.0258687078081392,1.238072074788977
30.91,70.32,1011.92,65.59,433.71,1,0,0,1.9274525486843748,-0.2042283200962016
8.35,42.85,1010.46,90.13,483.63,0,1,0,-1.6874059155170118,1.1545283869058593
7.0,38.5,1014.09,81.32,489.52,0,1,0,-2.0078852641160596,0.2786495813061445
20.53,49.16,1007.11,90.02,444.69,0,1,0,-0.1726405930989699,1.481200522231751
25.04,65.48,1017.66,57.08,440.92,1,0,0,1.060610333835485,-1.2674171039836284
24.51,51.95,1005.57,63.53,449.73,1,0,0,1.07606374237231,0.27655632091586035
21.23,68.08,1012.82,74.57,445.41,1,0,0,0.7337223967549971,0.209486245236845
7.01,40.72,1024.0,86.37,489.64,0,1,0,-2.7167789739516297,-0.5218085185592398
16.78,41.35,1000.23,70.52,459.64,0,0,0,0.1521254303851139,1.1862725421763969
9.08,40.02,1031.2,75.34,476.69,0,1,0,-2.7794404526692413,-1.8949623489190979
30.78,69.14,1007.27,62.77,433.96,1,0,0,2.2554107154624545,0.147852982984426
23.02,63.47,1012.21,80.61,443.66,1,0,0,0.5619724112032527,0.5383648150751443
25.56,74.67,1016.62,76.1,435.81,1,0,0,1.0825975313552034,-0.10176550876677114
17.53,42.24,1016.9,60.95,470.63,0,1,0,-0.6331716992067751,-1.1207609080666643
21.12,62.96,1020.83,69.96,454.65,1,0,0,0.07327525305254053,-0.9411229545100958
13.01,41.49,1019.82,92.86,466.5,0,1,0,-2.0722191574570683,0.23357061681448132
7.47,40.07,1015.45,50.3,489.59,0,1,0,-1.182013771899042,-1.4614579757783779
13.17,36.71,1012.82,72.76,474.93,0,1,0,-1.2672858705030852,-0.08157636032514365
15.25,43.02,1012.04,41.43,467.23,0,0,0,0.05444921304140306,-1.5775070756749932
28.89,70.72,1009.36,70.33,433.02,1,0,0,1.8290362306999504,0.3362366427430817
27.19,62.91,1011.57,53.66,444.8,1,0,0,1.6293229519468213,-0.8163013428633537
21.46,74.87,1009.23,86.58,445.5,1,0,0,0.982990539713923,1.2735229519085285
32.16,76.2,1008.04,51.74,433.29,1,0,0,2.916304454707288,-0.4579887723227904
25.42,68.08,1011.2,76.58,433.82,1,0,0,1.1374755406855301,0.46101162602637213
22.83,59.43,1005.51,83.93,440.76,1,0,0,0.7382042353125229,1.4080093160871916
15.63,41.79,1006.7,78.28,455.24,0,1,0,-0.5672743965400374,0.8938539287334957
30.83,77.3,1001.7,57.85,435.87,1,0,0,3.127610463845248,0.5656907746739402
15.78,43.99,1022.19,83.7,461.07,0,1,0,-1.655591095927365,-0.49616311542657665
25.46,56.89,1012.59,62.9,443.5,1,0,0,0.9101308258548639,-0.4869960456875198
20.57,44.78,1008.89,38.78,465.69,1,0,0,0.8551458177669343,-1.3935226036247343
10.02,42.44,1014.57,99.16,478.5,0,1,0,-2.083815483642714,1.1585152129177296
11.61,52.75,1020.94,77.56,464.68,0,1,0,-1.3678889192199368,-0.5779999380007308
23.14,51.19,1009.56,77.2,443.87,1,1,0,0.3002449245526271,0.5511092047938405
15.04,38.01,1022.46,78.29,468.12,0,1,0,-1.857357523673654,-0.8479754564368503
10.27,52.75,1026.19,76.78,470.76,0,1,0,-1.8160357187761353,-1.1807266419805333
21.19,74.93,1015.75,80.84,443.29,1,0,0,0.668827971166239,0.26962314832551537
12.69,40.71,1021.62,80.19,477.14,0,1,0,-1.9246600546245476,-0.6206209719567577
28.37,71.64,1007.39,71.06,434.91,1,0,0,1.941911759228797,0.5993789807486487
19.12,58.79,1017.34,92.45,447.02,0,0,0,-0.6253940896369203,0.5800290208383985
23.49,64.63,1020.75,65.16,450.28,1,0,0,0.4733980586305106,-1.1829630720207498
19.0,58.95,1018.05,83.38,451.96,0,0,0,-0.4396426698606602,0.03657749677466538
11.58,41.74,1020.41,74.09,478.06,0,1,0,-1.728971957359371,-0.7879212130735619
15.2,39.0,1016.1,72.76,463.88,0,1,0,-1.2223939629901162,-0.4341224494500193
15.71,40.12,1012.81,97.46,462.6,0,1,0,-1.5520520283224142,1.2048110742662383
23.27,65.48,1019.05,61.36,443.43,1,0,0,0.7079136786682686,-1.185701643320147
19.78,62.1,1019.72,78.36,450.43,0,0,0,-0.2190634467217686,-0.38437306029851737
14.1,39.16,1008.19,74.05,464.07,0,1,0,-0.8005587517185601,0.5025115727699835
19.62,58.79,1017.59,87.39,446.29,0,0,0,-0.4689475015032666,0.2881607576891387
13.9,39.59,1011.84,94.74,465.0,0,1,0,-1.5876028652707974,1.1780958363100091
31.37,74.87,1009.22,56.58,436.16,1,0,0,2.585540011210221,-0.3419068354829933
26.86,71.32,1007.38,81.14,430.44,1,0,0,1.5404549255555537,1.1286068191164123
18.35,57.76,1019.64,77.94,458.41,0,0,0,-0.5120063606136681,-0.4225346316729426
30.29,59.22,1013.05,60.46,441.57,1,0,0,1.4439082025197398,-0.6772827569249644
25.91,58.98,1010.02,75.31,442.65,1,0,0,0.89034789396484,0.44727308579339015
15.98,42.99,1008.24,83.78,467.42,0,1,0,-0.7341929018288442,1.0174035900995995
15.72,41.76,1023.07,66.95,462.19,0,1,0,-1.3811638085569549,-1.4742805302587079
22.81,71.85,1009.61,75.17,440.4,1,0,0,1.2335142930377276,0.6095353761356235
13.73,41.78,1011.75,49.65,464.94,0,0,0,-0.3207013916567619,-1.1211616582171324
5.33,39.33,1009.61,94.97,491.17,0,1,0,-2.1603820963134788,1.4892300273972114
14.71,52.72,1024.7,70.29,462.34,0,1,0,-1.1797212729851065,-1.3841342735539583
24.26,42.8,1013.72,61.62,459.65,1,0,0,0.14628629249192518,-0.7814085999920432
27.78,72.43,1006.72,74.53,429.62,1,0,0,1.88304932780292,0.8618679158305982
16.5,53.29,1017.7,95.66,458.37,0,0,0,-1.192551715373428,0.6801534170052848
8.51,39.66,1015.16,86.61,483.54,0,1,0,-2.04329384497525,0.4342826466684483
18.6,58.71,1009.8,86.42,430.38,1,0,0,-0.00021597834643409655,1.0925726252884032
6.52,39.85,1012.55,86.36,483.01,0,1,0,-2.014690546757627,0.7206765687583692
14.76,40.71,1017.37,71.07,465.58,0,1,0,-1.2257423579342772,-0.6428674445007283
28.8,70.02,1010.76,49.61,435.45,1,0,0,2.2367305655814977,-0.8909274037217999
11.53,41.39,1018.39,85.52,474.49,0,1,0,-1.9094884884256074,0.019632077149771894
12.15,45.01,1018.89,90.02,468.07,0,1,0,-1.8503926820779857,0.2224371902582074
9.61,44.03,1008.3,91.36,473.54,0,1,0,-1.4162635618386952,1.454103572830079
13.67,38.53,1009.3,81.85,470.39,0,1,0,-1.1433230415688589,0.782209613133127
25.88,71.73,1010.01,72.8,430.86,1,0,0,1.5162712794789004,0.4216855656514941
26.82,66.51,1016.32,55.76,439.48,1,0,0,1.3787872189848316,-1.1935323442782508
28.11,69.84,1004.68,67.08,427.33,1,0,0,2.1298536081578483,0.676242392316825
28.9,60.07,1015.96,45.06,440.62,1,0,0,1.5706780792697177,-1.7728306773522038
26.97,71.58,1010.13,75.16,433.88,1,0,0,1.5297729761385612,0.521803979613416
26.84,71.94,1006.6,79.12,427.2,1,0,0,1.6721016383225846,1.1143766042621999
25.28,67.69,1009.05,68.54,445.34,1,0,0,1.4653990396536922,0.27783534297320606
9.02,38.08,1019.02,69.98,478.32,0,1,0,-1.8994663019336644,-0.8607568563151087
12.89,36.71,1013.36,87.29,475.13,0,1,0,-1.706893963426434,0.6116816841304121
17.35,39.72,1003.0,64.62,459.83,0,0,0,0.09262904717197691,0.5630552090801363
26.86,71.14,1007.11,76.61,426.97,1,0,0,1.6692998238131096,0.9226841177655111
15.43,39.16,1016.44,79.8,470.74,0,1,0,-1.4034981387098289,-0.10797022122430579
29.72,68.24,1009.92,66.42,426.54,1,0,0,1.8521949214971432,0.047755611988529297
31.4,70.32,1011.62,65.01,433.42,1,0,0,2.0035046562800045,-0.2048562687384497
21.6,59.8,1016.9,76.59,450.14,1,0,0,0.068260956316125,-0.19967665364103057
7.06,41.74,1021.95,90.38,448.97,0,1,0,-2.6327038076147473,-0.08370855109874008
18.9,62.96,1020.69,80.57,455.88,0,0,0,-0.37766078186211677,-0.362949881379713
27.77,63.9,1013.62,51.43,441.3,1,0,0,1.6393509885238173,-1.1506191279978613
13.2,40.83,1007.75,94.98,472.41,0,1,0,-1.3181361389489907,1.6505713419523464
22.59,60.32,1016.84,78.58,447.17,1,0,0,0.12498860814388027,-0.09298187806832335
28.5,64.84,1011.47,54.41,441.74,1,0,0,1.8097566824440956,-0.7600975636487192
27.98,67.9,1006.3,73.53,436.08,1,0,0,1.7546008014010799,0.8181139955750584
27.64,75.6,1017.35,54.78,441.04,1,0,0,1.8026183825096522,-1.2886537757159469
9.6,37.73,1021.87,77.75,481.03,0,1,0,-2.264367703696984,-0.77670202683724
10.61,43.79,1016.03,76.33,480.28,0,1,0,-1.4785689322869624,-0.1722475958825295
31.41,76.09,1007.68,70.49,430.81,1,0,0,2.384141187633947,0.5534510379141993
28.53,66.51,1015.9,40.68,436.16,1,0,0,1.9426137824012695,-1.9380211685494124
7.32,41.26,1010.11,95.18,482.1,0,1,0,-1.9506188361123906,1.4475819072894864
26.93,67.07,1005.65,60.26,437.76,1,0,0,2.022415887393623,0.20428409780740608
9.76,40.71,1020.88,91.82,470.95,0,1,0,-2.4199445633175616,0.08038990778744994
22.85,59.15,1014.74,63.92,448.61,1,0,0,0.6211155669171409,-0.6323884210915762
13.24,40.83,1007.9,87.53,472.22,0,1,0,-1.1303859211186966,1.2493455262967281
29.14,61.5,1009.64,39.95,437.76,1,0,0,2.2179414896336724,-1.3386518689367382
22.18,62.91,1012.14,68.86,449.77,1,0,0,0.7797624726460364,-0.059401748680958134
15.07,43.48,1015.22,57.74,459.96,0,1,0,-0.5831248944010019,-1.0767708111190157
25.43,72.39,1002.65,88.13,436.1,1,0,0,1.6094243370567847,2.022864935159276
14.64,39.58,1011.46,71.9,467.8,0,1,0,-0.9042291429757848,0.03517380724594927
14.43,41.76,1024.02,83.57,467.33,0,1,0,-1.9867003319527694,-0.710861601250157
8.44,41.17,1019.9,70.72,486.15,0,1,0,-1.89043671465637,-0.8895131135632233
32.33,69.89,1014.18,50.93,427.29,1,0,0,2.2546958627164906,-1.2203110517776683
23.62,61.87,1010.07,48.77,447.93,1,0,0,1.518859988125364,-0.8894241629649502
25.83,70.47,1006.24,81.83,434.45,1,0,0,1.4776581887100335,1.2885418307926944
17.74,49.69,1006.09,80.7,457.05,0,1,0,-0.06647080586046937,1.1344256817585723
23.54,67.83,1009.44,65.48,426.24,1,0,0,1.3813288395623606,0.09041051644120031
26.07,69.23,1013.32,54.03,436.94,1,0,0,1.6865430831057033,-0.929176563299709
27.38,77.24,1008.25,82.49,435.81,1,0,0,1.7497875985727962,1.1477118924375203
23.54,41.1,1002.05,38.05,448.56,1,0,0,1.423440995276567,-0.7364151510513746
28.73,50.05,1005.79,52.4,436.35,1,0,0,1.6164391520210806,-0.36614277847895293
14.93,43.02,1012.11,45.56,468.19,0,0,0,-0.08465564687873113,-1.3697229126887336
34.76,68.94,1006.75,41.31,427.42,1,0,0,3.171311175794494,-0.9322487069541548
23.64,63.31,1014.5,61.83,440.7,1,0,0,0.9407041951060023,-0.6860463768905917
29.84,58.9,1005.24,56.18,440.93,1,0,0,2.036961346134731,-0.04740624978096852
10.33,40.6,1015.0,88.62,478.3,0,1,0,-1.893248314993164,0.5506099699509162
25.74,59.07,1007.37,79.89,441.05,1,0,0,0.9412742002716186,0.9741395682292424
31.92,75.33,1002.13,65.73,431.32,1,0,0,2.895493458120402,0.9023772416934346
13.97,39.16,1016.05,84.6,470.96,0,1,0,-1.622841291170244,0.19227728581873554
25.44,61.25,1012.57,87.65,441.77,1,0,0,0.4553296541643362,0.828205127863443
12.88,44.71,1018.73,51.95,469.12,0,1,0,-0.7976551586981473,-1.7329841100299652
7.74,42.49,1009.07,90.11,481.69,0,1,0,-1.658336565044024,1.3061052804932614
11.8,43.99,1020.86,98.44,466.75,0,1,0,-2.2785819903071296,0.43682014911487976
11.87,40.67,1011.43,62.92,479.18,0,1,0,-0.848098815640615,-0.3974636088929049
18.41,42.04,1011.69,64.88,465.64,0,0,0,-0.3168490261409962,-0.3582325441966663
12.65,44.34,1014.74,92.81,473.46,0,1,0,-1.6286340726684603,0.8095098698486614
7.05,43.65,1018.41,72.36,480.47,0,1,0,-1.8370942197610443,-0.6131418121372685
12.6,41.5,1013.07,86.22,472.45,0,1,0,-1.4719140338802232,0.6285809784344467
30.69,71.98,1004.53,65.86,430.33,1,0,0,2.479254503302185,0.6291992911272215
27.76,72.58,1009.04,84.96,429.25,1,0,0,1.4572956961786112,1.149083188388381
16.31,52.75,1024.4,55.69,456.58,0,1,0,-0.6443751919818445,-2.1159143820485142
25.21,63.21,1012.24,85.14,441.04,1,0,0,0.610846769560262,0.7519109335921987
29.53,77.54,1010.39,66.13,432.89,1,0,0,2.2220712689217548,0.05782127456441242
26.71,76.86,1002.86,74.5,437.31,1,0,0,2.253994543389754,1.3235857997030633
15.94,41.76,1023.32,67.17,462.44,0,1,0,-1.3857987620800252,-1.4916454396416323
7.33,41.16,1023.17,92.43,466.16,0,1,0,-2.7727345917784953,-0.11722209353366551
14.31,40.78,1024.3,76.41,463.54,0,1,0,-1.8718037815352784,-1.118070616715602
12.57,41.79,1014.99,87.8,461.88,0,1,0,-1.6337912367936356,0.5036453529473284
30.61,69.13,1009.32,55.17,429.1,1,0,0,2.299770547506464,-0.46663216118478545
14.94,40.0,1017.69,65.43,456.41,0,1,0,-1.1166269071342694,-0.9758335448495032
14.65,44.84,1023.39,87.76,467.18,0,1,0,-1.8992864428829643,-0.4026446208405301
25.76,74.87,1010.18,65.15,443.7,1,0,0,1.8331163165925666,0.034342959907698985
24.4,71.14,1009.7,59.26,436.68,1,0,0,1.7430519177961679,-0.23823116292859498
34.18,78.05,1010.71,66.77,432.1,1,0,0,2.589812407910852,0.02835816072474521
23.02,67.25,1017.17,72.0,443.44,1,0,0,0.6154561545251572,-0.4157333702808751
8.22,40.77,1009.11,95.61,480.38,0,1,0,-1.840998295266323,1.5685639437963297
7.16,38.56,1019.17,70.1,486.12,0,1,0,-2.0451846263078357,-0.854318486932725
28.32,77.95,1014.61,77.17,436.97,1,0,0,1.5640855427119658,0.17988444461570127
15.5,44.34,1019.21,65.21,468.53,0,1,0,-0.9769422326831848,-1.1215542718509717
26.79,62.44,1011.51,72.46,440.55,1,0,0,1.088416044933697,0.15976498267356484
13.62,42.34,1017.87,89.67,464.79,0,1,0,-1.7680935351485252,0.2838731602561294
8.86,40.23,1017.57,90.47,478.05,0,1,0,-2.254447479331433,0.3733649356936009
7.14,44.71,1019.98,71.9,487.71,0,1,0,-1.8779497786051185,-0.7999063320444781
27.29,64.45,1013.46,45.35,446.94,1,0,0,1.793766280016009,-1.4393804201825688
24.06,58.98,1010.66,81.16,443.75,1,0,0,0.5411555443649999,0.6922484851615407
18.36,56.65,1020.29,82.0,456.49,0,0,0,-0.7105258817071453,-0.2927098911780968
13.83,40.78,1024.85,73.08,458.85,0,1,0,-1.861902913795123,-1.3465920105674642
21.43,60.95,1015.27,75.49,449.12,1,0,0,0.24480412899836085,-0.06856909690104503
19.08,58.59,1013.42,68.88,451.05,1,0,0,0.24564637802312822,-0.21135110039226868
31.46,71.29,1008.57,41.79,430.8,1,0,0,2.8659225711250733,-1.0641502501327005
24.54,66.49,1011.1,69.14,437.38,1,0,0,1.1959739886896887,0.08100010061622241
10.41,41.01,1020.12,94.27,472.82,0,1,0,-2.36527521263069,0.2875991208722021
10.49,42.49,1009.81,78.92,478.75,0,1,0,-1.1894062934005547,0.629040109740912
15.03,44.45,1020.94,65.57,460.06,0,1,0,-1.1382382428036852,-1.2872314106341505
8.53,40.02,1031.27,85.57,476.73,0,1,0,-3.0969273596345364,-1.3706823674174642
14.64,39.31,1008.84,79.3,462.72,0,1,0,-0.9308779370213479,0.7003005396267341
24.31,58.62,1017.29,64.44,449.12,1,0,0,0.530812897598406,-0.8974278348002153
33.95,80.18,1010.3,56.69,432.22,1,0,0,2.9560897528136474,-0.4286723108526831
10.39,40.22,1006.59,87.77,479.14,0,1,0,-1.3094694855361921,1.418926220003655
19.69,56.65,1020.77,62.83,456.29,0,0,0,-0.13254723809901736,-1.3437473888741358
21.45,45.09,1013.83,52.26,453.15,1,0,0,0.252406376146516,-1.2389678707902536
26.04,72.43,1006.82,84.88,432.94,1,0,0,1.4621625324950633,1.397207477861679
24.39,71.85,1009.73,72.24,438.2,1,0,0,1.4323048656461632,0.43440759867216183
19.69,39.72,1001.49,60.34,456.55,1,0,0,0.5005529604531416,0.4905106533801905
15.37,43.67,1011.9,91.48,468.23,0,1,0,-1.2052962018736626,1.0260802178097423
22.3,57.19,1006.4,75.28,445.1,1,0,0,0.7610561466221157,0.8501120695787548
18.64,43.79,1016.01,51.17,465.13,0,1,0,-0.1569806115048359,-1.5238690500452219
7.3,39.72,1020.85,77.83,485.1,0,1,0,-2.299016138006929,-0.6297711414468119
28.59,68.08,1013.2,42.96,436.7,1,0,0,2.1412845869710755,-1.5141026686145935
14.48,44.06,1018.73,75.88,467.46,0,1,0,-1.3195664858737792,-0.5137192759917818
10.16,41.55,1005.69,58.04,477.27,0,1,0,-0.4315837954106087,-0.005667127412841802
30.75,71.25,1000.07,65.47,431.93,1,0,0,2.7662827678809205,1.0883737107035438
12.54,44.03,1007.05,84.03,471.86,0,1,0,-0.8976696480989571,1.1917571895442358
27.28,78.92,1011.05,75.48,434.78,1,0,0,1.8078846496448027,0.4951624204077762
23.54,65.27,1013.78,64.28,445.19,1,0,0,1.0039308245737337,-0.4646964744280212
26.68,62.91,1012.33,60.78,441.04,1,0,0,1.3493624937266295,-0.5279807640562449
9.88,40.0,1021.4,92.06,481.58,0,1,0,-2.4830665020650704,0.029624425192712474
9.27,40.22,1008.1,89.24,481.23,0,1,0,-1.5432705604754233,1.3380633878405266
26.38,65.12,1016.1,47.57,441.07,1,0,0,1.5101990293664487,-1.6005939242800096
26.64,58.69,1007.99,75.68,439.32,1,0,0,1.0665450966197882,0.6800751342271312
23.63,58.62,1016.45,69.97,445.51,1,0,0,0.3874526047896883,-0.5158266097577097
24.39,51.86,1014.92,59.98,447.7,1,0,0,0.517500667506212,-0.9246404021997315
23.09,63.76,1009.82,72.36,443.86,1,0,0,0.9590588555110846,0.37452039422335104
32.38,67.17,1006.97,60.04,438.67,1,0,0,2.3924057423535556,0.012774487347727357
27.44,58.9,1003.86,66.74,442.19,1,0,0,1.6570147640233557,0.6644249440718184
9.37,44.77,1020.61,87.31,474.41,0,1,0,-2.1368761690461247,-0.08768200691442195
30.96,71.77,1006.26,52.76,425.66,1,0,0,2.7166495202605354,-0.2390101650381663
12.06,48.04,1010.01,100.13,465.63,0,1,0,-1.383003986614546,1.7362504263597254
20.1,58.95,1018.46,80.87,446.7,0,0,0,-0.3112161196519334,-0.14516218061229447
9.64,36.66,1027.1,70.11,479.08,0,1,0,-2.46516678699298,-1.7494597990667364
28.02,71.77,1006.5,72.41,428.58,1,0,0,1.9441562123014808,0.7694159571841324
25.24,71.14,1008.73,79.39,435.09,1,0,0,1.352499345835921,0.9008921828423858
24.96,60.27,1018.68,69.97,442.67,1,0,0,0.41793793310251265,-0.7544225275089261
27.5,49.3,1004.02,59.23,439.77,1,0,0,1.4240516352103165,0.18154725547584294
20.83,44.78,1008.51,35.9,460.6,1,0,0,0.9777697104431748,-1.5026107361498393
28.44,69.84,1003.25,68.24,426.69,1,0,0,2.2242720962399223,0.8895714780908429
21.89,58.05,1011.31,85.71,441.76,1,0,0,0.15783745470220228,0.8637152546145718
16.87,52.05,1012.7,71.63,460.31,0,1,0,-0.24787180093108843,-0.028564704952835883
23.48,51.43,1007.13,84.83,441.78,1,1,0,0.30518007965795146,1.2092082104249375
15.23,37.87,1020.17,85.02,464.02,0,1,0,-1.8675835160290593,-0.2536197710947403
23.57,66.75,1018.06,80.19,439.71,1,0,0,0.36411739844711094,-0.09759622190754562
22.17,60.27,1018.21,89.55,443.31,0,0,0,-0.2919399756525471,0.326668720625064
30.97,69.13,1009.78,58.92,435.6,1,0,0,2.2001314518240203,-0.3255750558851596
23.84,49.21,1013.6,47.63,447.03,1,0,0,0.7679811913717974,-1.4361012920761613
23.55,61.87,1009.65,54.83,443.54,1,0,0,1.3833634369027534,-0.5303575643561598
17.32,42.24,1017.35,62.96,472.33,0,1,0,-0.7337072480556053,-1.0645513505804796
21.61,41.54,1014.5,75.62,458.47,0,0,0,-0.5469988592282177,-0.13560004095556533
12.85,41.14,1027.04,86.29,464.86,0,1,0,-2.4214142579402167,-0.8934488143626786
22.39,58.18,1008.52,87.48,448.37,1,0,0,0.3487996539844737,1.2564974642095932
22.22,66.05,1016.15,80.58,442.95,1,0,0,0.341857751934983,0.1340819938866396
24.67,70.94,1007.99,75.64,443.51,1,0,0,1.4450775625193903,0.7901449330792758
6.76,39.22,1013.91,77.0,487.08,0,1,0,-1.8707929360175366,0.08265883633966956
13.35,39.18,1023.24,61.98,469.34,0,1,0,-1.5722441188135505,-1.75396483357289
11.43,44.78,1013.43,82.45,471.09,0,1,0,-1.3499018864201242,0.42916581214207933
13.18,37.91,1018.09,88.84,469.63,0,1,0,-1.9930323655915212,0.18439176616129688
29.53,71.14,1011.39,53.41,431.97,1,0,0,2.2041126513758096,-0.759304673900935
25.07,56.85,1011.25,51.99,442.44,1,0,0,1.2526234137947985,-0.9020059988979112
28.36,66.75,1017.71,52.6,433.88,1,0,0,1.5042828271658968,-1.5166037705876512
32.67,77.95,1014.62,50.73,432.32,1,0,0,2.6133404636371633,-1.21594214898019
22.3,74.87,1009.69,86.18,442.78,1,0,0,1.031412426800424,1.197048640418476
16.85,49.78,1005.61,100.1,455.33,0,1,0,-0.610175369265034,2.19505602076925
7.0,39.81,1017.47,87.65,484.51,0,1,0,-2.345976360530079,0.2479902032774785
12.74,41.5,1012.94,86.28,469.92,0,1,0,-1.4530637112378157,0.6448762744066473
32.88,72.29,1008.5,62.74,431.74,1,0,0,2.484543245094358,0.02340855758290778
17.46,53.29,1018.07,91.01,458.06,0,0,0,-1.0170330904667813,0.3932437898273776
29.05,64.84,1011.1,51.39,442.58,1,0,0,1.9592928227642317,-0.8794836883890308
11.32,36.18,1015.03,64.68,472.67,0,1,0,-1.382879509414267,-0.7309730270629556
19.65,57.85,1011.73,93.89,450.5,0,0,0,-0.2782480592930222,1.2539884128186973
22.69,64.45,1012.82,45.03,450.65,1,0,0,1.4660919133980883,-1.3547890279966976
28.31,74.34,998.42,79.23,431.95,1,0,0,2.4540572415626127,2.01997188310511
27.97,66.17,1010.81,63.73,441.7,1,0,0,1.626106673992339,-0.1927400196647516
21.45,69.94,1010.5,82.17,443.31,1,0,0,0.7934610459857596,0.8679289250922624
21.45,66.05,1014.81,73.73,453.38,1,0,0,0.5486583679579622,-0.06840401664491619
20.51,45.38,1014.29,69.14,461.87,0,0,0,-0.28484384557222914,-0.408830774897884
14.57,44.45,1021.42,66.23,462.48,0,1,0,-1.2261765866102834,-1.3022764521834147
22.21,48.14,1015.08,66.8,448.33,0,0,0,-0.015560288409259606,-0.605035267821816
15.06,41.85,1016.78,88.23,466.72,0,1,0,-1.5589023465367073,0.31442233730944213
24.84,59.22,1013.18,83.08,442.7,1,0,0,0.394138032096818,0.5136016849616273
24.44,47.93,1003.13,67.04,440.53,1,0,0,0.967682652931037,0.6915277924827955
27.05,59.15,1012.83,56.31,441.39,1,0,0,1.2968448058976794,-0.846007704206861
33.92,77.95,1010.15,58.89,433.01,1,0,0,2.808034709189916,-0.3165190981603439
15.42,39.82,1012.89,83.54,469.9,0,1,0,-1.2309261433387375,0.47701867304643136
26.87,74.99,1002.48,71.91,437.78,1,0,0,2.27834117933181,1.2150897233117068
8.69,41.04,1026.87,80.28,477.2,0,1,0,-2.6005395801292344,-1.1575995329834914
14.19,49.83,1006.52,90.72,462.86,0,1,0,-0.644452150791086,1.6302929649563398
18.23,45.01,1012.24,73.86,454.06,0,1,0,-0.47291561604583177,0.0706475438467017
25.47,56.89,1013.02,63.21,440.38,1,0,0,0.8735394798085846,-0.5178778689462598
12.62,40.83,1010.06,81.52,470.94,0,1,0,-1.171774418960559,0.708125747113366
13.61,42.34,1017.57,91.35,465.65,0,1,0,-1.792365722266793,0.40333836148330177
23.91,67.69,1008.28,66.71,439.84,1,0,0,1.452639436369153,0.27655522060829735
14.73,39.52,1017.01,74.21,470.45,0,1,0,-1.338191177508679,-0.45094308790622495
21.62,50.05,1007.2,92.9,444.16,0,1,0,-0.12482955806494571,1.6198085955311028
15.29,38.73,1000.9,81.17,468.62,0,1,0,-0.41033936678338073,1.6522268604125914
23.66,72.43,1008.0,89.49,439.02,1,0,0,1.0648123700826182,1.5229922026068268
25.14,60.29,1017.91,53.3,444.5,1,0,0,0.9217749860219709,-1.5322757644378886
22.56,48.92,1010.7,51.63,445.07,1,0,0,0.7427381190380754,-0.9074355806083305
13.56,39.58,1011.05,73.62,473.16,0,1,0,-1.0103615347535655,0.17599155108241182
28.74,71.14,1011.53,48.6,430.12,1,0,0,2.255053433229417,-1.017475580606301
6.93,38.68,1017.61,61.28,482.37,0,1,0,-1.7220466275727138,-1.1372792071558746
13.52,39.3,1018.99,69.22,469.41,0,1,0,-1.4523575697432924,-0.9176461450136812
28.69,67.79,1011.01,66.4,439.87,1,0,0,1.6735517339771318,-0.06854201513135609
7.9,43.79,1016.14,83.05,485.26,0,1,0,-1.8853430417556123,0.18122493796104966
19.5,65.12,1015.53,73.87,453.99,1,0,0,0.2939633204300021,-0.13373672140458454
22.27,48.98,1014.47,49.33,451.74,1,0,0,0.5245213616738209,-1.434185578910166
27.83,59.57,1011.22,71.05,443.85,1,0,0,1.104336149639903,0.08832190063355212
25.34,64.27,1013.38,66.02,443.94,1,0,0,1.0902116510518793,-0.35166774719683963
23.57,67.9,1006.08,70.12,446.72,1,0,0,1.494718598379855,0.6961508989049107
29.73,73.06,1010.27,84.84,432.73,1,0,0,1.5603337627201668,0.9993734893761426
27.63,64.96,1006.3,75.38,434.22,1,0,0,1.5477503464487619,0.8923332697922426
17.28,39.99,1007.09,74.25,463.28,0,1,0,-0.43172944950064046,0.6175618318710373
20.58,39.53,1005.68,62.09,460.1,1,1,0,0.23424300364464123,0.11704454637884489
24.6,49.3,1003.72,72.26,439.46,1,0,0,0.8646620522058749,0.9067242393041312
29.98,76.09,1007.62,75.6,432.0,1,0,0,2.1366751314366934,0.833567943103444
30.71,68.27,1007.76,68.04,428.27,1,0,0,2.0401594230126756,0.3600467393945046
24.92,63.94,1017.7,44.92,441.07,1,0,0,1.2978343475548848,-1.9111407768254771
25.94,60.75,1007.22,64.76,439.46,1,0,0,1.4374376216131626,0.22152180434655272
23.92,71.98,1006.22,92.96,433.23,1,0,0,1.0971129850325692,1.8905405614465833
11.04,39.96,1025.75,94.44,468.84,0,1,0,-2.7478490250917513,-0.32937382446137353
22.1,65.94,1009.79,67.57,443.95,1,0,0,1.1006728040528055,0.15481800037583182
19.45,41.1,1001.88,52.16,458.26,1,0,0,0.7287481425322179,0.038495404180682875
24.56,63.21,1013.79,82.38,444.34,1,0,0,0.5236446997691073,0.4450997058970801
31.86,73.88,1005.6,57.68,435.91,1,0,0,2.800392319060622,0.0977012912041726
22.49,45.61,1013.1,75.69,455.12,0,0,0,-0.20130727695463255,0.04721562438051239
19.13,50.78,1008.51,87.54,447.03,0,1,0,-0.24741194249578535,1.223350280599471
20.55,68.63,1012.5,67.07,453.47,1,0,0,0.919644539937312,-0.13379820149262267
15.92,41.2,1016.04,73.37,468.91,0,1,0,-1.0778218250552924,-0.38329552567767855
18.4,43.69,1016.59,52.44,462.05,0,1,0,-0.25392726320526526,-1.5206181947497062
12.73,44.34,1015.11,93.55,472.94,0,1,0,-1.666593507792911,0.8068820771666348
7.68,39.96,1023.73,87.48,477.84,0,1,0,-2.7055840902089665,-0.44580501939438966
14.02,44.85,1016.54,75.73,469.53,0,1,0,-1.1694761038221857,-0.27351244006035247
30.94,64.44,1014.36,53.76,439.84,1,0,0,1.8134646227242743,-1.1282079795797726
9.42,41.4,1030.38,87.8,472.99,0,1,0,-2.9602217004559335,-1.1536171624648384
11.12,41.54,1020.13,75.07,477.69,0,1,0,-1.7822753467851153,-0.705308823673472
3.92,41.31,999.22,95.26,487.35,0,1,0,-1.488682136974243,2.661034673414562
20.38,66.54,1013.95,77.8,448.93,1,0,0,0.43422676627260254,0.24661112772154214
25.6,73.67,1005.78,84.82,433.25,1,0,0,1.5529881132792922,1.5203383484581068
23.22,59.15,1014.58,75.18,443.7,1,0,0,0.3683284555031057,-0.036176511837544854
25.14,60.37,1006.63,77.17,438.39,1,0,0,1.0705943095807398,0.9288556709461827
7.92,42.28,1008.55,81.68,484.75,0,1,0,-1.3970028653790945,0.9245856835035811
24.77,69.71,1009.86,85.56,441.29,1,0,0,1.0123925810728607,1.0880899687601329
30.36,69.82,1010.02,54.22,439.05,1,0,0,2.2866578694433404,-0.5846267174556795
21.81,65.06,1014.6,66.41,447.13,1,0,0,0.7403194279259581,-0.433882934554696
27.12,70.32,1009.94,52.67,429.08,1,0,0,2.0872397910383587,-0.6297732416654306
8.97,39.66,1021.63,78.94,482.62,0,1,0,-2.246008302533559,-0.6692842671771906
23.31,60.37,1005.17,82.75,438.52,1,0,0,0.8732798496478477,1.3884004574088513
20.8,69.45,1013.7,82.48,443.77,1,0,0,0.4919415464608445,0.5360155251785544
9.31,41.39,1018.3,93.68,480.25,0,1,0,-2.2998126393359595,0.46587521012803385
27.5,59.54,1004.88,72.7,438.81,1,0,0,1.4649028215545086,0.8658105179476285
10.47,41.06,1022.24,81.16,477.47,0,1,0,-2.1600776521133827,-0.6200601522021147
13.86,50.59,1019.2,97.22,467.23,0,0,0,-1.672517943928493,0.5936625101822659
23.42,50.05,1006.79,86.45,441.8,1,1,0,0.22023377449084264,1.319156552762229
15.56,41.1,1003.55,76.92,464.42,0,1,0,-0.3531773324149114,1.1615295252552356
16.96,46.36,1019.91,89.11,460.57,0,1,0,-1.4396322756149267,0.042410281849716076
18.68,62.1,1019.78,83.67,453.25,0,0,0,-0.4526997666681894,-0.10925094789404709
18.33,49.64,1025.36,62.57,468.14,0,1,0,-0.8599967962074406,-1.9040976260068982
13.78,40.1,1014.49,81.86,445.98,0,1,0,-1.419125149609702,0.22954023246050348
12.19,41.06,1021.35,74.98,474.63,0,1,0,-1.795947630881167,-0.8539645332311064
15.56,41.04,1025.8,64.81,457.11,0,1,0,-1.5563166634607228,-1.886707544749421
32.87,70.8,1009.54,59.85,433.1,1,0,0,2.4226401290050377,-0.250960920775532
25.76,57.32,1011.93,43.61,440.26,1,0,0,1.502912127797325,-1.4096058443262773
11.27,40.69,1014.35,86.63,476.27,0,1,0,-1.7153800938033954,0.5129459068908087
26.69,70.36,1006.82,68.29,435.04,1,0,0,1.8580600205828361,0.5196013651378666
6.45,35.77,1018.86,67.84,483.12,0,1,0,-2.1466021306337417,-0.9548655617643983
23.86,74.93,1016.88,71.44,444.38,1,0,0,1.057791910042739,-0.35694589739987725
27.16,47.43,1009.17,45.79,442.85,1,0,0,1.3136311551948612,-1.0857841812048872
33.97,72.29,1008.98,44.32,432.33,1,0,0,3.0231148568679913,-0.9872689278465572
10.37,40.03,1017.47,90.47,477.91,0,1,0,-2.131816822594372,0.372324672136014
25.15,71.14,1011.68,70.33,434.99,1,0,0,1.380694799922707,0.1125748063022113
10.52,41.48,1018.0,68.99,469.8,0,1,0,-1.5303497106176627,-0.7836727364033615
28.88,66.56,1006.26,59.15,426.66,1,0,0,2.1482949180897126,0.06313065015076504
19.89,68.08,1012.65,80.25,448.71,1,0,0,0.4862895134654518,0.5303922380837321
19.31,43.56,1013.65,41.54,463.35,1,0,0,0.3007172482301556,-1.7705131719713059
7.14,41.22,1016.6,97.09,435.58,0,1,0,-2.459618114811014,0.8404741238079134
28.18,71.14,1011.56,48.03,432.72,1,0,0,2.221682098622571,-1.046343082145269
26.08,57.32,1012.2,47.06,441.32,1,0,0,1.4207644710285485,-1.2630765632534224
29.01,64.79,1017.62,44.31,442.12,1,0,0,1.6942794145001085,-1.9550211332117868
21.84,58.86,1014.13,69.67,445.16,1,0,0,0.4163029046348705,-0.2645526149309102
16.82,49.15,1020.68,72.07,462.22,0,1,0,-0.9354059299165839,-0.8977191561056037
29.03,67.79,1010.86,54.03,445.03,1,0,0,2.035080217229469,-0.693158520615895
14.78,41.17,1016.42,67.42,469.69,0,1,0,-1.04366485355649,-0.7243023047577741
15.55,43.71,1024.34,79.61,465.14,0,1,0,-1.7266245958697144,-0.9420904918116149
30.22,70.32,1011.63,65.97,435.98,1,0,0,1.8803437107698848,-0.1483208091024807
25.97,68.12,1013.11,61.97,437.11,1,0,0,1.4361888285053581,-0.5046520165620517
19.21,53.16,1013.18,81.64,454.01,0,0,0,-0.30009266221571895,0.428912210970033
18.94,48.7,1007.82,92.88,453.36,0,1,0,-0.44729505953092585,1.5587080624774894
22.2,44.05,1007.34,75.13,445.32,1,1,0,0.11331200211943555,0.6348614641194189
26.9,77.95,1017.47,75.58,434.18,1,0,0,1.2934449840729578,-0.20389333850151992
16.58,46.18,1010.4,96.29,463.51,0,1,0,-1.0181884290010654,1.4496747854267362
10.72,35.76,1019.71,62.26,473.48,0,1,0,-1.706750609157128,-1.3647462502579393
13.64,34.03,1018.32,62.2,469.61,0,1,0,-1.4456822209280322,-1.2503887277788628
24.34,70.79,1006.82,85.66,433.83,1,0,0,1.2291625158444164,1.4358814505163975
30.9,73.68,1014.95,40.9,430.29,1,0,0,2.513360514784159,-1.7816665895775685
7.76,39.61,1021.63,80.67,488.32,0,1,0,-2.3932888143047517,-0.5721050545784232
9.08,36.18,1020.24,68.37,477.26,0,1,0,-2.019387584410722,-1.0924228824148414
9.45,39.04,1023.08,75.81,483.66,0,1,0,-2.2507924807248854,-0.997024501282784
28.71,51.43,1006.4,64.79,440.17,1,0,0,1.3102806152283473,0.2183516631819905
25.3,49.3,1003.67,69.08,436.62,1,0,0,1.0089430119333023,0.7432117344298017
24.47,48.6,1002.49,75.04,442.08,1,1,0,0.8342841028222747,1.1794176282308944
15.59,52.05,1013.67,78.55,456.07,0,1,0,-0.6004766418843505,0.2318270017722533
29.72,77.95,1014.9,72.73,434.99,1,0,0,1.7758870597882093,-0.09047954014801092
32.81,71.32,1007.69,47.29,434.38,1,0,0,2.894945776923236,-0.6933710654086692
29.2,70.79,1004.8,63.74,425.2,1,0,0,2.3407989232681343,0.49094783938976555
25.34,70.47,1006.46,83.94,433.34,1,0,0,1.3670799484618212,1.376869295945099
10.37,37.83,1006.5,90.99,470.66,0,1,0,-1.4944974841486396,1.5758490498575257
13.12,52.75,1023.69,67.5,462.7,0,1,0,-1.167868160953186,-1.4071005571263504
14.8,44.21,1021.59,89.24,466.21,0,1,0,-1.8306367659294782,-0.1363546363319892
11.51,41.06,1021.3,78.11,476.91,0,1,0,-1.9304536026557348,-0.6822821539755051
14.4,41.26,1021.41,73.11,462.78,0,1,0,-1.5599492671923636,-0.9705285066876453
22.36,58.79,1016.69,73.6,445.76,1,0,0,0.17890813768830208,-0.3445050325216697
20.61,44.63,1008.54,77.54,456.68,0,1,0,-0.13713820668589555,0.6441635971420996
13.86,41.78,1010.75,57.9,467.39,0,1,0,-0.457374580151019,-0.5872489082399776
12.27,39.82,1012.18,85.58,477.54,0,1,0,-1.4958186190599967,0.6811639883842461
13.13,50.59,1020.26,87.44,470.03,0,1,0,-1.5494771997317272,-0.0216726646314832
25.1,60.37,1005.83,72.53,438.44,1,0,0,1.2430819111105118,0.7766829441449397
8.47,42.02,1005.37,92.73,477.67,0,1,0,-1.4350141827577403,1.8354454917232028
21.18,60.1,1011.02,78.19,452.39,1,0,0,0.40589363750822244,0.5284195112730158
11.02,43.02,1012.32,66.54,478.81,0,1,0,-0.9699185148057559,-0.28273904510976566
28.69,58.33,1013.67,34.1,448.54,1,0,0,1.9191514955456703,-2.101910693936006
18.85,41.1,1001.95,61.75,462.4,1,0,0,0.4238581766391358,0.5300757702186257
29.83,62.66,1007.98,47.07,438.71,1,0,0,2.253156458054539,-0.7856999238163185
27.63,71.98,1005.45,82.88,426.0,1,0,0,1.7192206782936779,1.428628933887981
17.7,49.21,1015.16,67.91,455.97,0,1,0,-0.3750862607244056,-0.5170060153566611
22.69,48.14,1013.7,62.05,448.52,1,0,0,0.24226357168981688,-0.7032902155598528
10.56,39.13,1010.19,87.12,463.14,0,1,0,-1.5719470365183925,0.9834637445276934
14.86,44.85,1016.19,67.43,468.87,0,1,0,-0.8593965942215149,-0.6696478182511422
27.24,44.89,1009.61,51.89,442.84,1,0,0,1.018852693237518,-0.8397729999564523
22.74,61.87,1009.66,55.03,444.59,1,0,0,1.310600624580236,-0.5155866151349402
25.31,61.5,1009.31,63.31,437.03,1,0,0,1.3139056053806648,-0.07054797663617339
29.13,68.3,1014.96,37.08,437.25,1,0,0,2.2292121350409344,-2.0112130722530113
8.42,43.14,1011.62,80.32,483.49,0,1,0,-1.4915837762028377,0.5236264835931936
30.76,73.17,1009.89,50.43,430.98,1,0,0,2.5752684643459145,-0.7418870640904396
28.46,49.16,1004.61,38.1,438.02,1,0,0,2.0090363547970798,-0.9812553810140511
18.15,41.67,1012.75,52.69,464.44,0,0,0,-0.10835322309655179,-1.104180315642614
28.71,71.64,1005.21,71.11,432.05,1,0,0,2.1172937170580832,0.8369928771649845
9.65,44.68,1022.9,98.08,476.71,0,1,0,-2.5552891947572327,0.21636980789169324
7.28,38.56,1018.96,67.98,485.57,0,1,0,-1.9655654868433576,-0.9417229730335804
16.26,44.89,1010.48,86.57,456.86,0,1,0,-0.8529361575537382,0.9309459756299139
25.86,60.32,1015.91,53.37,446.58,1,0,0,1.1170491213306082,-1.3155822071614356
11.6,39.96,1011.65,80.79,473.22,0,1,0,-1.383645009790208,0.4972821712446956
21.43,63.47,1011.95,94.47,448.17,1,0,0,0.086290379377724,1.2930863979823368
28.0,74.22,1008.68,66.0,433.94,1,0,0,2.0693956265601794,0.22100326908628176
28.83,72.43,1006.69,67.04,428.85,1,0,0,2.167478883124898,0.4712743380379859
12.42,43.14,1015.88,79.48,471.1,0,1,0,-1.4299205912155566,-0.010893607973118077
33.37,71.37,1003.75,45.26,432.67,1,0,0,3.2650341801724774,-0.3726150603858893
7.41,40.81,1026.15,88.96,488.48,0,1,0,-2.8940559810963284,-0.6241920441626627
14.54,42.77,1019.61,81.82,466.37,0,1,0,-1.5867019422505562,-0.31366953475266046
26.63,61.47,1008.18,69.0,444.16,1,0,0,1.3498867808952721,0.3369816774769019
29.87,69.13,1001.08,72.75,426.47,1,0,0,2.341090716111214,1.3431861748840896
14.97,42.28,1007.31,79.25,466.62,0,1,0,-0.6670803185453957,0.8859725027049552
34.62,69.05,1000.68,38.35,425.41,1,0,0,3.6557879547171677,-0.4223280081055627
32.11,78.05,1010.36,58.78,431.31,1,0,0,2.6516090624217954,-0.33189020712370776
4.69,39.42,1024.58,79.35,486.34,0,1,0,-2.8216833045899725,-0.9419994422417726
17.1,48.98,1016.48,85.63,454.43,0,0,0,-0.9877822298981318,0.2563503073596073
13.77,42.86,1012.86,88.83,471.94,0,1,0,-1.3692699653612337,0.7891526815288104
21.75,59.8,1016.65,72.94,453.17,1,0,0,0.1930635803841198,-0.361920185738858
24.98,58.05,1011.69,69.97,447.15,1,0,0,0.798269651563665,-0.011379215954576546
26.48,73.06,1008.07,90.73,433.31,1,0,0,1.2881673912889107,1.565195070934111
13.78,40.0,1018.38,68.67,458.74,0,1,0,-1.3440759910181985,-0.8757628409783362
5.54,41.38,1020.47,82.91,490.07,0,1,0,-2.477931767307084,-0.3007356780569811
22.07,69.94,1011.18,80.86,440.09,1,0,0,0.8325050027666537,0.7220239357478444
30.45,43.21,1011.35,63.59,438.68,1,0,0,0.785367496563899,-0.4606517295892567
21.79,61.45,1011.11,91.78,446.99,1,0,0,0.1545056385849131,1.2269370701037015
15.81,54.3,1017.8,68.45,461.63,0,1,0,-0.5007682721575857,-0.7226534242703733
6.86,38.08,1019.62,77.37,486.92,0,1,0,-2.3117596029445266,-0.5298027358977562
10.23,43.72,1011.18,97.93,471.61,0,1,0,-1.7467881627757722,1.47298861440428
22.09,65.59,1015.54,72.44,447.28,1,0,0,0.5651408539995978,-0.22256239297740216
10.07,40.92,1021.43,97.15,467.01,0,1,0,-2.5618746816054347,0.2952516886031259
26.02,59.57,1011.16,76.93,446.5,1,0,0,0.8053852824937268,0.41078791093025757
25.96,60.95,1014.52,50.03,444.19,1,0,0,1.335121949036276,-1.3322833169608013
11.3,25.36,1008.66,96.18,471.19,0,1,1,-2.2504044010879283,1.5018136708450502
15.12,41.04,1025.95,69.67,460.58,0,1,0,-1.729855677401542,-1.6491261093462564
15.08,37.85,1009.85,85.9,465.58,0,1,0,-1.2002538594691674,0.9163041025628287
32.95,67.9,1005.88,45.15,425.89,1,0,0,2.9350386802041006,-0.6352871808762283
23.8,48.6,1002.43,67.32,440.89,1,0,0,0.9848056748016029,0.7919681652520121
6.86,41.38,1021.35,90.78,487.49,0,1,0,-2.634629196456542,0.0007361320326555538
17.3,58.59,1015.52,87.17,454.88,0,0,0,-0.5223754408696897,0.5164222305378802
26.82,60.96,1012.25,57.41,449.81,1,0,0,1.3684603045730872,-0.7099172262069785
15.58,40.66,1016.34,87.42,460.61,0,1,0,-1.517284621451879,0.30737268577811006
24.39,60.84,1018.5,61.73,442.72,1,0,0,0.623612990888087,-1.151744407424329
11.93,41.38,1021.76,57.63,473.88,0,1,0,-1.377880128813608,-1.7899781408012136
6.67,36.08,1022.31,83.51,486.52,0,1,0,-2.7594587960317196,-0.5205090677712791
29.45,68.84,1011.64,59.7,438.41,1,0,0,1.9146983116394998,-0.4797709921229829
22.26,60.77,1018.26,85.94,442.58,0,0,0,-0.17154363543511428,0.13826414457391045
25.64,47.01,1014.81,62.29,454.48,1,0,0,0.3539793013635656,-0.8410133351532324
22.46,58.33,1013.21,68.68,445.9,1,0,0,0.5327013136364857,-0.22400022683070456
24.12,51.43,1006.55,83.77,441.49,1,1,0,0.42524512904355233,1.213260492582216
31.85,68.3,1014.76,47.06,428.72,1,0,0,2.2065613027878666,-1.492784940683315
25.63,58.86,1014.86,52.75,443.84,1,0,0,1.1214834153113096,-1.243457197349584
17.09,42.42,1009.03,72.01,464.11,0,1,0,-0.414006487733874,0.31156480649409113
26.22,69.89,1015.46,76.63,433.61,1,0,0,0.9915645428977891,0.008883307994343346
8.26,39.42,1025.89,70.53,474.72,0,1,0,-2.3858639873180016,-1.564372307973837
23.2,73.17,1012.0,89.92,438.64,1,0,0,0.7755264524782004,1.1187806341326152
20.92,63.86,1020.49,72.98,449.09,1,0,0,0.040712423955147584,-0.7395747470273388
6.67,39.37,1019.99,75.61,486.84,0,1,0,-2.2498024676320187,-0.6492620369724463
29.6,71.94,1007.07,62.65,429.02,1,0,0,2.298236302160489,0.19405011686669754
23.27,67.9,1006.17,71.01,447.25,1,0,0,1.440565092408226,0.7343495497828239
28.43,63.31,1013.44,49.99,432.62,1,0,0,1.7177134519687158,-1.2146257220384675
13.84,42.18,1015.74,79.76,468.66,0,1,0,-1.3528151307383085,0.0013698833692639774
11.42,40.35,1011.55,82.71,478.7,0,1,0,-1.4246607547579464,0.6116651073804034
23.66,69.51,1012.9,52.59,435.39,1,0,0,1.566236914924508,-0.9390684769854312
26.09,70.4,1007.41,85.37,432.52,1,0,0,1.323760993446892,1.341572784438106
18.5,47.03,1013.97,93.6,460.08,0,0,0,-0.9953422906870542,0.9158296530386537
16.28,42.99,1007.5,77.27,464.13,0,1,0,-0.4888685827525248,0.7598327016326393
8.61,41.04,1024.81,95.6,473.62,0,1,0,-2.8670233904171676,-0.14183803980964682
26.11,62.44,1010.68,72.59,438.87,1,0,0,1.08548091110729,0.2614919419575434
5.0,40.64,1021.05,94.84,485.27,0,1,0,-2.9064116870373056,0.24975286674923813
22.95,63.94,1013.91,81.52,438.33,1,0,0,0.4372363371312013,0.4045156743314376
15.92,39.16,1006.59,71.32,460.45,0,1,0,-0.46992098774062957,0.5233407745615133
23.07,65.27,1013.24,58.38,443.42,1,0,0,1.1561264919983827,-0.707289625994858
26.42,59.54,1007.02,76.28,438.5,1,0,0,1.1363154532163857,0.8250136355536126
11.64,38.25,1013.33,85.79,472.34,0,1,0,-1.700926980547425,0.5584531273472018
17.11,49.78,1007.25,100.09,453.22,0,1,0,-0.7002648384116839,2.014202193391233
7.17,41.92,1031.97,83.86,485.08,0,1,0,-3.1284493055281413,-1.5105826382904706
27.52,66.48,1004.99,52.54,429.67,1,0,0,2.2918278874324214,-0.13119961988699724
8.25,43.14,1011.3,87.1,479.95,0,1,0,-1.6609659760609874,0.9096598602420617
24.49,59.87,1018.4,59.95,444.54,1,0,0,0.6424315047541316,-1.2412491750936565
28.19,71.97,1008.85,84.67,438.8,1,0,0,1.4864241305952137,1.1469467430084388
17.76,40.55,1002.82,73.77,461.8,0,1,0,-0.06376331842776699,1.0589242679647564
20.9,67.71,1007.16,59.02,446.57,1,0,0,1.482390265574488,0.022215227928468313
22.31,61.45,1009.25,98.56,437.05,1,0,0,0.1470665320595302,1.775929230389099
8.88,41.54,1019.05,80.77,484.99,0,1,0,-2.0424729093685405,-0.27814138107502706
20.01,52.9,1018.05,58.88,455.57,1,1,0,0.01719114423120978,-1.2839166649012606
23.36,59.15,1013.71,86.64,442.53,1,0,0,0.13973738877809885,0.6492361581985586
25.54,61.08,1013.14,71.15,447.06,1,0,0,0.848387428998198,-0.08775287762921284
24.5,58.66,1011.54,57.92,451.03,1,0,0,1.1106500359239784,-0.6089588248509695
12.68,43.7,1016.07,86.89,471.8,0,1,0,-1.590355117558204,0.35370945444955965
11.52,39.18,1023.43,83.29,474.35,0,1,0,-2.2930899713872823,-0.6619781611362108
28.08,64.44,1013.02,64.34,440.26,1,0,0,1.3923013832360536,-0.41655643246385154
28.66,74.93,1014.04,51.26,440.79,1,0,0,2.174913498642492,-1.122358130130538
30.02,69.04,1009.68,56.01,440.49,1,0,0,2.20061212288555,-0.45915563600388065
9.53,40.62,1015.57,75.49,469.9,0,1,0,-1.6541580672173688,-0.1836855040235695
18.58,63.78,1016.24,78.74,453.96,1,0,0,-0.016712514561839018,0.035874699850151744
8.91,40.11,1022.87,78.39,475.43,0,1,0,-2.301288203166392,-0.8286539568947949
26.44,59.15,1013.35,60.71,439.65,1,0,0,1.0960692364577003,-0.6712982578557878
23.86,73.5,1011.34,87.32,438.62,1,0,0,0.9574872335120619,1.0545592531125878
30.02,73.5,1010.52,44.91,429.84,1,0,0,2.6300315073136664,-1.0877471195344313
12.17,49.83,1008.05,96.44,469.52,0,1,0,-1.064956323366124,1.7728163313282923
25.58,61.08,1013.37,71.27,446.32,1,0,0,0.8328724723830783,-0.10687305148016309
12.73,40.27,1005.68,68.77,475.61,0,1,0,-0.5556003371450695,0.5215086229031025
10.74,44.85,1014.25,71.61,476.83,0,1,0,-1.1764122088038553,-0.21447247200204203
15.25,46.36,1019.69,95.83,461.68,0,1,0,-1.7413710951730215,0.4249802644345386
27.35,77.95,1012.14,74.14,431.72,1,0,0,1.7315987659255405,0.29901280583848583
30.28,67.22,1014.39,53.32,447.67,1,0,0,1.8910087776524993,-1.1272875888846825
24.88,51.43,1011.28,67.38,441.03,1,0,0,0.5937813584412233,-0.15309412836948558
33.74,69.98,1012.51,43.3,425.35,1,0,0,2.6882753496661596,-1.4413060534410207
32.57,65.74,1011.03,46.27,440.56,1,0,0,2.4280649521376105,-1.1529930378341007
27.54,68.27,1008.12,56.42,433.0,1,0,0,2.0576150358292895,-0.2573955317641716
16.09,44.71,1017.86,42.74,464.95,0,1,0,-0.23273208622038138,-2.135676162997345
23.86,52.84,1006.56,48.94,444.66,1,0,0,1.3754083377305046,-0.5728605035917931
27.78,70.8,1009.81,79.57,431.44,1,0,0,1.46881808961258,0.7725026625963394
24.11,68.63,1014.34,45.28,448.45,1,0,0,1.6574225917394108,-1.4834098813852004
6.39,35.57,1025.53,77.23,487.69,0,1,0,-2.860482252541643,-1.1975107171659556
14.16,39.28,1015.63,77.29,471.27,0,1,0,-1.382217325797833,-0.13971815696462186
13.43,43.56,1013.02,66.36,472.94,0,1,0,-0.7902172233704523,-0.38036364660476146
20.11,42.04,1010.79,60.31,464.13,0,0,0,0.0042412586130093485,-0.5077921132882517
7.32,39.42,1026.15,76.51,476.12,0,1,0,-2.6374375308518667,-1.2775290940207467
13.71,45.08,1023.35,82.93,468.43,0,1,0,-1.8373504489778367,-0.6392917970020088
21.49,68.28,1004.68,80.64,438.0,1,0,0,1.1603462425270938,1.4089691127286856
15.25,39.58,1012.1,73.05,466.21,0,1,0,-0.927565518464939,0.020694565548263606
19.81,56.65,1020.62,67.99,457.72,0,0,0,-0.2472517673394214,-1.0618404715116432
25.71,71.73,1009.72,75.29,434.16,1,0,0,1.456945384310835,0.582973006071952
9.0,36.3,1027.11,75.89,480.31,0,1,0,-2.6855807076700278,-1.4506718825976472
28.85,57.19,1008.2,58.4,436.8,1,0,0,1.6200437194223034,-0.2620854448923475
14.66,40.73,1017.45,88.57,459.23,0,1,0,-1.6958594123008288,0.2527380707975971
21.94,57.5,1014.64,78.52,451.1,1,0,0,0.09856727586349916,0.12517949229547223
26.48,66.54,1011.61,51.9,438.87,1,0,0,1.7740265735003076,-0.8774288518600375
24.08,49.3,1003.23,70.42,443.46,1,0,0,0.9032305177014879,0.8686341565117235
25.95,63.47,1011.77,66.22,445.5,1,0,0,1.2098271589327667,-0.17665953100336487
19.76,62.1,1020.07,73.55,450.44,0,0,0,-0.11888646074696811,-0.6706695453363817
5.07,40.07,1019.32,66.17,494.87,0,1,0,-2.058645016157308,-1.047101007003939
5.62,41.38,1020.91,86.21,490.83,0,1,0,-2.5875587329042924,-0.17882001351177135
6.8,37.8,1021.09,70.02,485.96,0,1,0,-2.2372146658822025,-1.0711579386538528
24.77,57.17,1010.66,73.0,441.12,1,0,0,0.7331846741602837,0.2515418510812924
18.59,44.63,1003.99,86.22,459.65,0,1,0,-0.22047341466516018,1.6014853237549709
11.17,44.77,1018.2,79.6,470.85,0,1,0,-1.62253378539362,-0.23562655506317515
25.87,47.01,1014.67,61.87,452.32,1,0,0,0.3934825503808213,-0.8490251110021494
15.46,37.64,1014.57,87.53,462.96,0,1,0,-1.5425375149163287,0.4822605291859944
22.63,58.41,1013.69,90.32,445.43,1,0,0,-0.04793827354723758,0.840427856449409
29.59,74.78,1009.45,55.75,436.77,1,0,0,2.4406643603509552,-0.3983623580519817
22.25,60.84,1018.07,73.67,443.99,1,0,0,0.16429713554835051,-0.47387927702242394
31.53,74.99,1003.93,58.29,432.34,1,0,0,2.9200092722666238,0.3222170661432241
17.95,49.21,1012.05,59.44,455.1,1,0,0,0.07890741395631713,-0.6173815147663644
29.45,64.96,1005.52,59.92,433.04,1,0,0,2.1551294498730993,0.16667096910453227
31.31,64.44,1014.24,51.08,438.14,1,0,0,1.9222153546712553,-1.256030769327851
8.41,40.67,1019.97,69.2,489.25,0,1,0,-1.8800105061185202,-0.9794301402492938
22.85,60.08,1018.05,67.12,452.5,1,0,0,0.35283296882028486,-0.820079544826112
16.02,39.54,1007.73,72.81,466.15,0,1,0,-0.5615705466004193,0.4785208548148051
15.12,43.79,1016.37,75.62,470.11,0,1,0,-1.1109549279764588,-0.276736193222544
14.47,48.79,1017.05,69.87,466.25,0,1,0,-0.8402687384832361,-0.6029120602757563
12.1,41.17,1013.72,75.61,478.1,0,1,0,-1.2947977873021934,0.010806058381630863
15.38,43.99,1022.42,83.41,462.48,0,1,0,-1.6967085981031629,-0.5334440222018342
22.16,65.48,1017.22,70.51,446.0,1,0,0,0.5019639100109956,-0.5064829737683616
26.31,72.39,1001.16,88.43,434.53,1,0,0,1.7758013080274213,2.194569684476446
15.14,39.72,1002.96,72.52,460.15,0,1,0,-0.29348455028215265,0.990363076256713
26.49,61.86,1012.55,74.24,440.21,1,0,0,0.920666464262808,0.1358048772897115
23.06,56.85,1012.5,64.03,440.03,1,0,0,0.6868868146508529,-0.40278265247078004
16.21,50.9,1012.46,84.45,462.68,0,0,0,-0.6716837846093043,0.654669685607128
8.76,41.82,1033.29,76.5,480.08,0,1,0,-2.8992947367306043,-2.0459460596414636
11.92,40.55,1016.91,100.07,472.45,0,1,0,-2.193636249042311,0.9225136084959058
28.64,73.4,1011.48,52.84,441.32,1,0,0,2.2390536726232355,-0.7742456713813228
17.95,59.15,1012.73,84.27,449.14,0,0,0,-0.1780432685549861,0.6705454354718714
33.82,73.03,1013.49,42.17,439.3,1,0,0,2.7920628263496794,-1.5823242337732268
5.82,40.78,1024.82,96.01,470.02,0,1,0,-3.1201597090944366,-0.10479134824762236
20.41,48.06,1012.62,76.21,451.26,0,0,0,-0.24583007302152932,0.16027003777897825
31.23,72.58,1006.61,60.8,427.58,1,0,0,2.5406916991693596,0.14264272074717216
6.58,40.07,1014.22,55.44,493.72,0,1,0,-1.305926700302668,-1.0560937257482703
13.1,41.48,1009.0,87.41,460.34,0,1,0,-1.1851425644470923,1.1295760611169319
20.13,40.33,1005.31,85.42,460.09,0,1,0,-0.35203642602148716,1.3713049001564015
29.12,74.87,1009.85,62.51,435.51,1,0,0,2.201924213779427,-0.08897948216056371
19.57,68.61,1011.13,96.4,448.73,1,0,0,0.16485952744320695,1.536118585266499
25.38,72.24,1010.76,89.64,432.3,1,0,0,1.0063106525040442,1.2169485612729998
12.56,41.4,1019.23,74.26,472.54,0,1,0,-1.5870692771492247,-0.6601023510352951
28.25,57.19,1007.99,67.9,436.99,1,0,0,1.3365951098109805,0.25533453804939116
27.24,77.17,1009.37,81.51,439.12,1,0,0,1.6843962366887515,0.9755660226484321
16.41,44.92,1024.27,84.16,462.12,0,1,0,-1.7164189968661543,-0.6956957238367549
26.1,63.56,1013.12,61.0,442.75,1,0,0,1.2705400058235081,-0.5934383536640123
17.37,41.23,998.79,68.44,461.08,1,0,0,0.34805880401029576,1.2306760602911502
31.81,66.44,1011.21,53.55,426.84,1,0,0,2.1936940127279745,-0.785915799163488
13.83,45.08,1024.2,80.52,465.5,0,1,0,-1.8224210182497336,-0.8570795388376784
28.43,73.18,1012.52,71.05,427.11,1,0,0,1.6652733925330188,0.052309758336301596
12.07,38.25,1012.67,81.66,470.36,0,1,0,-1.5125186059076252,0.4141558308806082
14.73,58.2,1019.45,82.48,458.56,0,0,0,-0.8970715444273929,-0.1391833733908694
16.65,56.89,1013.52,87.44,452.52,0,0,0,-0.5216761981975666,0.7388664428158082
22.56,60.29,1018.19,67.53,447.15,1,0,0,0.3178974145646666,-0.8104825187443188
23.76,61.5,1009.15,68.52,441.16,1,0,0,1.060739739348999,0.22643939803684573
14.72,38.91,1015.17,61.75,468.87,0,1,0,-0.9148736200975219,-0.8987231985020774
22.63,58.49,1010.94,72.7,448.38,1,0,0,0.6035023846344926,0.23082205159172448
21.82,58.66,1011.71,64.37,452.16,1,0,0,0.7093167558011108,-0.276163263987816
20.88,47.45,1007.5,76.21,449.34,1,1,0,0.1151347298709562,0.7096041926420381
18.4,43.96,1012.4,77.81,464.63,0,1,0,-0.6193027703339886,0.2475339941055046
23.29,65.61,1014.81,70.27,447.67,1,0,0,0.7715401888468252,-0.2631493211949826
26.65,74.67,1015.73,77.32,435.9,1,0,0,1.2013605735080308,0.05067396285426346
24.62,72.43,1007.97,84.36,436.89,1,0,0,1.2801446533424918,1.2548531319248355
27.94,69.84,1003.11,70.47,428.67,1,0,0,2.1342765159738812,1.023358840519268
27.96,68.51,1007.26,63.21,432.07,1,0,0,1.9840651376115737,0.18585065146519397
25.52,71.73,1009.91,79.55,434.67,1,0,0,1.3169920518893197,0.7835149961993746
9.28,41.38,1021.96,72.22,486.18,0,1,0,-1.9914882452965694,-1.0404106219365448
20.5,51.19,1009.0,91.79,445.35,0,1,0,-0.26072326496208775,1.3833562254252298
24.38,47.01,1015.17,68.96,454.85,1,0,0,0.051145926661933974,-0.5272489950392474
25.69,59.54,1004.05,81.69,439.06,1,0,0,1.137181144229144,1.4326729273717278
13.86,44.21,1022.6,83.56,468.3,0,1,0,-1.8286566532546875,-0.53314058816417
31.44,64.44,1014.04,49.15,437.6,1,0,0,1.997013218819071,-1.3347832492246476
26.88,69.51,1012.76,45.03,436.3,1,0,0,2.0391001029805165,-1.3361258689188227
27.83,69.04,1009.69,63.79,443.24,1,0,0,1.8158761197187832,-0.043623588250562166
29.66,59.22,1013.25,61.2,441.58,1,0,0,1.3589376930523185,-0.6565500717945915
11.49,41.54,1020.17,70.91,476.74,0,1,0,-1.6457591918642767,-0.9269600804927063
5.62,41.31,1001.37,89.16,485.6,0,1,0,-1.3355515593791505,2.1004057899807087
31.0,71.77,1006.29,48.56,431.07,1,0,0,2.827655517323109,-0.459382977775716
28.18,71.85,1008.78,82.88,427.83,1,0,0,1.5318548624248358,1.0612577450000487
5.76,40.07,1013.22,62.99,494.67,0,1,0,-1.5027182698909851,-0.5518289317471602
14.73,36.99,1007.32,90.84,468.23,0,1,0,-1.2236566944612757,1.4422683613546006
24.91,57.17,1010.88,72.97,446.01,1,0,0,0.7305248113062497,0.22508317047774098
25.12,77.95,1009.26,82.95,433.4,1,0,0,1.5136781237503987,1.0826534036794158
21.42,56.89,1014.39,84.05,444.86,0,0,0,-0.09870559968623796,0.43653546601952786
26.06,54.5,1015.52,67.12,451.67,1,0,0,0.5442500772651416,-0.6114961770353248
21.14,58.98,1009.05,94.36,448.31,1,0,0,0.06498490498618771,1.5689698223958648
6.91,39.37,1019.58,71.02,488.2,0,1,0,-2.0821001397037016,-0.843229225538188
13.97,53.82,1016.81,62.32,465.24,0,1,0,-0.4461208331562485,-0.9226312247191655
14.64,42.77,1017.59,79.6,464.27,0,1,0,-1.382719987465324,-0.2090295814711098
31.58,66.54,1003.26,54.0,429.73,1,0,0,2.709368030315553,0.10527913668125712
10.27,41.44,1017.04,77.09,479.3,0,1,0,-1.698957894607434,-0.2595850187587391
7.94,43.65,1018.75,59.45,479.8,0,1,0,-1.4494665234807473,-1.3227453290217646
9.32,36.3,1027.67,73.25,479.52,0,1,0,-2.62836244970129,-1.6501254977569708
11.87,41.58,1017.29,90.3,464.77,0,1,0,-1.922960136693283,0.38538285081958173
22.58,43.79,1015.66,44.18,460.3,1,0,0,0.3747316783598816,-1.8735539754813608
19.2,59.21,1017.84,89.56,450.86,0,0,0,-0.5588441327505473,0.3792243364798206
30.18,68.24,1009.31,64.06,427.38,1,0,0,1.9934188337366023,-0.010810911693120364
26.27,71.98,1005.72,86.15,427.65,1,0,0,1.503114655556203,1.5773440140521886
19.39,43.14,1012.75,44.21,464.55,1,0,0,0.2803928104737269,-1.5386081312008342
12.81,44.34,1015.55,90.37,474.03,0,1,0,-1.606892158006058,0.5942551674393017
30.93,69.98,1013.33,62.1,432.25,1,0,0,1.9091804206131402,-0.5408007168542908
20.03,57.19,1007.31,81.69,446.46,1,0,0,0.3441571996257882,1.0974709633582358
27.34,71.29,1008.32,56.51,434.94,1,0,0,2.1582679196686825,-0.24883198776282983
17.7,48.98,1015.79,83.18,454.41,0,0,0,-0.8271972106081547,0.20089110258860066
20.61,65.61,1014.91,83.82,449.72,1,0,0,0.18944982089270485,0.44381902742131246
13.82,40.2,1013.19,90.11,466.99,0,1,0,-1.5383646847468209,0.7975370345004176
31.77,76.09,1007.4,73.36,431.69,1,0,0,2.357948312602025,0.7296466882550567
26.55,69.45,1013.88,55.39,435.64,1,0,0,1.6621430707458942,-0.9214435024069356
20.42,62.96,1020.34,84.0,452.08,0,0,0,-0.31797181318194095,-0.15814736738965796
20.76,59.04,1012.51,85.39,448.92,1,0,0,0.034767904393948376,0.7322354618637221
26.08,76.86,1003.3,79.49,436.85,1,0,0,2.04160516212774,1.5376020890945097
22.86,66.48,1003.77,71.22,435.56,1,0,0,1.5022566537844233,0.9978632505247144
30.33,70.32,1007.75,52.49,430.1,1,0,0,2.5061944269017764,-0.4225541120035612
27.22,67.9,1005.73,57.29,441.22,1,0,0,2.155099729046368,0.046946074450426985
25.22,69.88,1007.17,80.26,443.24,1,0,0,1.378919328491269,1.1056456670731787
15.3,38.62,1017.19,70.63,462.65,0,1,0,-1.2495480697266157,-0.666509822539497
24.01,50.16,1004.22,75.32,443.03,1,1,0,0.7398323451821497,1.0212218825853638
8.01,40.62,1015.62,86.43,476.22,0,1,0,-2.068895138676945,0.38605473254266937
19.31,44.71,1016.13,30.59,463.0,1,0,0,0.4684735021014487,-2.596584047211148
22.07,70.72,1010.52,82.96,442.88,1,0,0,0.8570160151998039,0.9085834323398263
27.31,68.14,1005.73,50.74,437.83,1,0,0,2.344266780229426,-0.28989209277846806
19.89,50.78,1008.85,92.97,446.35,0,1,0,-0.34975498043740144,1.461473080754465
14.07,46.18,1017.77,87.83,465.05,0,1,0,-1.5067532946877165,0.22762435130168124
12.07,40.81,1025.63,68.02,475.96,0,1,0,-1.926800816598505,-1.6804828275786823
31.19,69.68,1012.6,52.06,440.97,1,0,0,2.229537049322667,-0.9838467168268487
26.7,62.26,1011.0,71.64,435.03,1,0,0,1.1292494308634469,0.17212405082750815
21.94,58.79,1010.3,88.21,447.52,1,0,0,0.19812137043858283,1.1083692494781043
12.19,40.23,1017.76,81.44,474.92,0,1,0,-1.7565912210461787,-0.13626561444121577
13.03,41.26,1022.17,79.79,466.02,0,1,0,-1.8993938261584364,-0.699047806924909
28.55,74.33,1011.77,73.34,426.48,1,0,0,1.7171726565512515,0.260637936501214
15.73,38.73,1002.48,76.91,466.63,0,1,0,-0.37042519782724703,1.2572614040247065
16.22,41.35,1000.96,79.59,462.21,0,1,0,-0.1808718395775007,1.5788736429421566
27.44,47.93,1002.71,59.44,437.76,1,0,0,1.4425225417071372,0.32439452081193687
25.51,64.27,1013.28,61.85,444.76,1,0,0,1.2200265295102495,-0.557225746888457
19.14,56.65,1020.84,82.97,458.06,0,0,0,-0.7089914915853166,-0.30784442727360894
16.5,44.2,1018.94,63.59,458.3,0,1,0,-0.8398378852390097,-1.1837529018063127
13.78,45.51,1015.56,69.92,468.17,0,1,0,-0.941552388748318,-0.45980765560341114
13.29,71.14,1019.63,75.09,464.18,0,0,0,-0.26458309466009183,-0.4262329880042677
27.06,77.17,1008.71,90.6,432.2,1,0,0,1.4770064566232108,1.517944721815539
13.67,44.92,1023.6,85.35,467.71,0,1,0,-1.9279871647287734,-0.5425897935005496
14.7,44.9,1021.87,83.9,468.69,0,1,0,-1.6880198458272881,-0.43628727828409725
11.48,37.5,1014.38,69.75,472.9,0,1,0,-1.3996453586209363,-0.38891376301410785
16.95,58.86,1015.96,87.8,453.2,0,0,0,-0.5858198093335073,0.505606824426208
22.3,50.78,1008.85,81.27,449.86,1,1,0,0.154890540585418,0.8409714828093056
27.37,70.72,1009.77,67.87,441.9,1,0,0,1.73990965351141,0.17497953782443942
18.61,44.06,1016.91,75.01,452.68,0,1,0,-0.831873114591235,-0.3886937880783283
27.98,74.87,1010.02,66.44,435.32,1,0,0,1.9935476035115556,0.10319409436242637
9.39,39.66,1019.22,75.33,482.16,0,1,0,-1.9527035329449676,-0.5961294696439017
22.19,48.78,1017.84,76.01,446.51,0,0,0,-0.4178287145283503,-0.42476450756862966
25.48,60.29,1017.55,51.22,443.77,1,0,0,1.0287335564562397,-1.6027865212834926
27.51,71.32,1007.59,80.02,433.16,1,0,0,1.6090533284970256,1.0434789709083347
11.37,39.16,1016.54,87.05,480.54,0,1,0,-1.9348646269015821,0.2831772921428009
8.68,43.14,1011.94,79.06,480.73,0,1,0,-1.4590158976817202,0.42195889077006954
25.3,59.43,1009.15,58.3,442.5,1,0,0,1.3636411207738874,-0.3283840544947075
12.82,48.14,1017.47,81.45,467.48,0,1,0,-1.3363424585363655,-0.04476328482726571
20.31,49.69,1011.57,69.03,455.37,1,0,0,0.07698644947883869,-0.08227569713181611
23.0,49.5,1014.15,66.68,454.44,1,0,0,0.17614464051642528,-0.5044160730172279
14.24,45.01,1013.54,88.68,461.64,0,1,0,-1.2781279947490274,0.7214782558169406
20.17,50.66,1014.38,82.09,454.79,0,0,0,-0.4246500427645049,0.294792929556037
7.69,38.06,1020.72,83.47,483.54,0,1,0,-2.4785291015984035,-0.3404770914011519
30.36,69.04,1009.6,58.73,436.72,1,0,0,2.1630527374302,-0.3123431201199964
29.12,66.51,1015.69,37.9,432.88,1,0,0,2.078271650093043,-2.0627107238971667
27.01,67.98,1006.01,67.98,434.65,1,0,0,1.8428650398139481,0.5704312644426204
24.24,72.43,1008.02,86.4,436.6,1,0,0,1.1920647305292387,1.3573245154440297
22.49,58.71,1009.75,76.43,443.33,1,0,0,0.5853090918262956,0.5556848889269297
23.76,70.32,1012.13,78.84,434.64,1,0,0,0.976762200248221,0.5058166909154244
18.09,43.72,1008.64,74.15,453.02,0,1,0,-0.3034856013936102,0.46814824190932486
15.96,41.66,1011.93,55.47,466.39,0,0,0,-0.30628859564909533,-0.856494183671628
25.54,61.08,1013.77,69.64,448.57,1,0,0,0.8448935656505496,-0.2343031512247264
22.96,70.79,1005.68,93.93,434.47,1,0,0,0.9768808326247211,1.9963868785577055
14.76,39.64,1010.37,81.99,465.82,0,1,0,-1.0810273316887997,0.6744308428834169
16.16,52.05,1013.19,75.37,463.09,0,1,0,-0.43760934269148494,0.11602057515911908
22.36,59.44,1013.1,84.74,446.75,1,0,0,0.16122294289531228,0.6267294939093747
25.79,65.27,1013.26,55.35,440.04,1,0,0,1.4584398850596851,-0.8844813083518925
18.78,63.09,1019.22,80.2,452.86,0,0,0,-0.27194499084959506,-0.22013306669367871
6.49,36.3,1016.52,69.1,483.43,0,1,0,-1.993324371915355,-0.6310435183650674
19.4,49.69,1012.89,75.53,455.6,0,0,0,-0.257966736316464,0.11579710700665925
6.16,38.5,1012.83,93.68,490.92,0,1,0,-2.314291228749515,1.059685076714151
15.31,41.35,1005.09,95.25,466.5,0,1,0,-0.9467616989837041,1.9439000191612232
5.74,40.62,1016.31,84.91,481.15,0,1,0,-2.2635769955335907,0.2479653067200134
30.31,77.24,1008.02,67.84,435.28,1,0,0,2.3901192030552325,0.39640001067588154
24.54,72.24,1011.43,74.1,435.08,1,0,0,1.2973754495330587,0.34745648822104686
22.97,72.24,1011.15,95.85,437.41,1,0,0,0.6185347934538409,1.5115555552896065
22.45,59.87,1018.92,72.73,445.34,1,0,0,0.10465117101233988,-0.6241354513913631
13.9,41.17,1016.84,72.9,468.96,0,1,0,-1.2881290569311676,-0.4811031079389164
17.78,52.08,1006.9,100.09,453.31,0,1,0,-0.5196994862441183,2.0662586471871838
9.59,40.11,1026.05,74.27,470.71,0,1,0,-2.354306795534723,-1.392237400221301
11.91,44.45,1021.39,84.49,466.52,0,1,0,-1.9208298003495619,-0.33812763093460724
31.26,70.36,1006.49,60.47,438.15,1,0,0,2.4620956509759386,0.12058401157074418
23.82,64.15,1020.96,60.11,447.37,1,0,0,0.5971166444893095,-1.4726648280145553
25.02,69.75,1010.04,91.86,437.87,1,0,0,0.8578937191091535,1.3923555953942475
25.47,70.36,1005.79,77.73,437.02,1,0,0,1.5809115918814851,1.127440449747667
27.13,59.54,1004.33,73.27,438.32,1,0,0,1.4569669395546736,0.9576492055671153
24.6,48.78,1018.1,73.71,442.23,0,0,0,-0.1765398075787018,-0.5882813322069883
24.95,76.16,1006.2,76.16,437.47,1,0,0,1.806779008778511,1.0520182877095172
7.55,41.04,1027.03,83.32,476.58,0,1,0,-2.7849779074402576,-1.0102851462844276
34.24,74.67,1016.24,25.56,425.58,1,0,0,3.1455811200060206,-2.728923516749598
19.94,44.9,1008.52,74.69,459.47,0,1,0,-0.10469735141100354,0.5059570585070104
27.14,63.13,1013.38,75.68,438.82,1,0,0,0.9360924291536378,0.12556714872623387
28.56,74.22,1007.45,69.6,434.54,1,0,0,2.105402755707145,0.5369548640324838
13.05,44.34,1018.47,81.2,473.4,0,1,0,-1.5465398271131672,-0.19872954546134575
26.72,74.87,1010.18,70.74,441.93,1,0,0,1.7662799023951912,0.31637832951441935
12.5,43.67,1013.99,90.91,473.26,0,1,0,-1.5697724145319423,0.7887056949826147
20.62,68.12,1012.33,79.88,447.16,1,0,0,0.5797900599186139,0.5414659178376833
16.17,38.01,1022.19,70.99,462.54,0,1,0,-1.5549274006294111,-1.2031756250889158
9.58,38.08,1019.49,67.54,478.5,0,1,0,-1.8215294448151955,-1.0417258055077492
25.42,73.21,1001.91,93.78,432.04,1,0,0,1.5475629465789331,2.4018008967185906
30.31,70.36,1006.55,59.92,439.11,1,0,0,2.3939670099252,0.09214737347730163
23.76,51.19,1009.69,70.87,442.9,1,0,0,0.5079634416732904,0.2059202701639651
29.42,79.74,1007.24,61.26,437.61,1,0,0,2.652002298727383,0.16783880764789572
8.8,42.32,1017.91,86.8,483.88,0,1,0,-2.0945343493555084,0.1641203793922671
27.16,72.58,1009.24,90.26,429.59,1,0,0,1.2556443299314612,1.4050297462170453
19.75,49.02,1009.38,92.89,446.63,0,1,0,-0.47294936916473357,1.3864168079473196
30.44,68.84,1010.97,55.34,438.31,1,0,0,2.1560192101716362,-0.6386799138261208
18.6,41.67,1013.07,64.23,458.91,0,0,0,-0.394579025264373,-0.5463212508676896
19.65,45.01,1014.18,56.77,451.63,0,0,0,-0.0413994471538216,-1.032583776175516
15.99,49.21,1015.17,76.4,463.47,0,1,0,-0.738757517660259,-0.0680984536885887
8.73,41.26,1020.54,91.37,476.42,0,1,0,-2.4457697169878814,0.10564435087544678
15.99,39.63,1006.09,89.92,464.95,0,1,0,-0.8953682386174786,1.5413488403535927
5.56,45.87,1006.99,96.48,476.61,0,1,0,-1.7138932469660795,1.9035577295544115
8.88,39.66,1015.21,88.29,481.45,0,1,0,-2.060063991707433,0.5130439350201974
5.42,41.38,1020.77,86.02,491.38,0,1,0,-2.5895564450505373,-0.17201960566950303
8.97,36.24,1013.21,90.77,477.89,0,1,0,-2.131869109455663,0.8306728677466929
18.18,61.87,1008.64,66.28,453.1,1,0,0,0.7098003497789802,0.20742909071245091
12.87,41.5,1013.51,85.72,469.44,0,1,0,-1.4665615265590517,0.5530160887066834
14.23,46.18,1017.39,87.29,463.86,0,1,0,-1.4535294244488712,0.24002651236567096
18.17,66.86,1011.29,78.48,452.77,1,0,0,0.42951057082094035,0.5890123578649954
19.73,49.69,1007.78,73.02,454.28,1,1,0,0.1832437476158537,0.5403290101368575
25.36,61.41,1011.89,55.64,452.29,1,0,0,1.3385917897748558,-0.7485002912950878
29.78,73.42,1011.27,52.79,445.58,1,0,0,2.3496511941649825,-0.7615904683665167
32.0,58.9,1003.48,51.38,437.81,1,0,0,2.460660961329932,-0.11834727939206334
18.64,67.71,1003.84,89.63,442.26,1,0,0,0.7223375191752361,1.97943474068577
13.16,43.71,1024.44,85.68,469.06,0,1,0,-2.0893200452250666,-0.6232730912927708
7.64,40.02,1031.58,71.19,479.43,0,1,0,-2.8157575265365717,-2.1407492239484465
11.87,41.78,1012.97,64.79,470.84,0,1,0,-0.9530179796882601,-0.4596533140451978
20.56,59.14,1016.02,68.59,448.82,1,0,0,0.22236727679044674,-0.5150894303433201
11.41,39.61,1018.69,69.44,467.19,0,1,0,-1.598138583583214,-0.8567108899695071
26.11,52.36,1013.9,59.62,453.76,1,0,0,0.760456071997107,-0.8398942134513834
19.06,56.65,1020.82,82.14,455.7,0,0,0,-0.6925422419573075,-0.34797061116733435
9.13,40.02,1031.08,74.76,473.47,0,1,0,-2.7519764339896136,-1.9121821544568243
14.44,42.32,1015.61,76.85,462.13,0,1,0,-1.2122166414904754,-0.1376820851728554
6.3,39.33,1010.63,94.26,489.95,0,1,0,-2.1313089822607765,1.3348910525238213
13.47,44.88,1017.56,93.23,476.67,0,1,0,-1.7403802884811437,0.5229022674286138
20.66,41.54,1014.68,79.7,461.55,0,0,0,-0.7442948729103718,0.06193060896928843
23.62,45.87,1007.75,58.69,445.55,1,0,0,0.7123951425396713,-0.2535676480680945
16.69,46.18,1011.0,97.85,458.57,0,1,0,-1.0907798283808217,1.4641340025136267
28.01,44.89,1008.98,48.52,444.76,1,0,0,1.2134187960944975,-0.9504232430474786
21.73,64.63,1020.84,68.9,450.36,1,0,0,0.22426763061866262,-0.9876521487498526
30.35,69.51,1009.95,39.24,430.07,1,0,0,2.668378515755543,-1.3528055265224121
8.67,36.66,1026.8,84.36,480.38,0,1,0,-2.897139937595133,-0.9744847284355767
30.51,59.57,1011.08,61.94,436.92,1,0,0,1.5731323464781604,-0.38506768348513437
26.12,66.75,1017.86,79.02,433.67,1,0,0,0.6187949779162182,-0.15364694672946283
13.11,38.73,1005.89,89.02,473.38,0,1,0,-1.135600876417305,1.5290884440633994
21.41,62.39,1007.84,88.83,452.8,1,0,0,0.464610024082498,1.440839150590097
12.33,45.51,1016.49,79.2,471.16,0,1,0,-1.3671303688072192,-0.07205969067171399
24.02,77.54,1008.33,83.92,438.52,1,0,0,1.4428689363220035,1.2382019420697958
9.37,38.56,1016.84,62.07,482.77,0,1,0,-1.494094400634345,-1.030295290424131
11.26,44.92,1023.63,88.99,474.69,0,1,0,-2.2240628395494775,-0.34146769737136384
30.12,69.71,1009.1,52.02,435.85,1,0,0,2.3822101754650786,-0.5972838167451642
4.65,35.19,1018.23,94.78,489.36,0,1,0,-2.981755099721094,0.5121844104557023
28.21,70.8,1010.45,77.92,435.99,1,0,0,1.5037916347658966,0.6146978427542167
30.83,71.58,1009.92,48.8,432.11,1,0,0,2.5514933121317034,-0.842591201276739
6.59,39.37,1020.34,77.92,488.17,0,1,0,-2.3406297930726336,-0.567564754106567
21.84,64.69,1007.57,77.34,450.25,1,0,0,0.920156553883468,0.8926315676642214
31.63,70.17,999.4,59.94,432.07,1,0,0,2.9814821355895558,0.8611133547051603
4.7,39.9,1007.45,91.02,487.78,0,1,0,-1.9367703066528061,1.5293775390650837
31.11,75.33,1002.32,64.25,433.37,1,0,0,2.854358710336486,0.8108167613524802
18.21,41.23,993.11,62.29,457.53,1,0,-1,0.9653405297985718,1.5258621807006345
9.82,39.64,1010.79,69.22,477.93,0,1,0,-1.1837020400793454,0.0031784429592349814
16.77,38.01,1023.04,65.5,460.16,0,1,0,-1.4198970639010127,-1.5832539574068898
16.88,39.99,1007.08,74.29,462.83,0,1,0,-0.46510766081687777,0.62344870820635
21.08,70.32,1011.39,88.79,440.59,1,0,0,0.546011840989507,1.1183861784641351
22.79,69.13,1010.87,91.47,438.08,1,0,0,0.6001057114858153,1.2920941375055006
26.96,62.39,1008.14,73.95,437.41,1,0,0,1.2910644835443994,0.6020461255761504
30.87,67.32,1013.78,34.54,436.96,1,0,0,2.476440927325985,-2.03365119536692
19.74,45.38,1015.11,80.67,459.39,0,0,0,-0.7055918370152645,0.1024083456985959
24.22,71.14,1009.38,64.53,438.88,1,0,0,1.6123020277359152,0.06991385889225117
16.27,44.21,1020.56,82.22,462.11,0,1,0,-1.4556462066425995,-0.396674494387121
14.41,46.18,1016.25,88.88,462.49,0,1,0,-1.40249910301778,0.44500523311837975
10.48,41.38,1021.97,65.22,481.41,0,1,0,-1.7102093898078015,-1.4110870270085147
14.24,44.84,1023.6,94.06,466.67,0,1,0,-2.112068488482121,-0.0974580902069687
23.08,74.78,1009.85,83.67,437.86,1,0,0,1.1465034730481516,1.0439900945226637
25.77,73.68,1014.18,87.53,429.84,1,0,0,0.9239582680448735,0.7445851317068659
17.94,62.1,1019.81,82.65,453.55,0,0,0,-0.489168825872147,-0.16012071746316914
9.43,41.4,1028.42,84.92,479.28,0,1,0,-2.750512283898207,-1.0889687854931445
13.98,41.79,1010.6,83.84,457.12,0,1,0,-1.114638593194759,0.7675463830283695
25.02,47.45,1008.07,60.42,446.62,1,0,0,0.8305835392200001,-0.1959327369499112
30.99,69.82,1009.41,50.84,437.46,1,0,0,2.468566579563091,-0.6970142503162302
17.17,63.09,1020.54,95.98,446.75,0,0,0,-0.9071688523444974,0.461820515201936
19.4,42.44,1013.19,58.63,459.76,0,0,0,-0.15644947807271797,-0.8477611712669442
24.1,68.08,1012.73,65.24,440.33,1,0,0,1.2205405459224383,-0.28200338224776367
12.07,39.99,1009.7,93.27,473.06,0,1,0,-1.5366985715106365,1.3509302560139131
9.55,40.72,1023.12,68.06,481.08,0,1,0,-1.9686825222589022,-1.3886391483502865
9.57,52.75,1022.32,75.4,470.93,0,1,0,-1.5739056780948992,-0.8258284040179147
21.74,70.32,1011.88,85.95,439.19,1,0,0,0.641291208572794,0.9139056258060926
30.99,68.51,1008.0,71.35,430.09,1,0,0,1.9709951852324747,0.5048211320155235
17.88,45.87,1008.39,93.63,455.83,0,1,0,-0.7180138604879194,1.5198139867083809
17.51,53.16,1013.13,82.86,457.45,0,0,0,-0.4688761909427212,0.5089563132915413
7.79,43.13,1019.67,85.35,484.42,0,1,0,-2.2242866334318276,-0.08893975799410934
31.56,66.44,1008.91,64.16,430.11,1,0,0,2.0526180273988652,0.013975227026455326
30.58,68.84,1011.34,51.29,439.71,1,0,0,2.248179059480368,-0.8890107031071025
13.35,39.64,1010.1,93.3,471.69,0,1,0,-1.4745371298090697,1.297362659596377
17.9,67.71,1004.3,89.59,449.73,1,0,0,0.6309440336708504,1.9323415232635501
21.94,50.32,1008.44,86.98,444.89,0,1,0,-0.016358389209764,1.1791559591735885
31.49,69.13,1009.33,53.9,425.74,1,0,0,2.404907476017354,-0.5392997881252233
8.48,42.49,1010.77,88.68,483.5,0,1,0,-1.6757930665776086,1.0421288606315073
26.85,73.77,1001.2,90.13,431.24,1,0,0,1.83406379197266,2.2854067866340784
26.75,60.96,1012.05,56.77,447.93,1,0,0,1.3930419184683298,-0.7207044471329817
24.91,64.45,1013.02,42.34,450.84,1,0,0,1.705980495372401,-1.5306094557602705
23.03,68.08,1012.63,70.37,441.71,1,0,0,1.0049922242608367,0.0010415001768913719
12.99,40.55,1007.52,94.15,472.18,0,1,0,-1.3104442975244852,1.6319424940820484
23.79,48.06,1012.92,60.03,447.59,1,0,0,0.43548957988395415,-0.7308114223648177
23.42,63.07,1011.72,75.81,444.23,1,0,0,0.7361868693175223,0.3379510278731539
32.09,69.4,1003.1,56.91,430.62,1,0,0,2.8124224814748375,0.29248708286034675
21.78,51.43,1007.45,88.71,446.56,1,1,0,0.04166281403892243,1.3862948480784547
31.92,69.13,1000.77,58.91,425.19,1,0,0,2.8930780055329137,0.6484150378313953
22.79,50.78,1008.65,58.39,447.12,1,0,0,0.8068443000913071,-0.32182511038753336
10.52,42.18,1014.9,95.67,469.03,0,1,0,-1.9853116181351085,0.9368966265540514
7.64,42.28,1008.46,84.29,484.78,0,1,0,-1.4821789351387602,1.0710441909866966
15.8,41.2,1016.08,77.83,468.55,0,1,0,-1.2069972020556234,-0.15657461649981655
17.3,46.21,1013.56,87.57,456.77,0,0,0,-0.9450171498620314,0.6507533417220069
18.26,61.27,1019.1,74.74,428.67,0,0,0,-0.24424930715228355,-0.5000580555508515
14.03,41.79,1008.07,83.32,457.98,0,1,0,-0.924435737723013,1.0158219086582505
24.55,58.86,1015.22,60.53,445.8,1,0,0,0.8045013627139681,-0.8736168084924999
24.6,57.32,1012.48,45.14,442.64,1,0,0,1.3296916919793353,-1.382574187892704
25.04,70.36,1006.56,75.91,436.47,1,0,0,1.5404826732571884,0.9525807912140644
32.31,62.04,1010.45,38.01,449.65,1,0,0,2.498861728249195,-1.5443092667299245
21.17,64.15,1021.25,62.38,454.15,1,0,0,0.29930543999927217,-1.368940300574294
9.15,40.11,1023.82,75.4,475.01,0,1,0,-2.2681161244272796,-1.0880930996418343
27.34,63.78,1016.5,48.4,446.56,1,0,0,1.4813962709357584,-1.6186480935359588
11.7,43.41,1016.08,62.27,467.51,0,1,0,-1.0413656214178568,-0.9140747037352683
27.58,73.06,1009.63,88.31,438.1,1,0,0,1.3358385513317201,1.2628912904097354
20.53,54.9,1016.61,61.28,454.67,1,0,0,0.18374819325186878,-0.9906693956419754
9.55,41.44,1015.07,85.94,481.75,0,1,0,-1.8553342256692262,0.4167239031937242
9.94,41.44,1015.21,87.02,481.24,0,1,0,-1.8609110219551026,0.45457329190228346
6.71,40.72,1022.78,80.69,483.11,0,1,0,-2.509940446302621,-0.6801677436470411
31.09,64.05,1011.32,61.14,440.62,1,0,0,1.8230627105090509,-0.42037621324235563
17.23,40.12,1013.52,81.55,456.2,0,1,0,-1.0592588782449204,0.2957371164887588
18.27,58.2,1018.34,72.73,448.17,0,0,0,-0.2744381220175787,-0.5458778159627488
9.06,36.3,1015.14,58.71,477.38,0,1,0,-1.4156201190177475,-1.0347543955602587
14.66,41.66,1012.89,62.41,466.87,0,1,0,-0.6603850216206048,-0.5938445003630685
23.79,58.2,1016.77,55.88,446.88,1,0,0,0.7285092142219127,-1.2825677318044866
31.33,58.9,1003.77,52.34,439.54,1,0,0,2.36050424196124,-0.09578245098833148
10.26,43.14,1019.68,98.97,466.75,0,1,0,-2.3765644993411845,0.5963345887934368
33.75,64.96,1002.54,39.28,432.62,1,0,0,3.2525476138214913,-0.6038303710731885
18.72,60.07,1015.81,70.55,454.35,1,0,0,0.07460239979684909,-0.37097301355489487
20.71,58.18,1007.63,98.44,447.06,1,0,0,-0.015579506439755296,1.9307094408128704
28.87,71.97,1008.74,82.61,435.86,1,0,0,1.6038783536717751,1.0479257852296004
12.63,48.04,1013.0,100.13,464.6,0,1,0,-1.5398073553739065,1.4068085127179344
13.69,34.03,1018.45,65.76,469.12,0,1,0,-1.5434444441319577,-1.0810926797057845
20.3,67.32,1013.49,80.9,441.51,1,0,0,0.412368506688343,0.46356842312958463
14.93,42.44,1012.65,86.8,471.24,0,1,0,-1.2246814651171398,0.6959056543033837
25.43,69.13,1002.2,86.44,431.53,1,0,0,1.5405365495590608,1.9583512516421473
24.85,71.98,1005.97,95.09,433.64,1,0,0,1.135257686070614,2.0213713728287845
14.67,45.01,1014.28,67.91,460.47,0,1,0,-0.7503491006054073,-0.43432153787195155
3.63,38.44,1016.16,87.38,487.87,0,1,0,-2.588159633263272,0.38867220749958264
28.54,72.99,1007.42,67.87,432.0,1,0,0,2.096774881419,0.4411355142815825
15.26,41.2,1016.0,76.06,467.98,0,1,0,-1.1998612284071057,-0.23555443800471876
29.88,68.08,1011.14,55.78,429.33,1,0,0,2.053203561525757,-0.6367690910761687
5.65,40.72,1022.46,85.17,487.09,0,1,0,-2.6926793548702905,-0.40679537946062183
9.2,39.82,1013.19,91.25,482.89,0,1,0,-1.966227886190109,0.8848970972684753
18.85,44.63,1009.06,84.75,456.72,0,1,0,-0.5062590340392688,0.9718021543405515
28.16,61.47,1009.19,62.53,442.48,1,0,0,1.5763763669998585,-0.11746590345512652
13.15,42.44,1014.51,99.53,469.34,0,1,0,-1.8310529163583944,1.162764088951324
16.97,50.9,1012.31,82.65,463.28,0,0,0,-0.5516935677995443,0.5728802788402794
17.33,42.28,1007.97,50.33,462.26,1,0,0,0.23841582560815838,-0.6950633388392294
17.39,46.21,1013.94,82.73,454.06,0,0,0,-0.8370224930553151,0.35889010870812416
26.26,65.06,1013.58,52.72,440.92,1,0,0,1.5348812580666007,-1.0600042085815913
13.72,45.01,1014.07,77.0,464.59,0,1,0,-1.051971938083588,0.06432278455384648
10.99,44.63,1020.67,90.09,473.29,0,1,0,-2.0860734096422715,0.03711175582633853
8.94,41.74,1022.55,90.74,483.53,0,1,0,-2.5278478635742374,-0.14329523854912318
22.5,59.43,1010.31,72.17,441.92,1,0,0,0.691016763642186,0.2805133755314889
23.62,68.63,1013.18,50.57,447.3,1,0,0,1.5578323781806276,-1.0806561121888365
17.17,44.68,1018.72,83.58,462.53,0,1,0,-1.2707336755751404,-0.12848839672614826
12.47,38.25,1012.74,82.89,469.56,0,1,0,-1.5164172769601338,0.467302445758943
16.65,46.18,1010.6,95.69,465.6,0,1,0,-1.0103677109400986,1.3964446001647834
24.56,71.94,1006.81,89.59,437.97,1,0,0,1.1960097517589985,1.6476243055208737
25.49,47.45,1007.89,57.04,444.52,1,0,0,0.9699702195275014,-0.35404491472093114
7.33,40.0,1018.96,80.76,478.16,0,1,0,-2.2319041849055727,-0.2706729774029381
20.52,43.79,1015.9,68.1,463.93,0,0,0,-0.43670818787209303,-0.6506934427745783
13.61,41.16,1020.49,75.09,462.67,0,1,0,-1.6185785661623042,-0.7635465531046917
22.5,45.38,1014.11,65.08,458.19,0,0,0,-0.0022321123520002303,-0.6124347159607286
28.24,65.27,1013.43,48.74,439.36,1,0,0,1.8217904355403665,-1.260984462802903
30.04,67.25,1017.65,52.84,435.17,1,0,0,1.6628082409815421,-1.5051316874194085
14.38,44.84,1024.59,81.68,471.6,0,1,0,-1.8445079062574625,-0.8453460999191214
24.78,68.63,1013.96,43.7,448.43,1,0,0,1.7799164116259518,-1.5281843281001157
19.99,40.79,1003.15,87.55,455.28,0,1,0,-0.2517072651082945,1.7211102114159145
16.01,43.69,1017.12,62.43,465.89,0,1,0,-0.7483720226926946,-1.0462410370899236
29.09,72.43,1006.86,65.47,427.3,1,0,0,2.218373902201311,0.3699342016392
13.31,40.03,1017.73,84.48,470.31,0,1,0,-1.7503603096317677,0.01468319688631998
33.34,69.88,1007.65,42.72,437.84,1,0,0,2.997348143051178,-0.9401715976555909
26.88,59.21,1013.54,58.13,437.11,1,0,0,1.1894948854606457,-0.8277057285957512
15.69,37.87,1022.63,87.71,462.16,0,1,0,-2.0676242586281974,-0.3857279151948715
27.58,78.05,1010.83,94.98,431.95,1,0,0,1.2997348123061583,1.5167833951749623
20.51,63.86,1020.65,75.36,447.18,1,0,0,-0.06622759067971455,-0.6313218870620301
13.56,39.52,1016.61,78.35,470.67,0,1,0,-1.5156704666250622,-0.18566200772879105
22.64,59.27,1012.58,83.55,446.2,1,0,0,0.2433860620904456,0.6186278964844286
30.29,71.58,1010.01,54.03,434.27,1,0,0,2.364122797129773,-0.5786918218300374
10.15,41.62,1015.86,97.4,463.89,0,1,0,-2.1511962983721196,0.9197048504525847
23.07,57.5,1015.7,75.47,447.49,1,0,0,0.19926554213181882,-0.15541487668711124
7.29,40.96,1023.01,90.78,488.65,0,1,0,-2.7308294438433913,-0.18632366605183825
25.34,69.48,1008.4,74.79,433.81,1,0,0,1.4302666497533683,0.6852835397451688
19.66,58.79,1017.17,84.16,447.93,0,0,0,-0.3526088172238533,0.1668615011254806
17.77,56.53,1019.57,79.89,457.94,0,0,0,-0.660289555666382,-0.320185475561045
14.34,42.86,1031.75,66.81,466.17,0,1,0,-2.034685734790286,-2.4082861063136356
14.4,42.99,1010.3,89.72,469.34,0,1,0,-1.1602634921323276,1.1105728492071276
18.31,62.1,1020.38,79.02,455.24,0,0,0,-0.40263589150534307,-0.41211541732976636
13.56,40.03,1017.73,83.76,472.59,0,1,0,-1.7109118365506621,-0.024196332453985663
6.17,41.31,1002.49,87.59,481.27,0,1,0,-1.3254890478754366,1.8936494364128336
25.04,51.95,1005.56,66.53,449.45,1,0,0,1.0420973118033652,0.4289046892747401
14.49,41.16,1000.5,82.17,465.24,0,1,0,-0.36809375126691013,1.7724451690898124
22.31,43.43,1010.64,56.44,449.67,1,0,0,0.3584586454278979,-0.6950915597559268
16.38,46.97,1013.6,73.67,459.87,0,1,0,-0.6269511522387696,-0.058808488352400684
23.48,65.12,1015.82,60.83,445.66,1,0,0,0.9434357953935573,-0.8657203185388394
11.58,39.69,1005.17,86.55,469.6,0,1,0,-1.1059264292932025,1.4981492302856905
14.74,43.99,1023.13,86.31,461.82,0,1,0,-1.8737175437231242,-0.4566569674618032
15.33,42.28,1008.19,66.15,465.2,0,1,0,-0.35504789358901834,0.1113865986953095
26.14,69.14,1007.1,88.27,439.03,1,0,0,1.2176914903569402,1.5145522810547485
32.86,68.51,1008.43,46.78,432.38,1,0,0,2.7380595170124176,-0.8232474738001708
28.88,63.76,1010.16,56.34,435.54,1,0,0,1.8323843208083048,-0.5291222986344386
27.59,54.2,1013.1,51.61,439.31,1,0,0,1.2275838309547498,-1.1616138164951577
21.85,69.94,1010.89,79.4,443.0,1,0,0,0.8722693702635939,0.6797265877351607
6.58,43.02,1014.03,84.95,488.22,0,1,0,-1.9340350498549734,0.5118667459991424
20.38,62.52,1017.85,75.56,456.56,1,0,0,0.04963350645074889,-0.32604166904133397
9.53,38.18,1018.43,75.33,476.54,0,1,0,-1.9525395698328827,-0.5229933612484371
16.76,53.16,1014.13,81.87,457.98,0,0,0,-0.5730862850936971,0.354091319010075
32.31,68.94,1006.11,71.78,431.14,1,0,0,2.216520257993005,0.7272462455203963
10.22,39.96,1025.05,96.05,471.36,0,1,0,-2.8098760873771482,-0.1644366728193929
10.72,39.35,1015.35,86.43,480.18,0,1,0,-1.8828049057749932,0.38670587554263147
21.68,64.15,1021.09,70.88,454.32,1,0,0,0.13019480895774888,-0.9161753010603298
21.13,51.43,1007.43,88.72,445.4,0,1,0,-0.010883915203064464,1.3934298355965538
29.14,75.23,1010.15,54.87,434.82,1,0,0,2.3986338915297027,-0.5133097431990027
12.04,43.69,1016.58,80.16,474.97,0,1,0,-1.502528847763716,-0.04497573446764085
10.1,41.4,1024.29,85.94,474.28,0,1,0,-2.4402948983123087,-0.5912179876922891
28.72,68.14,1005.82,46.52,443.26,1,0,0,2.564780275195689,-0.5271907319640723
28.84,60.23,1009.7,59.0,437.82,1,0,0,1.6353034473290329,-0.3698715757660712
18.68,52.84,1004.65,88.27,450.19,1,1,0,0.05035674926711632,1.700977919253073
16.5,44.63,1020.58,64.11,458.78,0,1,0,-0.9462782422049473,-1.332004306573523
27.18,64.44,1012.81,61.27,440.3,1,0,0,1.4125572893949183,-0.5460373326435842
20.08,58.79,1017.32,81.59,451.21,0,0,0,-0.2610134461483332,0.014978794041395136
19.64,56.65,1020.79,73.88,456.03,0,0,0,-0.42678420946150397,-0.7751056445910819
27.77,62.26,1010.88,66.45,430.19,1,0,0,1.3613645583942717,-0.09006512966765982
31.4,71.06,1008.44,74.77,433.34,1,0,0,1.9978955008903325,0.6512177623923131
3.68,39.64,1011.31,84.05,490.02,0,1,0,-2.1134518845861963,0.7541407626957084
11.89,40.03,1019.53,89.48,471.85,0,1,0,-2.120935910602231,0.08653839449111957
7.63,40.56,1023.13,81.01,486.7,0,1,0,-2.4732845613408587,-0.7093294147660156
26.38,71.73,1010.04,69.45,431.66,1,0,0,1.6430329577055758,0.24205268907098076
22.89,48.98,1014.55,48.21,448.56,1,0,0,0.5995066752747602,-1.5049542176792194
17.98,53.29,1018.29,83.46,455.71,0,0,0,-0.7918244805134791,-0.024045844084175975
14.22,48.6,1006.26,88.05,459.69,0,1,0,-0.6087094022185963,1.5106447702759576
22.35,57.76,1017.92,68.18,453.74,1,0,0,0.1904433287960146,-0.7664722878121999
22.2,57.17,1009.82,78.43,447.75,1,0,0,0.4364428010678104,0.6408938615001569
16.89,49.21,1015.19,70.39,458.25,0,1,0,-0.5087910953945974,-0.3867032162505474
22.51,59.21,1018.35,71.97,444.66,1,0,0,0.13922534627741812,-0.6070373638766923
15.11,42.99,1007.53,85.75,466.25,0,1,0,-0.8090721654055162,1.2023568539501464
25.15,73.67,1007.42,85.48,435.9,1,0,0,1.386789759593106,1.3789256666426855
15.47,44.9,1021.59,81.74,465.61,0,1,0,-1.548934115195034,-0.5225764753344708
11.1,40.0,1021.29,86.58,477.2,0,1,0,-2.2316746508172405,-0.24965023455739566
20.78,60.84,1018.66,80.4,445.82,0,0,0,-0.1731175568125285,-0.1806245949889133
20.94,68.12,1012.43,78.2,446.41,1,0,0,0.6432840847373009,0.44165837664562224
5.52,42.85,1012.77,93.82,478.98,0,1,0,-2.1748972935591397,1.1128580109888955
16.19,36.99,1007.37,92.4,462.94,0,1,0,-1.1473259506906268,1.507386960462207
27.06,72.58,1009.24,90.31,429.18,1,0,0,1.246084097961582,1.4082943461203177
19.92,48.98,1014.32,64.99,455.57,0,0,0,-0.06842380494379949,-0.593319440443765
18.53,61.27,1019.84,75.22,454.72,0,0,0,-0.2849582095741424,-0.5576921595565832
12.21,41.67,1012.88,85.19,475.07,0,1,0,-1.4567398756542038,0.6001262372385258
11.59,40.05,1014.96,86.22,474.46,0,1,0,-1.7480593019305861,0.41802117841590847
26.61,72.43,1007.71,75.82,427.61,1,0,0,1.6852770402462902,0.8286707951224703
18.4,44.92,1024.88,64.89,458.36,0,1,0,-1.090215948773854,-1.770559618160491
24.8,66.51,1016.74,65.72,441.34,1,0,0,0.9231645018400045,-0.7112553713081148
25.47,60.75,1007.27,65.91,438.42,1,0,0,1.3651858935585148,0.27866013843535414
28.57,75.33,1003.16,76.14,431.58,1,0,0,2.2767498012734153,1.350557582091792
31.01,73.5,1010.92,48.61,432.41,1,0,0,2.587787804157958,-0.94704313121125
24.38,57.17,1009.85,74.46,444.59,1,0,0,0.7180675755575212,0.4177736334489762
28.46,60.23,1010.2,63.38,439.88,1,0,0,1.4553975157061556,-0.19558857545130615
18.16,43.72,1008.64,75.22,454.98,0,1,0,-0.32566809773373573,0.5229107912009782
10.6,41.17,1018.38,87.92,478.47,0,1,0,-2.057979674661186,0.14920765450304696
24.19,68.94,1007.37,70.83,439.52,1,0,0,1.4852422119506368,0.5964935989315374
12.2,39.72,1018.07,54.83,471.33,0,1,0,-1.1040423118196825,-1.5479873223826963
27.95,73.5,1010.42,58.01,435.45,1,0,0,2.123682946829977,-0.38640299273508993
30.38,71.58,1010.17,50.45,433.75,1,0,0,2.4541914548200787,-0.7815517914885333
28.48,54.2,1013.14,49.51,440.55,1,0,0,1.353189474265409,-1.2804664909113634
11.3,43.14,1019.56,99.83,469.73,0,1,0,-2.305017500559165,0.6466933740307936
29.19,70.32,1008.28,55.42,427.9,1,0,0,2.2994049913428465,-0.3212038150858935
30.75,71.22,1006.47,48.06,437.96,1,0,0,2.783566181309599,-0.5075167822863307
12.37,43.22,1009.1,76.06,468.49,0,1,0,-0.8789122256418447,0.5517260091714271
25.75,60.95,1014.75,53.3,443.73,1,0,0,1.2166604010710271,-1.1870704961192418
28.18,67.17,1006.84,75.55,438.49,1,0,0,1.6493234746173384,0.8563591886187797
21.89,74.93,1016.11,77.88,448.47,1,0,0,0.7794075393816737,0.07282829523388941
24.79,50.78,1008.78,61.88,445.3,1,0,0,0.8718581241545722,-0.16946637929915942
30.86,70.32,1011.88,62.68,433.71,1,0,0,2.002093743984414,-0.3497659416438715
13.51,43.22,1009.63,75.02,465.89,0,1,0,-0.7937778888713347,0.4325391867526103
29.35,68.31,1010.46,46.2,445.86,1,0,0,2.316293932182804,-1.0518437414713435
19.98,60.77,1017.72,90.71,448.46,0,0,0,-0.44755653082043306,0.45889732498646135
21.77,42.23,1013.03,67.44,462.51,0,0,0,-0.18940072385954068,-0.39339189167577554
12.43,41.62,1011.87,80.57,460.61,0,1,0,-1.2512025552994497,0.4696713686554864
3.4,39.64,1011.1,83.43,459.86,0,1,0,-2.106043859729521,0.7469096988243489
24.73,74.22,1010.15,79.83,436.55,1,0,0,1.3378892945718273,0.7972945068867359
25.54,70.47,1009.28,73.5,436.16,1,0,0,1.4641347692105324,0.5294795417749905
25.88,63.73,1009.48,77.17,438.42,1,0,0,1.0855045534999233,0.6405603347406281
23.07,70.47,1008.64,83.37,439.04,1,0,0,1.0459899192227085,1.1255961710578015
30.66,70.98,1007.6,72.08,435.66,1,0,0,2.0608520153251564,0.6082110816421757
13.77,41.58,1020.63,72.94,459.75,0,1,0,-1.540218797578029,-0.8874975646848804
12.57,43.8,1023.2,56.85,466.68,0,1,0,-1.2961550636952435,-1.9719120229347487
31.1,71.32,1008.09,45.87,437.54,1,0,0,2.763642816836164,-0.7985491845649278
22.24,64.27,1012.97,89.54,443.76,1,0,0,0.2477008949586595,0.9284190071434629
29.08,52.84,1006.14,40.09,438.24,1,0,0,2.0661437040394364,-1.0196956647816868
19.35,39.72,1002.5,51.24,455.29,1,0,0,0.6414229130950915,-0.08693895215099955
28.88,54.89,1007.16,46.6,440.99,1,0,0,1.9003650434952728,-0.7767811459060916
31.7,70.36,1006.26,58.18,438.38,1,0,0,2.5739323828815475,0.024394110770860185
13.25,44.92,1024.11,89.34,469.18,0,1,0,-2.101685285368167,-0.38925678601695457
18.55,41.1,1002.02,65.16,459.97,1,0,0,0.305218311249202,0.7005518854875905
28.69,71.29,1009.22,68.35,433.07,1,0,0,1.8989433313227335,0.2552162257491703
13.74,42.74,1029.54,70.0,465.92,0,1,0,-2.022184810424139,-1.999841288380486
23.97,64.33,1010.54,84.65,443.87,1,0,0,0.6865853784550563,0.929201587660829
18.44,39.72,1001.14,66.83,460.44,1,0,0,0.2516542245139053,0.8722177099851127
16.88,56.89,1014.01,82.1,457.0,0,0,0,-0.3965603996483837,0.4082565263544993
12.82,46.18,1018.53,88.46,466.06,0,1,0,-1.678201407211148,0.1859421577402839
7.18,38.56,1016.49,70.37,487.63,0,1,0,-1.867874740333449,-0.5487208944930734
24.34,62.96,1019.7,61.44,446.09,1,0,0,0.638719397398906,-1.2799522766879796
26.63,62.44,1010.86,70.82,438.25,1,0,0,1.1623799267017205,0.14696117277895798
11.43,41.16,1022.81,92.04,466.86,0,1,0,-2.399598658215199,-0.1261736292495791
27.24,66.75,1017.78,69.6,433.65,1,0,0,0.962843628023887,-0.638914860662449
15.01,42.77,1018.21,73.22,462.6,0,1,0,-1.227735895233841,-0.6084423036320749
11.21,40.75,1016.45,86.14,479.2,0,1,0,-1.8480546506702227,0.25989665130486894
31.46,71.8,1010.75,54.88,434.96,1,0,0,2.3977281169058493,-0.62160111501367
13.65,42.86,1015.41,87.67,471.75,0,1,0,-1.5227140086522584,0.4524445985218652
9.57,39.82,1013.12,89.15,468.02,0,1,0,-1.8760419362285918,0.7815739970049747
11.46,44.85,1014.3,63.24,475.33,0,1,0,-0.9016787790708334,-0.6569533204940448
25.03,60.84,1017.69,59.23,441.58,1,0,0,0.7969872764050356,-1.1969928139938277
14.6,44.84,1023.58,88.21,464.88,0,1,0,-1.9281258364206695,-0.3997578279510525
28.88,73.68,1015.25,47.73,432.93,1,0,0,2.147708800968882,-1.447916493914492
13.82,44.84,1023.72,95.24,467.95,0,1,0,-2.1857496942904775,-0.04673408473034545
7.87,41.06,1020.91,87.64,486.57,0,1,0,-2.453326334898726,-0.12294430571519642
2.34,39.42,1028.47,69.68,490.34,0,1,0,-3.0281677320473928,-1.8487137340132955
23.58,70.04,1010.95,76.32,435.47,1,0,0,1.0958595882369362,0.5031681215982692
21.49,70.32,1009.07,92.25,443.04,1,0,0,0.6476097534295765,1.5468126856548825
15.84,41.66,1009.69,62.81,465.5,0,1,0,-0.35527732670221396,-0.23284420476416112
25.82,61.08,1013.64,66.4,448.46,1,0,0,0.9615310616141404,-0.3893333128486376
10.18,40.81,1015.79,81.42,475.13,0,1,0,-1.7620875442539197,0.09559825711728052
28.4,69.34,1009.76,70.4,436.5,1,0,0,1.698650971947454,0.2885309620690544
12.35,41.38,1021.99,55.38,474.94,0,1,0,-1.30010081389114,-1.934050524518264
16.52,43.7,1015.08,58.36,466.73,0,1,0,-0.46040333856256266,-1.0376541352427548
9.6,42.03,1017.66,92.27,474.65,0,1,0,-2.1671823716843734,0.46593742596888155
7.54,38.56,1016.49,69.1,486.76,0,1,0,-1.8049752102158598,-0.6167468192616877
8.04,41.92,1029.7,92.21,482.58,0,1,0,-3.1200734524324054,-0.8382872914175229
11.82,41.26,1020.74,91.14,466.95,0,1,0,-2.198356109628227,0.050881896626076124
21.62,48.78,1020.06,85.09,448.52,0,0,0,-0.8534964674102359,-0.19380810462525233
15.41,44.78,1007.69,65.17,456.83,0,1,0,-0.17852672673391423,0.13482266784437275
26.47,63.13,1013.72,79.4,441.81,1,0,0,0.7604055377474284,0.2851783968481947
31.5,74.16,1011.72,56.42,436.43,1,0,0,2.398705246368199,-0.6289712847767492
12.24,49.83,1007.9,94.28,466.83,0,1,0,-0.9925094135766627,1.677155670859731
13.52,41.44,1015.81,65.97,472.11,0,1,0,-1.0562795658623956,-0.7219614900524223
10.02,39.66,1016.34,79.98,480.05,0,1,0,-1.8258641486521598,-0.046797976531021516
21.01,44.05,1010.61,64.12,445.07,1,0,0,0.07985553056601581,-0.28145385500896736
8.35,43.52,1022.78,97.34,479.31,0,1,0,-2.686211724080915,0.19076970682138317
14.12,39.52,1016.79,75.89,472.32,0,1,0,-1.4174396466211723,-0.33608866698635814
35.2,73.56,1006.56,45.72,434.37,1,0,0,3.3090328529022806,-0.6496787613519102
25.28,72.39,1002.28,89.43,432.52,1,0,0,1.5882991295021587,2.13128996342428
14.3,41.93,1020.6,65.38,471.32,0,1,0,-1.2814482515382521,-1.2753328334871277
19.32,52.9,1016.86,68.2,457.66,0,0,0,-0.2021687093249845,-0.6684734582406626
22.04,69.51,1013.25,56.15,446.34,1,0,0,1.3156391789711517,-0.7823154241815571
28.07,66.17,1010.58,64.11,443.77,1,0,0,1.6401113350305734,-0.14876292960812587
23.09,60.95,1015.02,68.78,450.31,1,0,0,0.5741980099720702,-0.39910818533122344
27.17,61.25,1013.03,70.43,435.9,1,0,0,1.0167313039948118,-0.1227152730300608
26.44,71.64,1004.55,85.53,435.61,1,0,0,1.5981241271830713,1.6688231542422705
27.23,44.05,1005.69,58.91,440.2,1,0,0,1.064807964287693,-0.05724524252903695
17.68,40.89,1011.24,61.37,462.08,0,1,0,-0.3054036025220335,-0.4947232834041575
27.18,79.05,1008.99,94.32,434.01,1,0,0,1.45350080149058,1.6938345557136454
27.89,68.12,1012.78,48.72,435.69,1,0,0,1.9633926281193914,-1.1658974555953845
13.5,54.3,1016.2,77.46,468.92,0,0,0,-0.8177846705327223,-0.06750559738621618
28.11,66.17,1010.51,65.16,444.2,1,0,0,1.6207477445807743,-0.08720643287546555
28.75,70.02,1010.33,46.55,440.31,1,0,0,2.3418804474839376,-1.0017463656151682
25.56,74.99,1005.41,85.75,433.63,1,0,0,1.6088072965691649,1.6195425431566137
12.84,50.59,1020.08,88.08,470.96,0,1,0,-1.5778648052345126,0.03294818018829183
20.18,56.53,1020.3,77.1,454.14,0,0,0,-0.4382397151189932,-0.5601724993418609
25.65,69.45,1013.95,50.42,436.24,1,0,0,1.7129581372301412,-1.179501631034038
21.08,52.05,1012.28,45.25,453.4,1,0,0,0.8175762360548399,-1.3735192785711017
14.33,45.51,1015.42,71.55,468.92,0,1,0,-0.9292057148655308,-0.3641706126949117
29.13,62.26,1010.51,52.94,436.37,1,0,0,1.8518688339433125,-0.7565522083063636
31.73,74.67,1016.38,44.51,425.34,1,0,0,2.433688007302544,-1.7486863682604579
18.0,53.16,1013.02,82.47,455.69,0,0,0,-0.41074259637589033,0.49745052657572025
12.39,44.58,1016.38,84.95,475.37,0,1,0,-1.5459337904953194,0.22887069519068837
28.26,63.13,1012.0,68.35,440.58,1,0,0,1.3141576369414218,-0.11025812386434565
14.59,42.44,1012.7,83.92,470.86,0,1,0,-1.1808958220896857,0.5440991895378826
16.22,46.36,1020.04,91.73,460.73,0,1,0,-1.578035562702239,0.16857470362564775
25.99,59.54,1007.78,74.48,441.32,1,0,0,1.096045686839145,0.6522753030275807
20.84,59.8,1016.96,75.05,451.13,1,0,0,0.04168392302493097,-0.2805221432750753
26.85,74.16,1008.66,93.8,431.16,1,0,0,1.2467570835354227,1.665783891661929
7.24,39.04,1019.0,68.69,485.57,0,1,0,-1.9689844831190142,-0.9052832520005548
14.01,43.34,1016.95,83.41,463.81,0,1,0,-1.465513198330837,0.06624733416687519
17.66,44.9,1020.5,71.33,457.11,0,1,0,-1.0218425967087623,-0.9562983591413432
11.6,40.96,1023.95,86.83,473.66,0,1,0,-2.3359648847587726,-0.5220442766542693
16.72,44.78,1007.75,56.79,453.39,1,0,0,0.14448299094962685,-0.3132944292398908
12.77,40.71,1014.66,72.81,471.59,0,1,0,-1.250698697524794,-0.24437850509053932
11.08,38.16,1014.45,74.99,473.32,0,1,0,-1.5452600318235188,-0.11796073750965068
8.96,40.02,1031.21,82.32,475.47,0,1,0,-2.972420418583454,-1.5348751881520848
9.86,41.01,1018.49,98.71,467.37,0,1,0,-2.4155631483401043,0.6980529407033904
17.18,46.0,1002.74,100.1,454.02,0,1,0,-0.5539248233397219,2.474834989739852
14.5,53.82,1016.81,62.89,464.27,0,1,0,-0.4172709159605928,-0.896825108910589
24.01,65.18,1012.57,76.02,437.27,1,0,0,0.8144724939465875,0.26921081149759324
24.79,67.83,1009.32,61.46,438.36,1,0,0,1.597727434425401,-0.11260499888241975
11.67,44.6,1018.09,92.53,467.96,0,1,0,-1.9191336366561675,0.4391008155503477
21.28,70.32,1011.06,90.12,439.0,1,0,0,0.5502635261738773,1.2216134810725394
20.96,69.48,1011.04,82.63,444.31,1,0,0,0.6839014186031864,0.8325254088923102
26.57,73.21,1002.31,92.51,431.68,1,0,0,1.6483957784991152,2.2848257862779033
16.43,48.06,1010.73,61.26,459.63,0,0,0,-0.05481501610574243,-0.3785784772643999
26.22,65.34,1015.17,47.25,444.06,1,0,0,1.5784591632931841,-1.5129920124395146
24.88,52.36,1014.45,68.39,452.31,1,0,0,0.39227024658690407,-0.438605230969211
12.22,40.71,1021.25,80.83,477.07,0,1,0,-1.954950655931101,-0.5440833151900908
22.28,58.12,1014.54,83.27,448.97,1,0,0,0.03666058498984609,0.3839664246149065
9.14,37.36,1015.22,78.06,491.97,0,1,0,-1.8733706252498312,-0.036491606871350925
27.34,70.98,1008.82,71.42,438.73,1,0,0,1.720900030239984,0.4639892583640605
24.9,58.49,1011.06,65.14,444.19,1,0,0,0.9802295194741018,-0.18805290513607278
13.26,40.83,1007.97,90.63,472.14,0,1,0,-1.214513407274837,1.4016308808040843
21.86,64.45,1015.83,63.36,457.8,1,0,0,0.7133937621903176,-0.7305211568294402
18.55,41.85,1015.24,62.47,467.51,0,1,0,-0.49272372058500785,-0.8716599462961512
26.26,74.9,1003.85,81.94,437.44,1,0,0,1.8685301072434986,1.587186975019151
5.15,40.78,1025.34,95.84,483.03,0,1,0,-3.206469218523953,-0.1656070681357118
10.8,39.58,1011.99,87.54,478.24,0,1,0,-1.6659920119009273,0.8111503453384137
27.99,71.64,1007.79,72.67,437.81,1,0,0,1.841206161294192,0.6415432279308773
18.4,50.16,1011.51,98.07,453.78,0,1,0,-0.8146884231976712,1.4403393975099945
15.17,36.71,1013.5,77.44,471.93,0,1,0,-1.2708652104954983,0.07233513403265024
13.18,40.83,1007.67,95.44,472.36,0,1,0,-1.326352932098197,1.6831666827310792
30.37,67.45,1015.35,45.6,431.38,1,0,0,2.044858142875246,-1.629133398337633
24.88,71.94,1006.85,87.32,433.3,1,0,0,1.2790116381962366,1.5238895926375677
14.87,42.77,1017.94,75.06,462.03,0,1,0,-1.26896413214865,-0.48309492477986304
20.34,69.45,1012.76,91.05,442.73,1,0,0,0.2941190934961098,1.0839473649083506
5.71,40.77,1022.51,89.58,485.75,0,1,0,-2.804168893384711,-0.18457170542349854
28.62,79.74,1008.12,65.39,436.12,1,0,0,2.4180563335824514,0.29071082141095517
12.75,39.58,1010.8,77.31,473.46,0,1,0,-1.1565951998702817,0.3992489897087258
19.76,48.92,1010.48,46.57,456.69,1,0,0,0.658856272105303,-1.1255835004218198
19.75,54.2,1011.43,83.5,448.89,0,0,0,-0.13896431416182675,0.7201638030642994
9.63,43.02,1012.4,68.41,480.21,0,1,0,-1.1389637258421967,-0.18540974898183532
26.65,63.78,1015.32,53.95,440.26,1,0,0,1.3598681883871726,-1.1989272396610227
24.63,65.38,1010.43,40.68,446.23,1,0,0,1.9438284097047442,-1.3249099552645969
19.94,56.53,1020.48,76.43,453.8,0,0,0,-0.452812719760543,-0.612720912114179
15.18,43.67,1011.59,92.58,467.74,0,1,0,-1.2285873244117982,1.1179204359432064
25.79,63.9,1014.39,60.49,442.7,1,0,0,1.1866855998361496,-0.7531872545393709
12.64,40.71,1024.2,65.21,476.37,0,1,0,-1.7132426131657597,-1.6745580109265343
21.7,70.32,1009.12,91.3,438.52,1,0,0,0.6863580094176324,1.490888325166912
12.19,40.23,1017.45,82.07,474.91,0,1,0,-1.751918810516077,-0.06998823880177872
27.73,67.69,1007.47,59.42,431.72,1,0,0,2.0136480197055833,-0.03771367240257761
20.83,70.72,1009.56,89.37,446.48,1,0,0,0.6526211216920117,1.3525080275022214
16.7,46.18,1011.2,96.84,456.2,0,1,0,-1.0771976478399026,1.3901467233850087
8.27,39.64,1011.0,84.64,479.91,0,1,0,-1.728890035155765,0.7869917535441557
27.17,67.45,1015.67,49.03,429.87,1,0,0,1.6692944931495253,-1.4650300907040028
14.92,46.18,1014.21,98.82,465.63,0,1,0,-1.4810653937589286,1.176805020155649
27.47,66.86,1006.1,70.2,437.45,1,0,0,1.7673062495220335,0.663079328747036
9.72,41.44,1015.17,84.41,481.85,0,1,0,-1.8081403672704515,0.32568528239213373
19.97,50.78,1008.75,92.7,446.57,0,1,0,-0.32927897985771926,1.4578750765036719
18.37,51.86,1018.8,74.3,461.14,0,0,0,-0.618092877329926,-0.5666602241180794
14.85,40.8,1025.38,53.29,471.78,0,1,0,-1.2958366131593817,-2.4328029617155846
22.92,60.37,1007.05,89.94,438.86,1,0,0,0.5250363546241157,1.557570852407832
15.2,40.55,1005.0,88.4,465.09,0,1,0,-0.8059789136059279,1.594362071635398
28.07,61.47,1008.68,64.83,442.59,1,0,0,1.5436172454350403,0.05741913432953722
16.09,48.78,1015.78,91.12,454.23,0,0,0,-1.1756969499683485,0.6212871514554548
18.68,53.29,1018.16,75.01,459.89,0,0,0,-0.5043794459368408,-0.4509220276726218
14.48,40.83,1009.42,81.74,469.64,0,1,0,-0.9803713418362892,0.776457551135397
28.41,61.47,1008.94,56.56,442.54,1,0,0,1.77005639524789,-0.40016719033256476
24.03,62.44,1010.96,79.88,430.66,1,0,0,0.704220306585707,0.6215779563626325
28.31,74.33,1011.89,69.77,428.46,1,0,0,1.7824699222531417,0.0649041195423704
21.79,60.93,1006.44,87.68,443.01,1,0,0,0.5571031561292978,1.5195415913183776
28.53,69.84,1004.46,68.03,427.72,1,0,0,2.154693674601707,0.7463716420310267
9.84,36.66,1026.7,70.02,477.62,0,1,0,-2.4190368120052783,-1.7119212415450407
34.66,74.33,1012.0,32.19,425.89,1,0,0,3.2810792340123855,-1.930599520507817
21.99,58.96,1014.09,61.3,453.38,1,0,0,0.6545351127651736,-0.6925343286980922
23.69,73.67,1007.19,86.73,437.57,1,0,0,1.2493030197431085,1.4784769398330393
21.94,64.69,1007.39,77.58,449.36,1,0,0,0.934410690201142,0.9239369500640426
14.51,49.83,1006.27,91.65,460.45,0,1,0,-0.6252978409031003,1.7033392903348963
13.72,45.09,1012.95,87.41,466.24,0,1,0,-1.2441093598091688,0.7243478078984874
15.03,43.71,1025.07,83.25,463.12,0,1,0,-1.9144295344289795,-0.8300969789723589
6.99,39.37,1020.19,75.06,487.18,0,1,0,-2.2226540793982377,-0.7016190074096025
28.03,68.67,1005.52,58.16,438.8,1,0,0,2.2474860652610125,0.11539411116792155
10.9,41.93,1014.96,96.24,477.93,0,1,0,-1.9839549932519347,0.9551811271721417
5.51,41.03,1022.28,84.5,491.84,0,1,0,-2.6607874816790202,-0.41833362954291686
17.02,51.86,1021.53,81.28,460.0,0,0,0,-1.098034762260986,-0.4943191708123203
14.39,44.21,1019.77,85.7,465.03,0,1,0,-1.6478912165119832,-0.11815339875229601
24.05,70.4,1006.83,92.35,442.07,1,0,0,1.0125347098247128,1.7790168451799377
20.99,50.78,1008.55,75.14,449.07,1,1,0,0.22740286072124938,0.5661125663676595
21.02,61.5,1008.52,77.74,448.08,1,0,0,0.6366132591393951,0.7897545115881919
31.01,69.13,1000.93,62.96,425.69,1,0,0,2.7012309347762207,0.8463011527863725
12.38,41.62,1012.37,84.15,461.07,0,1,0,-1.3829665917506015,0.6003980820883618
23.37,70.94,1008.01,81.28,441.56,1,0,0,1.189037750691252,1.0880255903916953
12.22,40.78,1024.02,85.46,464.12,0,1,0,-2.2617010130897457,-0.6060807786951115
15.28,48.14,1012.55,69.65,460.75,0,1,0,-0.4895259148909448,-0.13508590180038726
25.09,57.43,1013.2,70.42,446.11,1,0,0,0.6653075428707367,-0.15829969069681593
23.87,50.39,1012.96,76.05,452.59,1,0,0,0.12347456568466224,0.11011876164969382
15.43,40.89,1010.63,73.03,468.35,0,1,0,-0.7542099881383987,0.18903605139809307
24.34,48.78,1018.0,73.44,448.54,0,0,0,-0.18412634050906498,-0.5895562766672612
25.09,71.58,1010.17,86.01,434.51,1,0,0,1.0883561865661704,1.0904462891015005
16.37,53.16,1014.89,74.84,459.52,0,1,0,-0.4733899026411703,-0.08892921334762915
11.8,41.54,1020.0,65.85,476.12,0,1,0,-1.4763602465654824,-1.1718011008511071
24.85,68.37,1006.5,68.37,442.66,1,0,0,1.6381821425091976,0.5551149439810626
17.16,40.55,1000.26,72.21,461.58,0,0,0,0.10201203681771394,1.261215280812958
13.09,54.3,1017.61,82.38,471.0,0,0,0,-1.0763185169040503,0.035781291622471574
10.25,41.46,1018.67,84.41,479.28,0,1,0,-2.002133735101909,-0.05885037549460725
28.39,65.51,1014.52,66.48,438.78,1,0,0,1.3068768399764406,-0.46289200223382077
31.55,69.75,1010.12,58.36,435.01,1,0,0,2.2667908532682377,-0.3904736211103314
23.84,49.21,1013.1,44.72,445.44,1,0,0,0.8781106730382069,-1.531896328951568
14.46,42.86,1031.34,69.84,464.44,0,1,0,-2.0760053865072225,-2.2080361050108035
24.16,65.06,1013.88,58.96,442.32,1,0,0,1.1780438337822041,-0.7561674054946159
20.82,63.77,1014.28,86.37,448.9,1,0,0,0.10197732724288687,0.627805131138099
17.0,49.78,1005.32,100.1,453.77,0,1,0,-0.5780234951472529,2.225605970194447
11.45,45.01,1018.88,92.12,470.4,0,1,0,-1.962361632881571,0.3367253226089799
18.26,58.96,1014.04,69.7,457.43,1,0,0,0.13058179721895546,-0.22793876031695193
10.74,43.67,1011.75,80.1,477.32,0,1,0,-1.2798455327868086,0.4865320515089895
20.89,67.71,1006.12,59.12,445.39,1,0,0,1.5498559381142873,0.14068011586497386
11.82,41.54,1019.96,67.65,476.97,0,1,0,-1.5190180704447647,-1.0746541097811877
25.44,65.06,1013.82,55.72,440.09,1,0,0,1.3724457994797206,-0.9256516063007958
29.92,69.75,1009.12,67.15,441.5,1,0,0,1.9707420924791914,0.1833429274032094
21.11,58.49,1011.6,80.44,449.16,1,0,0,0.23079623358286788,0.568940059557296
14.6,53.82,1016.28,64.83,462.86,0,1,0,-0.4235773638638213,-0.7396463757716337
25.96,63.78,1016.95,49.47,443.8,1,0,0,1.3088556501629025,-1.6029738014045745
18.32,39.53,1008.15,64.85,454.44,0,1,0,-0.19280894144002866,0.006045979237979679
21.36,68.28,1007.6,72.37,445.91,1,0,0,1.1666421124308746,0.6649766819091704
15.7,42.99,1007.51,76.05,464.59,0,1,0,-0.5055420202516958,0.6997219137575555
26.82,75.08,1005.93,60.81,441.14,1,0,0,2.3330246153055914,0.2674656848236995
15.22,41.35,1003.12,95.45,464.56,0,1,0,-0.8251074098812115,2.169331412870975
27.68,69.34,1008.28,70.9,436.37,1,0,0,1.727061008616351,0.48040435835600526
27.14,70.32,1007.08,73.08,427.21,1,0,0,1.7505449609325103,0.7351891014893497
28.99,54.2,1012.79,41.9,442.6,1,0,0,1.618001489109832,-1.6387245456724082
32.55,69.89,1013.87,40.09,428.84,1,0,0,2.5772479537597937,-1.7476978397118648
27.01,63.78,1016.72,47.89,442.6,1,0,0,1.452486920523847,-1.6666764170331514
6.31,42.07,1004.61,77.74,483.27,0,1,0,-1.1675724372249603,1.1594664975331106
23.31,60.08,1017.14,64.35,452.65,1,0,0,0.5252236704680578,-0.867149498159536
10.66,41.93,1016.12,94.16,479.61,0,1,0,-2.0284969201824703,0.72313758291866
26.82,64.96,999.72,63.55,427.51,1,0,0,2.2386291783372045,1.0035428886492341
12.36,45.09,1013.05,88.4,467.2,0,1,0,-1.389046802632734,0.7738628461491167
10.2,40.67,1016.15,73.2,482.26,0,1,0,-1.5763568396592695,-0.36923589522730293
29.17,74.34,1004.51,82.02,433.03,1,0,0,2.036935459879692,1.4950636686282415
12.03,40.75,1015.93,85.07,474.97,0,1,0,-1.716962279794763,0.2556700856856675
31.27,69.13,1009.45,57.01,425.48,1,0,0,2.2973009810268974,-0.39030229329260446
24.8,72.24,1011.58,83.61,435.25,1,0,0,1.0601034950418422,0.8203204266720929
24.43,72.43,1008.03,85.56,434.71,1,0,0,1.2290149308541882,1.311570917776477
24.14,63.21,1012.28,89.08,440.74,1,0,0,0.41684944714965455,0.9582767360793766
28.13,56.9,1007.17,51.66,436.95,1,0,0,1.79417621039251,-0.4953224962849542
19.15,39.72,1001.49,58.62,457.45,1,0,0,0.5009282244229348,0.4054018813142882
11.05,40.75,1016.55,87.08,478.07,0,1,0,-1.8926413119325851,0.2986313079770122
25.23,66.44,1011.37,51.3,438.28,1,0,0,1.6984876783274805,-0.8745389709243827
26.86,70.47,1007.18,72.38,434.59,1,0,0,1.7455218570594957,0.6912837420321315
12.15,71.14,1019.56,86.06,462.51,0,0,0,-0.6405588394120764,0.15552514221090386
18.5,41.85,1015.81,64.78,466.8,0,1,0,-0.5960738912248189,-0.8141209576520649
21.93,58.96,1014.23,58.58,453.42,1,0,0,0.7111141969081808,-0.8477926758332915
10.14,45.01,1018.12,94.32,473.56,0,1,0,-2.0761583737323157,0.542003031429102
14.04,48.79,1017.62,75.25,464.09,0,1,0,-1.0552048196681802,-0.38428200343367186
24.14,60.07,1016.56,58.08,440.17,1,0,0,0.796671894323943,-1.1334523071966454
13.48,41.44,1015.64,71.46,471.39,0,1,0,-1.1914496534627539,-0.4197469033299803
14.26,43.34,1017.24,81.54,464.62,0,1,0,-1.4157855200796892,-0.06357800546325552
19.99,65.94,1012.28,75.42,447.22,1,0,0,0.5516315009513644,0.30339810653291066
16.52,53.16,1014.68,76.82,457.81,0,1,0,-0.49843140003717373,0.03513178063170492
22.75,58.79,1011.44,84.47,445.67,1,0,0,0.28498400630568327,0.7856284031982519
15.31,40.66,1016.46,84.64,458.26,0,1,0,-1.4751068828135832,0.15262912765772096
21.33,58.46,1016.17,79.73,445.27,1,0,0,-0.045384485656208895,0.03296437340089987
30.28,74.67,1016.45,55.76,428.27,1,0,0,2.0152643922736164,-1.1655976315591123
19.08,44.63,1020.05,41.07,455.95,0,1,0,-0.09514306577095459,-2.481411217892227
23.94,51.95,1008.18,71.87,451.84,1,0,0,0.6331438153404636,0.42684608718293604
21.12,62.52,1015.62,78.98,450.93,1,0,0,0.1733778857431953,0.08826594124510191
22.61,60.27,1018.81,83.27,440.98,0,0,0,-0.13242785327047865,-0.06588201010799487
14.85,44.63,1020.67,75.76,460.06,0,1,0,-1.3930251360428296,-0.7290758623195455
27.26,63.77,1014.07,66.58,436.01,1,0,0,1.1649626729171338,-0.4150289751296228
31.96,71.29,1008.39,47.51,433.04,1,0,0,2.7699940502325315,-0.7526622454527527
25.3,58.46,1015.91,69.71,439.25,1,0,0,0.56184464155648,-0.4831542423186019
24.49,65.61,1014.71,63.47,447.26,1,0,0,1.0550923373105774,-0.6115236789931653
24.44,72.99,1008.38,91.66,435.47,1,0,0,1.0712693564816436,1.592830225207517
17.89,44.78,1010.03,53.78,457.74,1,0,0,0.16426149369510468,-0.7249290599220437
11.92,43.8,1022.96,60.49,470.33,0,1,0,-1.4285580555506052,-1.7534179231375329
23.34,63.73,1012.1,79.11,443.68,1,0,0,0.6465430776865497,0.4728089765024197
18.89,66.86,1012.38,71.96,454.02,1,0,0,0.5849976792890813,0.12880748064903821
18.63,50.16,1010.21,97.13,450.14,0,1,0,-0.6825117209768737,1.5317809275927041
24.43,60.07,1015.59,59.99,444.71,1,0,0,0.8368292800213615,-0.9312139260272283
16.68,43.14,1018.39,76.48,459.83,0,1,0,-1.1710452117119683,-0.4681665887851042
22.29,45.01,1012.4,51.58,449.08,1,0,0,0.4334724594358185,-1.12476135199727
5.63,39.22,1013.35,77.67,486.83,0,1,0,-1.9433881548810252,0.18594172708935186
13.72,34.03,1018.57,65.95,469.25,0,1,0,-1.5541144577319048,-1.0845539832566187
13.02,45.51,1015.24,80.05,468.46,0,1,0,-1.2471698960402318,0.10320716362330558
8.9,40.77,1011.67,90.26,479.18,0,1,0,-1.8196060935333453,1.0089841699680577
26.44,71.73,1009.52,81.75,430.55,1,0,0,1.3620270074557828,0.9332710394759511
27.07,74.87,1010.09,58.97,440.47,1,0,0,2.1088645835329314,-0.2838630601621144
27.74,70.32,1009.58,50.29,433.47,1,0,0,2.2251479570471555,-0.717685188716064
31.5,70.32,1011.44,64.09,435.13,1,0,0,2.048070651524447,-0.2334381372886638
21.81,43.77,1011.97,64.72,453.13,0,0,0,0.02514088828478571,-0.4062741965807975
15.86,49.69,1015.59,87.26,462.84,0,0,0,-1.0407408764068529,0.45159572722139796
20.31,69.94,1009.7,86.53,446.87,1,0,0,0.6399798821130107,1.1879144442336536
23.23,64.69,1008.12,76.6,444.01,1,0,0,1.0167222916009842,0.785047120792566
18.39,52.08,1006.53,100.09,449.96,0,1,0,-0.44412649098918233,2.1023759309510894
30.68,73.67,1005.63,57.05,429.64,1,0,0,2.708157386572794,0.06828077318016514
29.09,67.07,1005.99,41.39,429.93,1,0,0,2.6706056407130143,-0.8216932958735441
27.35,60.75,1008.98,67.56,435.14,1,0,0,1.3606564340092595,0.1648168252088687
28.46,73.67,1005.67,71.21,429.15,1,0,0,2.1521847418975733,0.8101313154282324
31.21,66.44,1008.57,65.76,430.7,1,0,0,2.005100861817645,0.13598848159856347
18.89,63.09,1018.47,84.85,450.0,0,0,0,-0.33324189289506434,0.10083966820022351
26.71,68.3,1015.07,62.7,436.66,1,0,0,1.3524994627155742,-0.6839727967985848
13.52,42.07,1017.91,90.21,464.07,0,1,0,-1.8050889074212995,0.3059049391723878
24.17,48.41,1008.46,76.19,442.62,1,1,0,0.3640786766633476,0.5893019449522257
7.67,41.66,1016.25,77.0,485.03,0,1,0,-1.8476426040683538,-0.1586805611210481
19.44,59.21,1018.5,88.35,448.04,0,0,0,-0.5524137342882528,0.24325597652133824
27.0,69.4,1004.86,82.2,433.83,1,0,0,1.6114674522501637,1.4412834321581867
18.16,43.96,1012.78,78.33,465.26,0,1,0,-0.6786069713766628,0.23464589653568377
19.28,65.46,1013.77,64.24,448.91,1,0,0,0.6624276203298052,-0.4350357259752533
15.43,38.58,1016.58,81.17,463.44,0,1,0,-1.4744136407280044,-0.05715628301335301
16.32,43.5,1021.3,72.6,460.07,0,1,0,-1.2818938760381953,-0.979956651399297
33.12,68.31,1010.3,42.29,441.13,1,0,0,2.740538104075438,-1.2620431171154791
8.48,38.5,1013.5,66.51,485.29,0,1,0,-1.4585074271498055,-0.4318191050465056
20.76,70.72,1009.73,89.04,448.85,1,0,0,0.6438766439348105,1.317440031793943
18.76,52.9,1016.27,64.7,458.26,0,0,0,-0.11670669795507345,-0.7811030890874653
24.5,60.77,1017.15,73.66,439.91,1,0,0,0.409903074286223,-0.3901641699632462
32.4,68.14,1004.44,34.53,425.91,1,0,0,3.2759099069059263,-1.0210888208810858
17.82,65.48,1019.64,86.6,449.21,0,0,0,-0.44168092667170783,0.090361171496693
27.27,67.9,1006.36,62.12,436.64,1,0,0,1.9900627212794073,0.22736897702129255
20.14,65.06,1014.81,80.01,444.84,1,0,0,0.23278527067736315,0.2567892478227477
24.8,65.48,1018.56,62.05,442.02,1,0,0,0.8495715043009885,-1.107182250744013
26.42,71.06,1008.12,87.32,435.6,1,0,0,1.2807356214804604,1.3680030490841386
15.34,41.96,1012.08,100.12,468.33,0,1,0,-1.5212067002362468,1.438969593967058
28.66,50.05,1006.08,47.74,435.94,1,0,0,1.7126602809289435,-0.6378208728173899
14.2,52.75,1025.64,61.02,465.48,0,1,0,-1.0423452816041776,-1.9613357661253312
24.14,62.66,1007.33,73.27,439.93,1,0,0,1.1432068717253638,0.6765741733295643
23.43,54.42,1013.58,70.99,454.86,1,0,0,0.3547878872016543,-0.1831500570615573
10.41,36.71,1022.02,84.56,474.2,0,1,0,-2.430661249017902,-0.4552049054949172
23.27,60.84,1019.13,67.24,440.22,1,0,0,0.3442388323510844,-0.9282211266401281
18.36,53.16,1013.14,79.89,457.94,0,0,0,-0.32179281645432806,0.3487278634089048
15.8,40.66,1016.15,88.24,458.55,0,1,0,-1.5076002205013974,0.368890577395552
22.95,63.94,1013.87,80.37,447.13,1,0,0,0.4700139689469591,0.3494998415785039
19.79,60.1,1010.47,84.04,452.41,1,0,0,0.175798935035682,0.8998176239676181
34.43,68.51,1010.17,34.09,431.39,1,0,0,3.080615608863657,-1.6785693910936914
26.31,68.51,1013.26,68.66,435.91,1,0,0,1.296403535445007,-0.17478116929054338
11.94,44.6,1018.69,85.33,468.53,0,1,0,-1.7496123411906515,0.00021482947631124865
10.82,39.96,1025.53,95.89,468.57,0,1,0,-2.7888980075713374,-0.2290582860808661
17.49,40.55,1001.73,73.15,462.37,0,1,0,0.004465879450152712,1.1474381522371844
26.23,59.87,1012.93,66.62,447.16,1,0,0,0.9846809239214206,-0.3132194848813869
7.26,41.22,1014.86,97.82,488.75,0,1,0,-2.350161189844462,1.0667908593658593
9.42,41.4,1029.21,86.4,474.75,0,1,0,-2.8438712734242073,-1.098506776952371
16.85,39.64,1008.82,80.81,464.2,0,1,0,-0.772016382096708,0.7679930836446205
26.31,52.09,1013.39,53.59,447.04,1,0,0,0.9573992339888229,-1.0992178961942087
30.69,69.89,1013.9,42.85,431.01,1,0,0,2.3495627570585134,-1.5957653420375448
16.55,39.64,1009.07,77.8,465.29,0,1,0,-0.7351676559541426,0.5874260715039026
16.29,50.88,1013.79,99.15,456.28,0,1,0,-1.1407625029774002,1.2680693092222164
12.49,38.25,1012.61,83.32,470.63,0,1,0,-1.5171398156706337,0.5035196131620593
10.15,41.46,1019.56,81.79,479.32,0,1,0,-2.0026020046074704,-0.2903317672871541
21.71,58.05,1013.07,85.75,449.38,1,0,0,0.021943974022630305,0.6753836405532799
13.92,44.47,1029.36,70.86,467.29,0,1,0,-1.9412556836332804,-1.9231385076469443
24.04,51.95,1006.13,73.92,450.07,1,1,0,0.727592083692962,0.7551994378834015
20.03,69.45,1013.47,86.66,441.54,1,0,0,0.3348416675606154,0.782119289089206
31.7,76.09,1007.06,72.39,441.36,1,0,0,2.4006979148054985,0.7170655977458097
26.0,69.88,1007.99,87.07,434.79,1,0,0,1.2094413838452744,1.3626152089983783
25.35,74.33,1015.29,77.84,435.66,1,0,0,1.0954823686438135,0.1315701670540726
24.49,49.82,1017.09,64.02,451.42,1,0,0,0.18230060565064563,-0.9694500115305777
24.27,63.87,1018.88,53.96,420.26,1,0,0,0.9244268154428146,-1.5690328365662445
24.51,58.79,1016.11,61.7,443.5,1,0,0,0.7068629460919633,-0.9104059035856913
12.06,52.72,1024.53,80.05,467.21,0,1,0,-1.641891571652667,-0.8436397508502089
18.53,48.98,1014.24,74.29,452.73,0,1,0,-0.42071337051816804,-0.09498138142343762
18.31,42.23,1012.88,79.32,464.45,0,1,0,-0.7751869580604301,0.2599085187614777
24.97,63.86,1018.64,52.01,441.61,1,0,0,1.0490795063347573,-1.6484377987465482
10.02,39.96,1024.88,96.85,473.22,0,1,0,-2.835698091749387,-0.10325923231346022
25.45,72.24,1011.44,80.54,434.92,1,0,0,1.2035191457302938,0.6726275964724859
26.74,49.02,1008.18,67.59,438.06,1,0,0,0.8469078611445338,0.16315030144009351
23.45,51.95,1005.23,76.17,449.07,1,1,0,0.6814601258113262,0.9733820937675942
11.1,44.85,1014.27,65.08,477.03,0,1,0,-0.977427618009886,-0.5562336780609005
24.16,60.29,1018.09,63.49,446.17,1,0,0,0.5623429888189289,-1.0190995323520724
5.45,39.04,1020.07,77.05,487.33,0,1,0,-2.408129343911303,-0.5779520332877914
24.99,51.43,1006.95,79.63,441.45,1,1,0,0.5779633591804758,0.9500291710434641
18.32,65.94,1012.74,86.77,450.5,1,0,0,0.08584763504516692,0.8506899928912893
21.63,71.85,1009.44,76.89,434.1,1,0,0,1.102765722827476,0.7249054800975288
8.53,38.18,1017.54,76.49,480.86,0,1,0,-2.0047107171314953,-0.35937152087294805
28.85,59.27,1011.69,51.8,440.3,1,0,0,1.64627404141427,-0.9660554067612412
23.23,60.32,1016.73,78.35,447.09,1,0,0,0.19132178614157164,-0.09725223362762651
4.93,38.44,1015.65,71.47,485.01,0,1,0,-2.030348591565316,-0.38606655577613225
18.76,44.71,1015.15,30.83,462.18,1,0,0,0.4836203176502364,-2.4737345452471318
25.52,67.17,1007.33,85.12,440.02,1,0,0,1.1462958274705852,1.3152529628465885
12.38,48.04,1012.78,100.13,465.99,0,1,0,-1.5454426200929674,1.4324699632747824
16.05,43.14,1010.67,79.36,463.06,0,1,0,-0.7719736352194164,0.5253672098455608
26.75,70.32,1007.61,54.09,433.46,1,0,0,2.1784477828868143,-0.3002475333832604
30.03,68.84,1011.41,53.82,439.31,1,0,0,2.1319001815979863,-0.7622581632564847
24.78,50.16,1004.56,70.22,448.51,1,0,0,0.91347318837229,0.7156446742595314
26.97,64.45,1009.43,53.96,443.75,1,0,0,1.8171208372581134,-0.5539048126560442
27.98,67.17,1007.32,75.29,440.68,1,0,0,1.6068851550980685,0.7920409043464093
26.33,61.41,1011.9,52.1,452.79,1,0,0,1.5104742081897389,-0.9389760007034724
11.34,45.17,1018.32,96.24,472.13,0,1,0,-2.033866731139611,0.6124407922685775
18.8,44.78,1009.65,46.0,462.79,1,0,0,0.4685758205462541,-1.0914303444876938
5.23,40.78,1025.13,92.74,483.12,0,1,0,-3.1045432589795245,-0.3033326547494296
10.8,39.28,1010.7,82.62,478.8,0,1,0,-1.462706093276682,0.6951828211733271
19.32,44.71,1015.3,28.81,464.38,1,0,0,0.572398847505491,-2.5981789891018088
33.15,70.4,1003.72,53.98,430.15,1,0,0,2.978293919149797,0.0745279457514283
12.8,39.16,1015.94,89.83,472.47,0,1,0,-1.848574619940713,0.4822569023684453
19.3,46.93,1014.83,66.71,456.62,0,0,0,-0.2896936723553223,-0.572326006912049
26.33,60.06,1005.86,41.57,450.16,1,0,0,2.137902550456178,-0.8358545813863094
30.8,70.94,1007.06,63.09,432.44,1,0,0,2.3423761477358083,0.2016006380334503
21.52,66.51,1015.32,72.85,444.87,1,0,0,0.562941593210165,-0.16613680914917192
18.63,45.87,1007.98,79.9,453.79,0,1,0,-0.2693811886818301,0.8504919725230559
16.69,44.78,1010.41,58.18,456.17,0,0,0,-0.07566603800930928,-0.5309454008083097
12.49,41.62,1011.37,82.68,461.35,0,1,0,-1.2672980444340622,0.6326336212326145
32.06,75.33,1001.96,63.15,432.92,1,0,0,2.9860564727517547,0.7867325636062055
8.82,43.56,1014.95,81.54,482.71,0,1,0,-1.698961127708498,0.2246953383099289
25.14,64.63,1020.63,54.0,446.63,1,0,0,0.9093861166763699,-1.7573279538481166
21.71,60.27,1015.74,89.76,441.19,0,0,0,-0.1669971098659353,0.6095837792983403
19.65,44.89,1009.76,75.36,451.35,0,1,0,-0.23112118151871505,0.4074383785596865
22.63,58.96,1013.62,56.67,451.41,1,0,0,0.8603880455406413,-0.8847668832125254
11.82,41.67,1012.94,84.51,476.73,0,1,0,-1.4752508546038106,0.5611518807578678
18.41,44.89,1009.75,77.24,448.88,0,1,0,-0.3819112376543728,0.5140581495557934
32.09,70.4,1003.73,55.65,434.64,1,0,0,2.8464844490952412,0.16689862966857194
33.4,70.8,1009.17,57.01,432.46,1,0,0,2.565821967743654,-0.36091754565458284
11.83,44.21,1019.37,85.31,463.62,0,1,0,-1.8217237102748571,-0.0772451438968471
6.33,39.33,1012.06,93.16,492.22,0,1,0,-2.1975820543395823,1.122199872811819
15.02,37.64,1016.49,83.28,463.93,0,1,0,-1.5986972919120641,0.05680520280804325
28.93,74.78,1009.48,56.4,437.34,1,0,0,2.3671596257187737,-0.3635617393329121
14.81,39.58,1011.62,73.64,467.32,0,1,0,-0.9465739926815772,0.10642255860632138
13.25,41.62,1010.8,77.81,457.64,0,1,0,-1.0384515639343561,0.4380785695297863
18.27,65.94,1013.09,84.72,450.33,1,0,0,0.11142719560658812,0.7070888394259705
23.77,51.43,1006.67,84.09,441.54,1,1,0,0.3798140887301371,1.2191070522353689
12.8,44.34,1016.52,86.73,473.42,0,1,0,-1.5787327427278435,0.30078907118679765
13.94,47.83,1004.83,81.2,465.13,0,1,0,-0.3892779792285829,1.3084074897477131
16.44,43.96,1013.66,76.31,468.57,0,1,0,-0.827781736587595,0.046298152874667924
29.53,64.44,1013.22,59.75,440.1,1,0,0,1.618285314945463,-0.6852069999556882
29.1,70.4,1003.97,77.57,430.98,1,0,0,2.0105471257627876,1.2928595332069912
6.04,41.14,1027.92,87.12,481.37,0,1,0,-3.0651747588427347,-0.8998822061025092
25.11,62.26,1011.12,78.01,434.97,1,0,0,0.8233806572507706,0.4987859360559198
17.13,42.86,1014.15,73.6,463.09,0,1,0,-0.7819206968827246,-0.1605364671993224
20.54,49.15,1021.02,56.0,458.6,0,1,0,-0.2316252259341938,-1.7897998613801223
14.02,44.47,1028.02,68.97,465.93,0,1,0,-1.7922573243947362,-1.875499193478903
10.22,37.83,1005.94,93.53,471.79,0,1,0,-1.535071384075579,1.7689784410741487
31.46,77.17,1009.26,59.61,435.56,1,0,0,2.6124682670221953,-0.17192058607429328
23.64,71.25,1004.92,93.87,442.26,1,0,0,1.1066690499775989,2.0750963088340835
26.69,59.21,1012.55,57.59,436.33,1,0,0,1.2554188543261608,-0.7464961633699242
25.1,69.89,1015.42,85.81,434.98,1,0,0,0.6619685579314161,0.494826202590599
6.23,40.96,1022.49,93.15,488.82,0,1,0,-2.8447967161714502,-0.00010840230412977587
13.74,38.73,1004.34,82.82,470.06,0,1,0,-0.8159165645949662,1.3734589356859754
27.35,61.47,1008.43,70.65,443.67,1,0,0,1.3491530536035092,0.3900270285741998
26.84,70.36,1007.41,71.47,442.17,1,0,0,1.7471197873920803,0.6185117118391663
23.69,77.54,1009.32,89.7,440.21,1,0,0,1.1970998151309196,1.4310704599022934
21.06,50.59,1016.42,66.12,454.15,0,0,0,-0.07604893800203094,-0.7584467048242756
12.28,43.67,1012.69,70.23,475.08,0,1,0,-0.9589130807677636,-0.13589394193651155
22.35,58.59,1013.99,79.78,444.04,1,0,0,0.19185405188722265,0.266979311323271
6.12,40.81,1014.77,88.15,487.24,0,1,0,-2.2035076612597995,0.581843927623654
32.31,66.44,1009.6,63.92,428.44,1,0,0,2.073749929131101,-0.07866595195214664
9.1,39.42,1025.28,68.78,471.85,0,1,0,-2.2292159238873213,-1.5940427589085842
12.99,42.34,1018.04,96.25,465.98,0,1,0,-2.0036232642512926,0.6093735393498574
25.75,71.14,1008.33,77.12,433.64,1,0,0,1.4811811384877764,0.8237659262037791
22.92,58.62,1016.37,71.38,447.48,1,0,0,0.29746100876322745,-0.4294712306595299
12.33,39.28,1011.84,80.01,476.49,0,1,0,-1.3459448473996285,0.4258609968964189
13.66,41.67,1013.43,80.56,469.17,0,1,0,-1.2535726750846246,0.29130304019465797
22.24,60.07,1015.93,62.25,446.14,1,0,0,0.5738374892397538,-0.836592567228141
13.48,41.26,1021.92,78.24,466.88,0,1,0,-1.804705060133602,-0.7549245226656994
26.6,63.07,1011.97,61.3,442.25,1,0,0,1.360769377602703,-0.4601029999292349
31.82,71.29,1008.44,41.7,431.23,1,0,0,2.9068506406159322,-1.0571021515666663
18.35,62.1,1019.97,78.36,455.29,0,0,0,-0.3541354238008834,-0.40182222407293744
31.44,72.86,1003.74,61.45,433.59,1,0,0,2.7490522784299714,0.48950275073936134
19.94,50.78,1008.78,92.07,449.6,0,1,0,-0.3173379221621257,1.4222887182745607
18.13,60.1,1009.67,84.75,455.82,1,0,0,0.07477643423309903,1.0349177253520818
12.28,42.34,1019.19,95.8,467.03,0,1,0,-2.1288691343865898,0.4657819838012822
18.6,60.1,1009.91,87.13,453.94,1,0,0,0.03501469523596683,1.1284476623925133
21.01,60.1,1010.93,78.6,450.99,1,0,0,0.38728463101710076,0.5605471715454747
13.47,41.14,1026.09,82.96,463.67,0,1,0,-2.2184572649463705,-0.966167910176575
7.96,38.91,1016.35,89.17,482.17,0,1,0,-2.269781366127017,0.43459851458353843
16.81,45.87,1008.7,98.0,455.96,0,1,0,-0.9416552790509611,1.7189821192510644
22.69,58.46,1017.74,75.21,443.47,1,0,0,0.07793940535364922,-0.3806212268041753
25.74,68.94,1007.7,67.56,433.45,1,0,0,1.6761240084434823,0.38115310641088285
5.75,42.07,1004.24,78.23,485.23,0,1,0,-1.2013717192951625,1.2288750408202624
29.54,74.99,1005.0,69.69,432.94,1,0,0,2.3849190637029176,0.8078606896565573
27.36,63.31,1013.7,51.58,440.4,1,0,0,1.5701248237005498,-1.1535365480234965
11.75,35.76,1018.99,57.92,473.01,0,1,0,-1.4592420018296728,-1.5174519983129728
12.02,40.66,1017.27,96.72,464.5,0,1,0,-2.117538001256942,0.7105698252781196
31.02,69.51,1011.16,47.64,431.15,1,0,0,2.421684315018231,-1.0554602718011925
20.11,50.78,1008.73,93.24,447.42,0,1,0,-0.330470970940483,1.4869746447244996
12.24,41.62,1013.38,90.26,461.23,0,1,0,-1.6230404511766072,0.8068277354099845
29.11,74.78,1009.6,56.93,438.75,1,0,0,2.3599856312334624,-0.3504947624418799
12.58,43.67,1012.86,94.01,472.65,0,1,0,-1.567135228362296,1.0712355615327809
25.21,59.21,1013.19,62.85,438.7,1,0,0,0.9521823827263711,-0.5345086945359286
25.64,68.08,1011.06,71.06,431.77,1,0,0,1.3094210766964898,0.189770779047219
15.5,39.16,1016.24,78.13,469.52,0,1,0,-1.3404465237035603,-0.17288974487008282
28.61,70.36,1006.95,73.06,440.16,1,0,0,1.8830233271139885,0.7385891823368141
6.57,42.07,1004.48,74.82,483.86,0,1,0,-1.0609475706443976,1.0210936074368426
29.5,71.14,1011.27,52.81,430.85,1,0,0,2.2254963392516003,-0.777010415944505
27.4,66.48,1004.71,51.5,439.66,1,0,0,2.328189187346908,-0.15358569297818647
22.06,43.43,1010.46,58.01,448.92,1,0,0,0.3090707654885487,-0.5927309614470107
23.35,71.77,1005.99,90.79,434.6,1,0,0,1.1131931780676843,1.8057551796773115
6.76,40.62,1015.67,87.16,478.56,0,1,0,-2.194550636673645,0.4268391240929296
20.62,48.41,1007.37,87.51,445.4,0,1,0,-0.15041613661026065,1.3166521929358244
27.2,65.18,1011.47,47.14,436.99,1,0,0,1.907420606872426,-1.1238044044645372
24.17,71.25,1003.9,90.36,435.66,1,0,0,1.311673683124739,2.0013208017130553
12.88,44.0,1022.71,88.58,470.31,0,1,0,-2.057478034828573,-0.2809456958530221
29.23,74.22,1008.49,57.88,428.9,1,0,0,2.3960526204472634,-0.1859245412188646
11.62,43.48,1016.66,76.32,468.37,0,1,0,-1.4515643863863485,-0.25075538928882213
28.41,66.91,1008.22,57.93,440.52,1,0,0,2.023186282903354,-0.2072259396691583
29.25,67.32,1013.88,38.57,437.94,1,0,0,2.2306059249351056,-1.825413800587995
5.43,39.9,1007.5,86.27,487.84,0,1,0,-1.7558054128689728,1.2737178898015762
10.28,39.64,1010.45,74.15,477.65,0,1,0,-1.251380286266189,0.29157506098581437
7.95,37.49,1009.32,80.8,479.78,0,1,0,-1.6352120834937034,0.7565285272535742
17.33,53.16,1013.77,82.77,459.78,0,0,0,-0.5250143564548895,0.43585736315446194
11.02,41.26,1020.69,92.13,471.93,0,1,0,-2.286846351457254,0.11290252672244484
14.41,43.13,1016.32,59.55,467.46,0,1,0,-0.775321927647212,-1.1014024514951493
19.69,56.65,1020.72,70.86,456.18,0,0,0,-0.33896961590626534,-0.923739120876213
6.65,38.5,1014.01,87.6,491.54,0,1,0,-2.1954211350339046,0.6139684501470405
8.88,36.66,1026.61,76.16,480.2,0,1,0,-2.652580071208744,-1.3785735146070826
16.46,48.6,1006.08,89.0,449.58,0,1,0,-0.43637932665039064,1.5639836687897326
20.2,60.1,1010.66,84.24,451.17,1,0,0,0.1914592268167885,0.8866547184925706
22.87,74.22,1009.36,93.05,438.67,1,0,0,0.8927799306342892,1.578525352163946
28.83,71.32,1006.28,75.65,437.99,1,0,0,1.9215060133178548,0.9514814259755262
16.7,36.99,1006.19,89.33,464.7,0,1,0,-0.9445613284000138,1.4738845528951237
22.36,64.15,1021.05,68.43,453.94,1,0,0,0.25306769452188915,-1.042952276010697
23.96,46.93,1013.98,47.22,450.86,1,0,0,0.6621700951297538,-1.5178277491036354
23.19,60.75,1008.33,82.0,439.43,1,0,0,0.6842877838019197,1.009504333321313
25.65,68.08,1011.27,75.26,435.91,1,0,0,1.1861794306911788,0.38367107259087696
13.22,40.83,1007.82,92.72,472.72,0,1,0,-1.262201932133129,1.526136295518216
18.75,44.9,1007.99,75.76,452.77,0,1,0,-0.19474245873079288,0.6270343155798345
28.02,63.9,1013.96,46.2,444.42,1,0,0,1.773469681489062,-1.45935492361161
23.09,63.91,1012.23,83.25,447.9,1,0,0,0.5167998066930899,0.6755483240405397
26.21,65.12,1016.06,44.31,444.44,1,0,0,1.5840816205784833,-1.7633810715381442
33.8,64.96,1004.88,49.37,427.28,1,0,0,2.8334792481142186,-0.3380323724812807
26.45,47.43,1008.87,53.25,442.12,1,0,0,1.0805464874146808,-0.663132493880128
30.82,78.87,1012.06,70.69,432.01,1,0,0,2.154168969334382,0.11331196232883288
14.22,44.99,1012.0,75.28,460.53,0,1,0,-0.8255136130879923,0.19732603083895975
6.99,35.19,1019.32,68.95,480.05,0,1,0,-2.1879703452845556,-0.9560053839651939
22.43,55.97,1008.97,85.98,443.74,1,0,0,0.2631821093193036,1.1119865899522823
16.57,63.31,1016.19,81.02,454.78,0,0,0,-0.2595028613578911,0.16897555291687505
23.75,66.54,1004.41,85.44,436.57,1,0,0,1.163144882376932,1.656718317878604
29.05,71.85,1008.6,78.69,428.39,1,0,0,1.725422327461273,0.8585947339266895
13.28,43.8,1023.17,63.98,466.78,0,1,0,-1.421821988012158,-1.6053966712046395
7.76,37.7,1014.82,76.47,480.7,0,1,0,-1.9034624147957915,-0.0628593355667885
14.93,39.39,1014.31,80.68,468.88,0,1,0,-1.3124042876128847,0.1746420935990997
18.5,47.45,1009.23,83.21,450.22,0,1,0,-0.3821656920386682,0.8988940092255836
24.35,58.79,1010.13,72.1,448.19,1,0,0,0.8295943157839544,0.27870222640939774
26.66,70.02,1010.88,58.37,439.99,1,0,0,1.823013635418853,-0.43711923992254464
12.05,48.04,1009.14,100.13,464.14,0,1,0,-1.3245153213630214,1.8310432378813262
14.79,39.54,1007.25,82.54,469.23,0,1,0,-0.8846196864089854,1.0415167815552284
10.33,43.99,1020.7,96.68,474.17,0,1,0,-2.3430124445882705,0.37342114637936696
28.23,64.05,1011.98,75.23,442.3,1,0,0,1.1738258659713077,0.25472845532028743
24.91,69.89,1015.25,82.39,438.29,1,0,0,0.747244374494417,0.33806962900764115
23.82,73.67,1007.26,88.16,438.42,1,0,0,1.2178932130355193,1.543793725581042
10.44,37.83,1006.31,97.2,474.42,0,1,0,-1.6380392330459235,1.9166610299500266
28.74,70.32,1008.15,45.99,431.93,1,0,0,2.5175409277754723,-0.7908169922240196
30.7,67.69,1005.92,51.58,429.58,1,0,0,2.5693232886710273,-0.29399948053942426
17.12,58.95,1016.74,90.41,451.67,0,0,0,-0.6892003541815077,0.5549911653933177
6.71,40.96,1022.71,91.89,486.58,0,1,0,-2.787253022687909,-0.092391279481416
29.08,70.83,1007.98,51.95,430.91,1,0,0,2.4239384843522003,-0.4628260109256178
12.48,39.85,1012.93,60.23,477.17,0,1,0,-0.8658773676284741,-0.7104311709807775
15.92,44.85,1015.84,59.99,467.41,0,1,0,-0.5536315597689748,-1.0228871839691867
16.37,54.3,1017.94,63.63,459.97,0,1,0,-0.33814141576777323,-0.9905645142546184
12.05,40.55,1016.63,100.14,472.19,0,1,0,-2.165646046594996,0.9557253071321199
21.55,44.57,1006.03,71.54,446.84,1,1,0,0.26571100504777656,0.6007816588321834
13.52,40.83,1009.94,87.53,470.47,0,1,0,-1.2463567823053656,1.0253198298240147
24.21,70.98,1007.02,95.57,441.78,1,0,0,0.9542167932558361,1.9281473816011747
24.87,58.33,1013.76,54.55,440.79,1,0,0,1.0633475751854637,-1.0298385860228956
28.55,72.43,1007.2,65.82,430.06,1,0,0,2.1414779793843906,0.35467443161981393
26.93,62.44,1011.02,70.05,435.11,1,0,0,1.1963534605188133,0.08773807480575987
18.59,41.1,1001.93,58.16,459.72,1,0,0,0.4975721103949153,0.34868908579945324
23.59,59.43,1009.96,65.8,440.61,1,0,0,0.9712978272239989,-0.0176901397430883
23.83,50.32,1008.41,72.23,445.17,1,0,0,0.5271125586757198,0.40801146935025734
17.86,50.88,1015.59,88.28,457.33,0,0,0,-0.8498552955722568,0.5001757004031298
17.01,50.59,1015.8,80.95,463.4,0,0,0,-0.7555749007819688,0.10235737031130844
20.04,58.2,1017.56,74.31,448.92,0,0,0,-0.11645661702567524,-0.39147542453101336
27.32,76.09,1007.77,74.64,443.13,1,0,0,1.9319861939391798,0.7858487988733606
31.13,64.05,1011.51,61.27,439.24,1,0,0,1.8100135267829203,-0.4346249688962038
19.69,56.65,1020.86,70.02,454.87,0,0,0,-0.3265644361590402,-0.9823487716477344
12.0,39.96,1011.73,77.77,471.42,0,1,0,-1.2771690716585105,0.32992550190977155
7.97,38.5,1013.84,72.36,487.19,0,1,0,-1.6766472648422903,-0.1633356783218923
8.14,41.26,1020.61,91.28,477.57,0,1,0,-2.4968870776869387,0.09740760783558412
28.07,68.08,1013.13,44.67,437.65,1,0,0,2.058453950600146,-1.414646175043426
13.44,40.69,1014.54,77.97,473.0,0,1,0,-1.322935034666482,0.030343058134382282
14.8,43.99,1022.89,85.25,461.97,0,1,0,-1.824704072181269,-0.48566058333803996
16.98,43.99,1021.65,81.17,456.07,0,1,0,-1.453620043215286,-0.5761838006842208
15.29,44.88,1018.85,73.67,463.32,0,1,0,-1.1669909367124416,-0.6398094392073372
19.35,64.15,1021.37,68.53,457.74,1,0,0,-0.019798011333376483,-1.0520648606271985
21.65,58.18,1008.33,95.28,441.05,1,0,0,0.09685489438268392,1.6849306279804674
22.18,59.39,1014.82,85.31,440.94,1,0,0,0.01200273245416454,0.4697125528274867
28.15,74.9,1003.67,76.32,433.63,1,0,0,2.1836523782111916,1.303728259696197
7.74,39.96,1025.78,95.81,475.23,0,1,0,-3.0580653360080046,-0.23936393258039956
26.48,51.43,1006.76,74.3,438.1,1,0,0,0.8531746906149549,0.6853640671743623
27.6,67.25,1017.78,54.25,438.42,1,0,0,1.415710690914175,-1.429820564664607
10.57,41.26,1008.32,97.96,472.9,0,1,0,-1.6329810479840319,1.7637919916795124
23.28,68.28,1000.79,81.35,442.04,1,0,0,1.5547430058526774,1.8569322339773044
14.6,44.47,1028.46,69.96,465.24,0,1,0,-1.8002534496346592,-1.8762580258268344
30.6,72.29,1010.54,41.52,441.5,1,0,0,2.711775985006774,-1.2786495420345663
25.4,65.34,1013.11,53.93,445.82,1,0,0,1.4766691613680185,-0.9382312136536148
16.52,44.88,1017.61,90.08,459.73,0,1,0,-1.409739332511548,0.3339942561178433
10.42,44.85,1014.18,88.36,479.03,0,1,0,-1.6357444020551961,0.6600867005413312
15.55,45.09,1014.33,62.19,457.36,0,1,0,-0.5281296071151796,-0.7404397918919359
14.12,41.39,1018.73,76.51,472.88,0,1,0,-1.483458684779936,-0.5002416708381093
16.57,43.7,1015.67,71.95,465.78,0,1,0,-0.8516200610347539,-0.40062408532590577
34.09,68.51,1009.0,32.96,431.19,1,0,0,3.1618481559109943,-1.6071966718626942
22.25,43.79,1015.78,52.68,461.93,1,0,0,0.11720050805225332,-1.4455356933255097
21.51,48.92,1010.36,38.27,455.11,1,0,0,1.0283636056754213,-1.5529785853726596
5.37,40.07,1012.75,63.58,494.21,0,1,0,-1.5182816714487963,-0.46753135232697207
26.94,71.14,1011.63,62.74,434.03,1,0,0,1.7301782663562884,-0.28605996245042264
22.57,68.3,1017.43,87.69,440.81,1,0,0,0.19688749718793094,0.3775173361158796
24.33,46.93,1013.61,53.02,450.04,1,0,0,0.5663749485672454,-1.1806344036786574
21.3,59.39,1013.83,84.53,444.21,1,0,0,0.027247684755239185,0.5432460972085129
30.9,69.4,1003.53,66.69,425.3,1,0,0,2.4293271546516353,0.75871142044666
16.29,53.82,1014.97,73.15,459.95,0,1,0,-0.4121873239287974,-0.17902608174178028
12.46,40.73,1017.53,93.47,464.7,0,1,0,-2.01093614857156,0.5120313448867015
28.44,74.93,1013.88,52.0,441.52,1,0,0,2.148326841272623,-1.0652304426752164
17.85,45.64,1020.11,82.94,459.59,0,1,0,-1.2503259076157505,-0.3097842968710704
25.56,50.05,1005.67,69.29,442.49,1,0,0,0.9216274231855156,0.5405608087888336
23.85,72.43,1008.01,88.34,439.02,1,0,0,1.10986315339662,1.4612342533922855
19.83,46.33,1013.27,96.4,451.22,0,1,0,-0.9418728746953821,1.121874367234601
24.12,62.44,1013.83,88.02,443.3,1,0,0,0.30327485876741955,0.728724398379453
22.54,61.27,1019.12,54.02,450.01,1,0,0,0.6490774412355103,-1.6011890598169505
8.94,41.38,1021.5,79.45,479.95,0,1,0,-2.177115835638482,-0.6147405714058168
16.0,43.34,1013.58,78.87,461.7,0,1,0,-0.9528738360253736,0.18518557786646916
32.83,74.16,1007.57,60.2,432.05,1,0,0,2.692639183202279,0.008937974123816481
24.6,67.69,1008.67,67.69,440.22,1,0,0,1.457392527739125,0.2799724766785502
17.9,52.08,1006.41,100.09,451.94,0,1,0,-0.47638830793596404,2.118789316438012
23.81,60.08,1017.29,62.66,450.33,1,0,0,0.6004267872810116,-0.9741470999300024
30.55,68.24,1009.43,63.84,426.8,1,0,0,2.0215250279225434,-0.03776232062887957
14.39,44.85,1014.19,75.16,465.88,0,1,0,-0.9638267755417838,-0.049602840234374994
8.36,40.67,1014.99,73.65,489.1,0,1,0,-1.6608982003449058,-0.20713260405175116
29.03,67.79,1010.67,55.42,444.09,1,0,0,2.0117118879269764,-0.60071011659314
17.68,44.92,1024.55,69.7,458.12,0,1,0,-1.252833754573458,-1.4813846362100085
13.51,40.1,1014.29,86.34,470.65,0,1,0,-1.54484118225113,0.48444945252131844
19.11,60.29,1017.1,76.62,454.16,0,0,0,-0.13007177668701653,-0.1989436008976573
17.46,40.22,1006.7,91.96,461.74,0,1,0,-0.8429218627188981,1.5749604628261782
23.7,64.45,1012.87,38.24,451.16,1,0,0,1.7234741911466145,-1.7176807438902684
13.68,44.47,1027.81,69.53,469.37,0,1,0,-1.820635988518078,-1.8214005158630053
26.39,49.02,1007.62,70.82,438.53,1,0,0,0.7717962586857685,0.3932687873430142
8.05,40.62,1018.16,73.67,477.2,0,1,0,-1.905332924073415,-0.5495302773737251
18.4,40.79,1006.18,92.36,461.29,0,1,0,-0.7152070314320196,1.6503969948610753
14.75,40.66,1016.7,81.65,463.83,0,1,0,-1.4595585888728195,-0.024040100988557793
31.66,73.91,1004.49,68.13,431.26,1,0,0,2.58781608970369,0.7596663564645627
5.28,45.87,1008.25,97.88,479.91,0,1,0,-1.8594899302516967,1.840561367321944
24.42,65.94,1011.25,65.04,439.63,1,0,0,1.258731042738341,-0.1506125567505219
8.68,39.61,1021.54,77.98,486.31,0,1,0,-2.2409268099466755,-0.7074683661631098
25.68,68.27,1008.05,68.48,434.89,1,0,0,1.593730054500598,0.3855553843006988
18.19,41.85,1014.93,61.37,466.86,0,1,0,-0.47255810156875494,-0.8922374673105616
4.44,38.44,1016.14,75.35,486.53,0,1,0,-2.2055863512089546,-0.23575666033283846
14.42,44.88,1019.35,59.17,462.72,0,1,0,-0.8939882963889343,-1.4368951359348068
10.57,41.55,1003.62,67.89,475.6,0,1,0,-0.5140066788068761,0.7254358494555911
27.83,72.29,1012.04,48.86,445.73,1,0,0,2.189082397650337,-1.044099773903482
28.94,62.26,1010.64,50.41,436.04,1,0,0,1.8934350229214028,-0.9000244208099517
11.02,44.58,1016.4,83.57,481.85,0,1,0,-1.6243121744192626,0.16480850739021374
31.37,76.86,997.34,62.94,431.03,1,0,0,3.3170269973944637,1.2959493169785758
7.54,40.72,1023.82,85.15,485.92,0,1,0,-2.628882853642933,-0.5688164566338301
27.57,70.36,1007.18,71.1,441.86,1,0,0,1.8327208569381044,0.6194641033989275
18.81,52.08,1004.43,99.6,450.87,0,1,0,-0.2534850551853581,2.302854379623033
14.54,41.16,1000.0,81.34,463.9,0,1,0,-0.3081897252025133,1.7836925419608722
9.55,40.67,1018.56,70.72,486.34,0,1,0,-1.7295078284331968,-0.7552272786252149
18.55,46.48,1007.34,80.67,452.37,0,1,0,-0.22557760726583104,0.9653873016934019
14.59,41.23,999.48,86.66,466.83,0,1,0,-0.4045410731239852,2.1151870291141406
28.7,49.16,1004.42,36.51,439.45,1,0,0,2.083346993024523,-1.0442950665152426
14.63,40.0,1018.03,63.4,457.09,0,1,0,-1.1123477787746412,-1.1155369148203718
29.4,57.19,1008.34,53.95,436.92,1,0,0,1.772176769418348,-0.510826241613185
20.76,57.25,1011.01,90.31,444.85,0,0,0,-0.07044913219500971,1.1351394860492527
15.03,35.71,1015.26,56.55,467.61,0,1,0,-0.900625769504126,-1.2048767305897798
13.42,40.92,1022.84,75.89,458.49,0,1,0,-1.825962623219069,-0.9787450322732901
35.01,74.67,1016.1,26.3,428.48,1,0,0,3.1993424162595128,-2.680737607198142
17.34,47.03,1013.36,98.13,463.89,0,1,0,-1.1678700865965406,1.2240414458729019
26.2,72.24,1011.3,78.29,432.65,1,0,0,1.3337611341935502,0.5665856045821355
17.48,44.71,1014.99,36.71,465.61,1,0,0,0.23523169307857672,-2.1440019032312514
7.75,38.06,1020.83,83.39,483.56,0,1,0,-2.4789858923216546,-0.3569938575457914
18.99,59.27,1012.15,89.39,453.4,0,0,0,-0.18116188828493474,0.991885808475411
26.8,49.3,1003.86,62.75,438.56,1,0,0,1.2852033457005334,0.3854774512712349
31.7,69.13,1000.29,46.27,427.95,1,0,0,3.2379396184769997,0.04961545208130103
22.83,41.1,1002.0,38.62,449.99,1,0,0,1.3533540545458975,-0.6966927635457605
22.42,62.52,1016.83,63.27,451.64,1,0,0,0.6086982181080536,-0.863418832006897
13.78,39.85,1012.7,71.99,474.9,0,1,0,-1.0501982591092573,-0.087138532883012
24.81,60.95,1014.72,54.71,446.09,1,0,0,1.1042764739715691,-1.1045875713885092
25.37,58.33,1013.49,51.42,444.46,1,0,0,1.2048135677136689,-1.1654499197564634
21.24,44.57,1008.72,72.57,447.03,0,1,0,0.02981347149387993,0.3631917351615754
11.61,39.69,1006.85,83.69,470.78,0,1,0,-1.143253357334888,1.1673749553869617
15.79,49.21,1015.08,75.8,457.7,0,1,0,-0.7334504080527438,-0.08790902743117252
6.84,41.06,1021.04,89.59,489.96,0,1,0,-2.5981576007113416,-0.029388500706212788
25.53,71.85,1009.19,74.7,431.26,1,0,0,1.498930451351469,0.6124152981082928
3.51,35.47,1017.53,86.56,489.07,0,1,0,-2.8009822881878677,0.17407057033117335
7.0,35.77,1018.21,64.84,482.8,0,1,0,-1.9784990344473232,-1.0427331061487701
12.71,43.8,1023.15,71.16,466.2,0,1,0,-1.6551244134558856,-1.2286431227904926
25.33,71.73,1009.78,77.78,435.23,1,0,0,1.3564247802026068,0.70758772560643
30.91,79.74,1006.92,56.32,433.84,1,0,0,2.9258855907007817,-0.06253755586114272
17.79,43.52,1020.65,68.29,458.57,0,1,0,-1.0027435986074613,-1.141580312591107
32.15,72.29,1010.13,50.19,435.71,1,0,0,2.6411056991835338,-0.7969941126352725
16.96,63.31,1016.42,77.09,454.14,0,0,0,-0.1402997187152708,-0.061625114932878415
26.48,68.14,1004.83,55.96,432.19,1,0,0,2.2007171639465337,0.08326238322492908
19.88,47.03,1012.27,91.99,456.44,0,0,0,-0.7234696639135538,1.0083752128122068
16.18,50.88,1014.06,100.09,455.14,0,1,0,-1.1928124196515935,1.2879529570870758
10.59,38.38,1021.58,68.23,474.94,0,1,0,-1.8854610104639569,-1.2381440694789914
17.51,39.54,1010.22,71.53,462.12,0,1,0,-0.5749039074644123,0.13114989077848907
23.63,63.57,1011.05,87.96,449.01,1,0,0,0.5037519226463996,1.0407598085015803
24.6,71.73,1010.08,78.77,436.28,1,0,0,1.2498501511475648,0.7310225267540258
28.01,73.18,1012.25,75.02,431.02,1,0,0,1.5452759894954051,0.28953562846125097
23.67,71.77,1004.76,86.13,434.47,1,0,0,1.3452328003200396,1.6969080532179364
15.21,43.5,1021.6,82.06,464.08,0,1,0,-1.6411613451250813,-0.5166453034932366
9.38,41.44,1015.09,86.8,481.96,0,1,0,-1.8932016184994824,0.46010702750058646
14.93,41.79,1008.88,81.48,456.75,0,1,0,-0.8572950919653762,0.8264872992246064
28.18,73.03,1014.18,67.72,439.74,1,0,0,1.61186792895618,-0.29984675891909374
24.86,60.77,1016.85,71.24,440.68,1,0,0,0.5233062693343796,-0.4848974603345109
12.14,40.83,1010.56,78.31,474.82,0,1,0,-1.1616004082424776,0.4912435221088371
31.24,72.39,999.47,68.17,430.7,1,0,0,2.827339553873215,1.2989285399843038
25.2,65.59,1013.0,71.34,439.14,1,0,0,1.0237442110295556,-0.024049243739127632
27.02,61.86,1012.38,70.28,442.67,1,0,0,1.079479515325165,-0.053749664882157815
27.09,59.15,1013.02,55.18,438.9,1,0,0,1.3167205723851163,-0.9253064048581485
13.7,42.86,1030.68,79.77,470.28,0,1,0,-2.3532165140754233,-1.6183279091439406
6.61,38.91,1015.77,92.31,484.32,0,1,0,-2.4237145086836724,0.6690806790356195
10.1,41.79,1019.36,78.07,474.09,0,1,0,-1.8813372172827127,-0.4576084373053745
23.02,69.94,1007.94,64.66,439.4,1,0,0,1.5551294547591115,0.23194364989107596
23.69,58.05,1012.08,74.26,444.46,1,0,0,0.5531064320764703,0.17645162010052198
22.5,64.69,1007.03,74.92,440.73,1,0,0,1.0746833000170635,0.8219794114083844
19.66,42.18,1001.51,95.75,454.46,0,1,0,-0.32012445551118135,2.3364635268394074
24.71,60.77,1016.67,69.7,443.52,1,0,0,0.5634392147407247,-0.543779899779778
15.62,41.23,992.89,83.99,463.21,0,1,0,0.19952819580612208,2.687816356928526
15.28,44.58,1016.45,83.07,467.92,0,1,0,-1.263048532999175,0.10444452849322812
20.67,57.5,1014.42,81.89,453.29,0,0,0,-0.07931676575055738,0.3317929116217935
20.79,50.66,1013.39,77.93,454.78,0,0,0,-0.19727731007263305,0.18357862194093774
24.54,48.41,1008.61,73.53,439.79,1,1,0,0.45389898673374546,0.43311443966526064
25.21,64.63,1020.56,51.31,448.66,1,0,0,0.9902282462505027,-1.8890611903526762
34.18,67.9,1005.87,30.34,425.5,1,0,0,3.4242396120980265,-1.4071973925190673
29.85,68.24,1007.01,30.99,433.43,1,0,0,2.987138173416642,-1.465438043110757
18.37,44.89,1010.61,86.74,454.37,0,1,0,-0.6920886478098769,0.9111516861765622
19.87,49.69,1012.23,68.57,456.03,0,0,0,0.007693596270109417,-0.17487773215363955
25.28,66.25,1009.77,84.55,439.77,1,0,0,0.9344681230940592,1.014390658891459
13.47,43.34,1012.75,87.04,468.8,0,1,0,-1.318594706349736,0.7146333168346258
13.7,43.22,1012.01,71.57,463.99,0,1,0,-0.8502056155076781,-0.0060032914993183775
20.91,59.14,1017.25,74.7,442.67,1,0,0,0.007737529267063572,-0.3359610344895008
19.09,65.94,1012.53,81.06,446.34,1,0,0,0.3129257128275977,0.5735036467710479
9.33,44.03,1011.73,86.04,474.15,0,1,0,-1.5342047101101814,0.8079073486261972
10.11,44.85,1014.2,84.81,478.71,0,1,0,-1.5699296299950511,0.4767515713885354
28.64,69.23,1013.11,37.13,434.4,1,0,0,2.354592429756767,-1.7963669251579437
29.86,69.34,1007.76,54.12,433.57,1,0,0,2.380920154686863,-0.3441736812743109
24.42,62.66,1007.65,71.57,443.09,1,0,0,1.1889230891736668,0.5520540761219095
13.49,43.41,1015.75,57.86,461.06,0,1,0,-0.7558888837805839,-1.118049760233611
30.1,47.93,1002.64,42.06,435.27,1,0,0,2.1209982571668133,-0.5834347208387309
9.43,43.69,1017.28,91.8,478.48,0,1,0,-2.0698378219765288,0.4975796489420556
24.78,50.78,1008.81,62.97,443.98,1,0,0,0.8405047489826559,-0.1163910504886314
20.6,60.08,1017.84,75.92,454.39,1,0,0,-0.04850982617049267,-0.32752474770347784
14.77,39.16,1016.12,81.88,470.39,0,1,0,-1.490508111088569,0.03876447430588726
17.26,49.78,1007.38,100.06,453.54,0,1,0,-0.6959633980933252,1.9974742722825187
24.48,64.45,1014.69,51.43,452.82,1,0,0,1.3191039719617705,-1.2402100415487272
25.57,44.05,1005.79,65.14,443.84,1,0,0,0.7581834790568238,0.264844722444874
25.46,70.32,1010.65,64.7,433.08,1,0,0,1.5874680104042433,-0.07466304102476486
23.75,59.07,1007.73,88.82,443.54,1,0,0,0.519133052305176,1.4095685398356472
24.2,59.43,1009.69,62.3,440.66,1,0,0,1.1315113124724634,-0.17315501961961605
27.62,72.43,1007.54,71.33,428.76,1,0,0,1.8975571694957707,0.6084743606773987
14.4,42.18,1015.47,77.7,464.81,0,1,0,-1.2343570031828774,-0.07941057578469406
14.1,43.34,1012.91,86.45,465.22,0,1,0,-1.2620875719714701,0.662448333644212
6.07,41.14,1027.57,86.98,480.19,0,1,0,-3.0351783574887206,-0.8692074016996707
17.31,58.49,1011.8,92.77,456.84,0,0,0,-0.41867341257317303,1.2096881010653755
9.19,42.44,1014.38,94.24,481.55,0,1,0,-2.010803349258506,0.9308686214489355
17.5,42.44,1012.55,76.85,466.78,0,1,0,-0.7457414384466305,0.17554586956157803
20.57,63.78,1016.76,74.0,449.93,1,0,0,0.23594430409946937,-0.2790506646012628
12.28,41.49,1019.73,94.79,467.44,0,1,0,-2.176767794935725,0.34799744273322364
22.99,61.02,1009.88,81.56,440.85,1,0,0,0.5855074956063481,0.8215678425952033
28.38,64.05,1010.19,71.84,439.83,1,0,0,1.3968271103736731,0.2735811562512681
17.57,44.06,1015.43,72.75,459.73,0,1,0,-0.7577535546516527,-0.3371243382854462
8.36,38.91,1016.27,88.82,482.09,0,1,0,-2.2221666372819833,0.422506371484031
4.86,39.4,1012.73,91.39,488.63,0,1,0,-2.315251952215604,0.9684791192002313
16.7,40.56,1019.04,50.9,470.84,0,1,0,-0.6590292887699148,-1.8804736646014988
6.22,39.33,1012.31,93.23,491.77,0,1,0,-2.225534535809863,1.099345656860335
27.47,63.78,1016.07,48.47,446.69,1,0,0,1.5196130309493088,-1.5691045869284295
21.99,71.85,1009.5,74.77,441.1,1,0,0,1.1837859058562983,0.6064639327373592
24.67,61.5,1009.06,72.77,437.37,1,0,0,1.0309278397711261,0.4494353786307716
8.62,42.49,1009.06,86.93,481.87,0,1,0,-1.5019260519465865,1.1370077716433686
18.14,67.71,1003.82,95.69,442.45,1,0,0,0.5240792965721073,2.297887838753165
20.33,57.76,1016.47,75.35,450.25,1,0,0,-0.06478305712159801,-0.22463127272254693
26.1,58.9,1004.18,71.63,444.4,1,0,0,1.3968185471830865,0.8911950812378142
4.0,39.9,1008.46,97.21,490.68,0,1,0,-2.225155282536555,1.7437635637502016
22.26,60.37,1008.14,92.37,441.33,1,0,0,0.33275092161897607,1.5688559821735835
23.57,64.15,1020.95,68.19,450.08,1,0,0,0.36602642320479545,-1.0527222295863605
17.7,43.69,1016.98,61.98,462.63,0,1,0,-0.5875810259227362,-1.0657771131947111
9.47,41.4,1026.21,89.08,480.79,0,1,0,-2.705244125422232,-0.6338520434950522
16.69,50.9,1013.21,84.98,460.75,0,0,0,-0.6970482618933576,0.5970933103799312
9.82,41.04,1026.72,77.28,473.98,0,1,0,-2.4186536284700058,-1.303869303973744
10.78,41.93,1015.56,95.71,478.88,0,1,0,-2.0209162632886635,0.863311520291054
25.63,48.92,1009.99,34.64,439.87,1,0,0,1.4884962047004597,-1.7282492716026707
9.29,35.77,1015.34,63.29,475.88,0,1,0,-1.5533185678582504,-0.825919428974532
9.86,37.83,1005.05,100.15,472.46,0,1,0,-1.6770937231434797,2.2101105580093385
11.37,40.56,1017.56,64.8,478.88,0,1,0,-1.3612684241819324,-0.965301308212895
25.79,70.4,1007.11,86.03,437.98,1,0,0,1.3022066471070894,1.4103599397323752
24.93,70.32,1007.34,61.25,436.03,1,0,0,1.8595411592297901,0.11123381716815979
9.25,41.26,1020.51,91.21,473.87,0,1,0,-2.3966242905180533,0.09709748702010458
26.49,71.73,1010.07,74.48,431.06,1,0,0,1.5186282094258632,0.49771825989420104
15.98,39.64,1009.31,81.21,467.22,0,1,0,-0.8876825730006485,0.741237587180203
20.77,56.85,1012.4,83.63,442.85,1,0,0,-0.007470789392521591,0.63563974374563
13.69,41.74,1021.19,60.86,471.84,0,1,0,-1.2622852979725365,-1.570287672756351
26.03,64.44,1012.75,62.24,445.89,1,0,0,1.2963835341849703,-0.4815690690801348
9.43,41.4,1028.03,84.98,474.16,0,1,0,-2.725491088998059,-1.0434084683392573
26.37,69.84,1002.71,83.51,428.6,1,0,0,1.691217357027156,1.750852702434967
28.76,51.43,1011.88,49.79,449.98,1,0,0,1.332760914990403,-1.1530494549223116
27.84,68.08,1013.34,46.19,436.37,1,0,0,1.9854343038972748,-1.3574662750595565
9.42,39.64,1010.86,74.03,478.05,0,1,0,-1.3471788698108462,0.24661552777157353
25.08,51.43,1011.8,71.98,446.67,1,0,0,0.45463446567218185,0.02640635775194502
21.73,61.45,1010.27,91.59,442.78,1,0,0,0.2117870226048535,1.3089960277807342
5.18,41.31,1000.59,92.14,485.2,0,1,0,-1.3965598002176252,2.342185786714635
21.17,58.46,1017.71,83.98,446.66,0,0,0,-0.27463942114723916,0.08579884651783572
22.52,66.48,1003.87,78.29,435.02,1,0,0,1.2826308612540889,1.3543009074866506
12.76,41.48,1014.06,70.34,461.61,0,1,0,-1.1121262905362814,-0.30029907521887567
27.71,62.39,1006.43,68.21,435.84,1,0,0,1.619541327109938,0.48676570153077575
24.66,48.78,1018.39,71.79,449.11,0,0,0,-0.14118758770447823,-0.7193898383896538
7.2,40.02,1031.71,69.89,480.53,0,1,0,-2.8269665762022296,-2.2190121674699204
6.14,39.4,1011.21,90.87,485.94,0,1,0,-2.092387575874099,1.098383127404593
23.0,60.27,1018.72,84.25,442.0,1,0,0,-0.11971083666800741,-0.008153209890840665
13.26,42.99,1007.58,94.26,472.52,0,1,0,-1.1875482834734736,1.6488983596667326
22.34,52.84,1004.05,73.96,449.06,1,1,0,0.7672812622211806,1.0025165775610754
12.31,37.73,1023.3,63.01,472.08,0,1,0,-1.7530163307077167,-1.7118958517890925
23.63,58.98,1010.99,81.16,444.43,1,0,0,0.48316626651539546,0.6592564950067654
23.39,68.51,1013.09,78.6,438.35,1,0,0,0.8072447193797081,0.3768509854733674
28.8,71.77,1006.41,66.03,426.87,1,0,0,2.1813861242850705,0.4445057892811939
23.28,72.24,1011.3,90.5,434.21,1,0,0,0.7736950473430287,1.2169015318548955
28.6,71.22,1003.15,58.33,443.01,1,0,0,2.5640952576027933,0.39885918305908985
15.89,41.7,1018.93,82.68,463.33,0,1,0,-1.4985641259371312,-0.21307569160418977
15.46,42.07,1017.9,81.12,459.15,0,1,0,-1.4067556242137866,-0.17555026840317733
22.86,62.4,1010.59,78.24,445.66,1,0,0,0.6739688399652015,0.5848667555937648
20.9,67.07,1005.43,82.85,443.46,1,0,0,0.9494202313176856,1.4356901501143264
17.75,49.25,1020.86,63.67,454.41,0,1,0,-0.6470099921508181,-1.3565323689055513
25.93,60.29,1017.62,50.03,444.04,1,0,0,1.0921985377073173,-1.6749187287924026
23.99,50.32,1008.41,67.4,444.23,1,0,0,0.6665307659501032,0.15756014225277087
18.76,56.53,1020.04,86.62,452.5,0,0,0,-0.7864823183427665,-0.03067336798777342
7.44,38.5,1012.81,70.27,488.12,0,1,0,-1.59555583252389,-0.15546966224813002
25.18,65.06,1013.64,55.77,440.27,1,0,0,1.3619515384669552,-0.9016956322246308
9.12,41.49,1020.58,96.23,475.69,0,1,0,-2.533163290257752,0.3513841161727874
20.01,59.87,1019.0,84.12,448.39,0,0,0,-0.39982403695470115,-0.028143526714030635
30.66,73.77,1003.13,78.09,430.0,1,0,0,2.3315637245891017,1.4276505593828468
32.2,72.29,1008.61,69.94,432.52,1,0,0,2.2327761298767355,0.3877919893989173
14.77,44.47,1028.38,71.18,464.25,0,1,0,-1.8126477325431665,-1.8057243907589262
13.48,39.35,1014.56,81.25,470.66,0,1,0,-1.4657851646594067,0.18643473305945435
20.64,61.86,1012.81,99.97,447.14,0,0,0,-0.25224860704265717,1.4758278819940522
17.42,44.06,1016.63,82.15,456.57,0,1,0,-1.097577125629637,0.018539317720437494
18.76,58.79,1016.66,88.22,453.44,0,0,0,-0.49821320468072244,0.4381443024691249
31.16,69.88,1007.01,68.28,433.24,1,0,0,2.1931449605126367,0.46399029431602035
18.05,56.03,1020.69,77.87,459.09,0,0,0,-0.68279736604613,-0.5523567122100657
7.29,41.04,1024.06,89.19,474.71,0,1,0,-2.7573401106122644,-0.38208875038215395
30.36,68.08,1010.76,51.32,429.97,1,0,0,2.2352724064515614,-0.8289309458854859
8.81,43.14,1012.46,73.99,481.56,0,1,0,-1.3512544434466025,0.10270513952208743
21.17,59.8,1016.06,77.73,455.66,1,0,0,0.060249586813753406,-0.046425829478978047
18.0,43.7,1015.4,61.28,464.26,0,1,0,-0.43636770264620045,-0.9318568020145773
13.2,44.9,1022.43,87.68,468.92,0,1,0,-1.9487791396125302,-0.29186073319122274
28.16,70.72,1009.81,65.32,441.37,1,0,0,1.8690205212861453,0.03357799307442678
14.84,43.69,1016.31,68.67,472.07,0,1,0,-0.9527736381506381,-0.6279031067951468
30.2,70.02,1009.85,63.39,437.48,1,0,0,2.0542393107342956,-0.08999406927581836
6.53,42.85,1012.65,91.6,480.98,0,1,0,-2.0253431890419,1.0044107954297152
12.58,39.72,1018.08,64.25,469.38,0,1,0,-1.3195132734991784,-1.0653466912565617
12.12,38.28,1013.7,91.27,469.59,0,1,0,-1.8284095405842864,0.7980456735529803
3.74,35.19,1018.58,98.84,490.5,0,1,0,-3.186817119190369,0.6898998380517454
30.98,71.29,1008.78,47.7,432.99,1,0,0,2.657554001115871,-0.7786199492683525
14.09,44.47,1029.08,72.36,466.53,0,1,0,-1.947331212056484,-1.8163735852845104
24.84,56.89,1012.15,67.24,440.36,1,0,0,0.7755477109782285,-0.21079231946050098
14.79,44.06,1018.53,74.79,465.77,0,1,0,-1.2518619531473378,-0.5503349810735022
9.7,40.71,1025.63,80.34,483.19,0,1,0,-2.4487548849873395,-1.0290513362198905
28.55,65.27,1013.34,48.95,437.62,1,0,0,1.848025305989942,-1.242461804447199
20.98,42.23,1012.9,70.7,462.27,0,0,0,-0.33092860523074824,-0.20553613440631685
15.86,39.82,1013.12,77.37,466.89,0,1,0,-1.0490629127087627,0.1304320320947689
15.29,41.35,1006.32,82.56,466.27,0,1,0,-0.7006689239983551,1.154969969755263
13.31,42.18,1016.0,83.94,466.56,0,1,0,-1.5235129171713502,0.19248326766265372
16.78,39.63,1005.84,87.91,465.97,0,1,0,-0.7605967191633599,1.4594006722041695
19.66,45.01,1014.42,60.14,453.45,0,0,0,-0.14499774699201176,-0.88480020481967
23.73,59.15,1014.08,62.65,444.07,1,0,0,0.7719311192238856,-0.6321073057601316
33.63,77.54,1009.82,58.04,431.81,1,0,0,2.8107324121606903,-0.32579317164268023
25.56,69.13,1002.46,68.26,434.48,1,0,0,2.008600304607298,0.9905767779282386
27.95,77.54,1010.12,78.97,434.7,1,0,0,1.774549907358559,0.7609038400980944
26.92,67.25,1017.74,61.68,434.05,1,0,0,1.1681600233031677,-1.0372311285682254
10.2,41.46,1019.12,83.26,480.11,0,1,0,-2.006889701165767,-0.16687515451406476
16.09,65.46,1013.84,85.52,454.88,0,0,0,-0.16170319284508847,0.6777598237863239
33.82,77.17,1008.96,58.91,435.58,1,0,0,2.846000018467224,-0.19152059642130204
13.85,44.9,1019.11,76.79,467.2,0,1,0,-1.3842167298928014,-0.4970419089068108
15.24,39.39,1013.01,74.24,469.79,0,1,0,-1.0299046155573905,-0.018411151229711757
10.03,43.72,1011.46,96.89,473.26,0,1,0,-1.7552089601697607,1.3901770605238155
17.2,58.49,1012.06,92.01,458.5,0,0,0,-0.42561900686750304,1.1428947373222538
12.72,40.64,1021.11,93.24,475.73,0,1,0,-2.2315082650705866,0.10786991649964985
25.97,70.32,1007.48,57.01,435.27,1,0,0,2.0466297805233444,-0.1300132611629724
10.1,40.22,1007.1,90.36,478.43,0,1,0,-1.4358545359360888,1.4990932820799825
10.48,37.5,1009.81,95.26,474.57,0,1,0,-1.8372126886281657,1.4324977668034675
25.84,69.14,1009.22,88.47,431.35,1,0,0,1.0431689018677606,1.2961045417936474
18.51,48.06,1015.14,79.83,455.44,0,0,0,-0.6690501849193364,0.08576699308902204
22.82,60.08,1017.95,65.71,450.86,1,0,0,0.39401915511024566,-0.8817806830499371
8.76,40.96,1025.21,90.72,483.79,0,1,0,-2.757921911043477,-0.43899828338922453
6.49,39.33,1010.85,91.85,489.22,0,1,0,-2.0676504293259406,1.185218627151991
21.01,50.9,1012.24,70.82,453.99,1,0,0,0.0956564525486984,-0.05784833291681913
13.31,40.1,1014.81,82.11,468.74,0,1,0,-1.4862668597024544,0.21081706577419282
26.13,71.64,1004.16,87.18,439.73,1,0,0,1.5560107430111325,1.7985883906767075
5.34,39.22,1012.73,81.42,472.66,0,1,0,-2.023044997208716,0.4490289934996299
8.72,40.72,1023.48,77.87,485.3,0,1,0,-2.318076112161893,-0.9157042025295735
25.32,71.94,1009.94,62.93,435.06,1,0,0,1.741993737016632,-0.074733042406382
25.68,58.41,1013.71,70.61,440.78,1,0,0,0.7174759110282142,-0.20015592751914346
24.04,60.77,1017.62,75.23,442.25,1,0,0,0.2988673702742331,-0.3571399084829523
20.21,60.84,1018.5,82.73,447.73,0,0,0,-0.2701402677850688,-0.03901868710120381
25.97,57.32,1012.13,47.48,442.73,1,0,0,1.4054828261958077,-1.233020159700135
25.68,46.21,1011.01,57.53,442.98,1,0,0,0.7054658654753837,-0.6797358059168267
19.51,66.51,1015.28,80.75,448.04,1,0,0,0.19333536840901083,0.25980455226828825
27.57,71.32,1002.59,76.68,436.61,1,0,0,2.0421680414796275,1.4150286370408398
10.15,41.46,1019.78,83.56,481.31,0,1,0,-2.0638526714808214,-0.22290540100583062
13.75,41.49,1019.9,88.23,469.02,0,1,0,-1.8956099160979814,-0.019228486474344046
11.02,41.44,1015.28,83.53,476.68,0,1,0,-1.6853467172509735,0.2593946281615648
19.44,39.53,1006.99,63.18,457.09,0,1,0,0.022356348418230768,0.038475871373198973
14.83,53.82,1016.57,63.47,464.0,0,1,0,-0.38882718844061237,-0.8430053251840439
25.59,61.5,1009.12,68.0,439.14,1,0,0,1.227415585328214,0.1903562228885088
27.29,71.32,1006.39,81.59,435.25,1,0,0,1.6316821459060373,1.256690887558354
31.04,66.54,1003.83,53.05,431.66,1,0,0,2.650761572625352,-0.0021377615105567706
28.15,72.24,1010.88,62.39,431.75,1,0,0,1.938823893345229,-0.22187711778880367
25.3,71.29,1007.86,62.98,437.17,1,0,0,1.8521871555561555,0.14921688696013924
10.76,40.78,1023.81,87.96,469.97,0,1,0,-2.4332149350334547,-0.4441734043082217
6.81,37.49,1010.74,88.25,482.21,0,1,0,-2.0207908201085942,0.9943305344846178
25.41,77.54,1009.68,89.09,434.09,1,0,0,1.3304593386369075,1.3486297375533907
9.82,37.83,1005.29,100.07,473.66,0,1,0,-1.6946672167506194,2.1801228111691215
15.3,43.67,1011.75,95.31,468.14,0,1,0,-1.3009286210200643,1.240621484812778
12.64,40.69,1015.86,82.06,474.08,0,1,0,-1.5858336654909952,0.10324335756260354
12.51,41.92,1031.21,64.66,468.41,0,1,0,-2.1341743702944127,-2.4555577721083863
17.78,58.95,1016.32,89.61,450.89,0,0,0,-0.5851869329469253,0.5549092063285497
28.4,75.23,1011.12,55.01,441.78,1,0,0,2.2677665459838816,-0.6066382584383667
7.49,39.81,1018.2,85.96,483.71,0,1,0,-2.3111413016058915,0.07791126930586763
11.67,42.74,1025.92,79.57,474.75,0,1,0,-2.196308030929758,-1.0974871677280096
28.68,70.32,1008.51,45.73,430.48,1,0,0,2.49483901516627,-0.8430263841507266
10.24,39.28,1010.13,81.61,477.53,0,1,0,-1.4436735959566993,0.7089266977110036
22.95,45.61,1013.65,73.92,457.91,0,0,0,-0.15458598181946911,-0.10719031939957242
7.95,41.26,1008.48,97.92,480.6,0,1,0,-1.8590907212938454,1.7622075443357417
5.72,40.81,1025.78,92.46,487.8,0,1,0,-3.0997759663882034,-0.39166565250920127
24.24,68.3,1018.03,81.51,437.12,1,0,0,0.45530687009895293,-0.018274710988422142
30.01,73.18,1012.23,60.9,429.84,1,0,0,2.0806817467288146,-0.4509242542289811
9.36,44.03,1010.3,87.2,474.68,0,1,0,-1.464547281007552,1.0232861930389219
22.44,63.86,1020.0,64.83,447.3,1,0,0,0.41254215070755046,-1.117369182954805
21.39,64.27,1011.71,95.39,445.12,1,0,0,0.1105818044626558,1.3734314453526568
26.78,66.54,1010.14,49.01,440.0,1,0,0,1.974526234817143,-0.8686287503501298
16.76,45.09,1014.28,57.71,458.67,0,1,0,-0.3077846603944001,-0.9745519090684505
10.12,43.72,1011.33,97.62,473.05,0,1,0,-1.7579931923120953,1.4414040330534845
19.84,65.48,1019.54,76.6,449.85,1,0,0,-0.006829629153464954,-0.42882206943121415
28.32,66.54,1010.28,45.6,436.42,1,0,0,2.181194630062751,-1.0704417324855344
8.25,41.26,1020.59,91.84,475.17,0,1,0,-2.501077792925006,0.12774469072976513
24.2,68.67,1006.72,78.08,444.09,1,0,0,1.3290296340979977,1.0393168869299307
28.32,71.32,1008.02,78.82,433.82,1,0,0,1.6779491514931637,0.9291744444970977
22.29,61.27,1019.05,58.23,449.81,1,0,0,0.52320447577631,-1.3745099978352135
29.05,69.71,1009.03,64.25,434.05,1,0,0,1.9790870609280653,0.04904598145175094
17.34,46.48,1007.18,83.15,452.06,0,1,0,-0.37934354765804773,1.1191100690814626
17.25,39.39,1014.27,67.8,465.74,0,1,0,-0.7816255250821054,-0.5018092177216106
13.82,42.32,1016.32,81.19,463.06,0,1,0,-1.4252033643749316,0.013311113274049777
27.05,77.95,1009.57,76.56,434.09,1,0,0,1.8188159174405956,0.705818070333216
15.99,43.5,1021.34,73.22,460.7,0,1,0,-1.3280592889113654,-0.9500483625951148
26.01,58.41,1013.56,70.84,443.74,1,0,0,0.7489295235122346,-0.17420465774132293
31.31,67.48,1009.71,57.06,440.38,1,0,0,2.208823754143986,-0.42959360529158347
25.57,65.46,1014.81,38.58,444.46,1,0,0,1.7811995819969975,-1.9159934932679048
16.74,38.01,1022.63,69.19,463.61,0,1,0,-1.490843647600504,-1.3479052960717788
20.35,56.53,1020.23,70.05,456.04,0,0,0,-0.23521311911429318,-0.9176824491933263
6.71,39.37,1020.28,71.15,487.05,0,1,0,-2.149728466338598,-0.9113663213835603
12.84,39.54,1011.47,89.86,468.22,0,1,0,-1.52455200483199,0.973281219384497
29.57,67.83,1009.19,55.74,427.62,1,0,0,2.1505854789931877,-0.42641635246265813
20.46,51.43,1010.06,83.79,456.7,0,1,0,-0.11666385581305642,0.8571357802549324
29.29,71.14,1011.49,49.97,432.58,1,0,0,2.2673764394137015,-0.9461494142019636
10.13,38.16,1013.57,79.04,474.92,0,1,0,-1.6695044446515668,0.19343254719828637
26.93,59.54,1004.02,75.5,437.58,1,0,0,1.403322516843158,1.1078961917243475
14.39,43.56,1012.97,59.17,469.35,0,1,0,-0.5196917185938521,-0.7526766402673446
5.18,40.27,1010.84,81.64,489.1,0,1,0,-1.866852083683167,0.6757187449993114
20.1,57.17,1011.96,87.68,452.67,0,0,0,-0.12449444376150297,0.8997909109661775
8.53,43.14,1012.25,78.88,480.08,0,1,0,-1.4878277484921076,0.3799385176633503
24.1,52.84,1006.47,47.58,444.69,1,0,0,1.4368911609541615,-0.6349138647648217
9.29,34.03,1018.84,74.81,483.74,0,1,0,-2.1696804536240584,-0.6262684424392296
22.07,58.95,1017.98,75.83,442.4,1,0,0,0.015806286046029475,-0.3665602568212578
23.57,61.47,1009.27,84.17,435.82,1,0,0,0.6266050461173346,1.0223920979929801
20.45,59.8,1015.13,79.21,452.96,1,0,0,0.025553951129225178,0.13615867257780734
9.97,41.62,1013.99,96.02,464.86,0,1,0,-2.0025011896763223,1.0532927338238933
26.62,76.2,1006.06,69.13,437.81,1,0,0,2.139624217321435,0.6932357972721036
27.11,69.59,1008.56,79.2,437.2,1,0,0,1.4550609854243504,0.8843302354798779
19.51,48.78,1021.03,86.33,453.27,0,0,0,-1.1261833197835889,-0.22098642089300513
18.01,54.9,1017.04,77.82,455.91,0,0,0,-0.48576613270064606,-0.16635967715214348
14.41,40.71,1016.78,69.77,467.01,0,1,0,-1.180435613588154,-0.6433526373514695
24.66,72.24,1011.35,77.45,434.33,1,0,0,1.2251954790526594,0.5282971329386936
10.59,41.54,1019.94,73.88,477.05,0,1,0,-1.7819704584187708,-0.7424366858123638
12.28,40.55,1005.72,98.56,472.47,0,1,0,-1.3615641053951706,2.0604500926738054
11.19,40.64,1020.57,84.49,472.86,0,1,0,-2.092328571033122,-0.27461753489515045
14.62,42.86,1015.56,84.5,470.79,0,1,0,-1.3700448150603222,0.26582783631569057
10.05,37.14,1012.64,75.97,474.16,0,1,0,-1.5774511646663265,0.1285254646775483
24.91,71.29,1008.29,69.06,437.03,1,0,0,1.6318056969560955,0.4189555217555498
30.96,69.82,1009.6,51.55,438.74,1,0,0,2.434583885945026,-0.6808411034793842
30.31,74.16,1010.69,58.81,436.23,1,0,0,2.3082558592835563,-0.38530710637364385
17.47,43.77,1012.25,76.78,456.41,0,1,0,-0.6672974815952617,0.2155138389642021
30.36,71.8,1010.9,63.27,437.4,1,0,0,2.077472650786519,-0.19726711073158765
25.06,44.57,1007.39,56.07,443.66,1,0,0,0.866939828573396,-0.36994434531571496
20.57,42.8,1013.1,75.48,460.43,0,1,0,-0.4781794140307977,0.026857632517174906
17.79,46.21,1010.38,85.25,448.74,0,1,0,-0.627147348604493,0.873865229704028
18.51,50.9,1012.95,82.71,459.11,0,0,0,-0.4697879654263824,0.4957734202457964
13.21,40.56,1018.12,64.49,475.86,0,1,0,-1.239479161032863,-1.0548495958368027
30.24,68.3,1016.21,48.25,431.82,1,0,0,1.9437244434783703,-1.5782226538808188
24.4,67.45,1015.63,57.1,435.47,1,0,0,1.2325179970795401,-1.0251194275212558
8.72,40.02,1031.32,78.09,477.86,0,1,0,-2.88919497988432,-1.7635939986257725
11.16,40.96,1023.49,83.7,478.3,0,1,0,-2.2591299041156128,-0.6305460765562527
20.28,48.78,1017.4,82.51,451.59,0,0,0,-0.7153271548113157,-0.028232627771043732
31.2,73.17,1010.28,53.23,431.23,1,0,0,2.511829078480079,-0.6428006441583076
21.83,63.07,1011.57,87.02,443.1,1,0,0,0.3222522810433825,0.9438845593448597
14.43,44.47,1028.57,70.7,466.56,0,1,0,-1.841121067460503,-1.8488692191596527
31.35,70.8,1010.11,66.37,432.19,1,0,0,2.0879496261920005,0.03397130459434903
12.27,41.17,1019.41,58.1,475.13,0,1,0,-1.2111416532426271,-1.5138631149281214
10.09,41.62,1015.21,96.56,463.86,0,1,0,-2.0898834605719405,0.9475193400577391
5.24,38.68,1018.03,78.65,486.67,0,1,0,-2.344062244191363,-0.2747013397747916
7.14,39.4,1011.68,91.84,482.82,0,1,0,-2.0672409117986685,1.0904557325587583
6.63,39.42,1024.81,72.58,482.02,0,1,0,-2.500336231341992,-1.3298110406714014
27.37,65.06,1013.09,50.92,440.5,1,0,0,1.7069395741691857,-1.1071662356919385
30.39,71.8,1010.87,64.11,435.82,1,0,0,2.060044101388665,-0.15083909500290396
15.75,47.45,1009.86,86.68,451.5,0,1,0,-0.7427678754468212,1.0282353533794093
28.82,71.43,1011.51,58.58,443.68,1,0,0,2.0150190950413442,-0.4982717678489754
24.0,75.23,1010.69,72.46,443.78,1,0,0,1.4779360497634204,0.37113282905431244
28.17,72.43,1007.37,68.92,428.88,1,0,0,2.0175180428781627,0.498804925664561
27.2,78.05,1010.15,90.2,430.55,1,0,0,1.4396369620744103,1.346640510120815
30.08,68.14,1003.99,77.38,425.27,1,0,0,1.9953944404402342,1.2559724691564436
9.65,41.03,1021.09,64.97,481.68,0,1,0,-1.727617449426813,-1.3253287696447547
28.15,70.72,1009.76,73.38,436.19,1,0,0,1.6609888474602115,0.45520339457453074
27.21,68.12,1012.96,54.69,435.2,1,0,0,1.7389941421983852,-0.8726366709492096
14.65,41.92,1030.61,63.07,464.95,0,1,0,-1.8750911011827218,-2.486938987199697
32.18,65.74,1010.89,46.52,435.58,1,0,0,2.398887634309165,-1.1221785957120298
7.57,41.14,1028.23,87.97,477.8,0,1,0,-2.9822395196221403,-0.9002054788975342
27.2,49.16,1005.33,46.73,440.57,1,0,0,1.6304426527153744,-0.605498576701881
25.89,59.22,1013.4,80.17,445.75,1,0,0,0.5418437438733709,0.3322398145884617
25.01,66.56,1009.68,64.94,435.73,1,0,0,1.4444137592393869,0.016127300189252687
26.68,68.08,1011.41,67.33,433.04,1,0,0,1.4688657518346766,-0.04801109080194176
17.72,50.9,1012.02,85.55,456.4,0,0,0,-0.5457992230398007,0.749048838363145
28.62,70.94,1007.38,53.0,432.71,1,0,0,2.40429004051437,-0.3392614689151081
27.06,61.41,1011.99,45.23,452.85,1,0,0,1.7441095552358752,-1.3084399125645547
24.27,74.99,1007.73,82.49,438.26,1,0,0,1.429350761882447,1.207454049400855
32.15,69.98,1013.3,55.13,429.86,1,0,0,2.1940531679988355,-0.905709815495589
17.08,38.58,1015.41,73.42,461.49,0,1,0,-1.0559460925980595,-0.3411506420246084
22.08,45.61,1014.02,75.71,456.71,0,0,0,-0.29839289555682375,-0.04911892222786783
13.27,52.75,1025.86,65.12,464.82,0,1,0,-1.241240258296046,-1.767264376759242
30.24,68.24,1009.68,64.67,426.25,1,0,0,1.957205680019683,-0.020013556060874287
13.13,40.75,1016.05,80.87,472.5,0,1,0,-1.524603142211204,0.018255707641937298
26.2,63.56,1013.39,67.07,442.4,1,0,0,1.1017712474225487,-0.3101433322138091
9.74,41.01,1019.12,98.39,465.8,0,1,0,-2.460057221592347,0.6137586297276032
23.83,58.79,1009.77,78.13,444.34,1,0,0,0.6536494804517046,0.6327619315734716
24.49,60.27,1018.96,72.62,440.87,1,0,0,0.29080911414442634,-0.6448858882649223
26.66,64.27,1012.83,58.88,437.87,1,0,0,1.4232324061812152,-0.6694197442977547
14.42,44.66,1016.1,93.89,461.34,0,1,0,-1.5893776602483758,0.707675957943768
10.76,44.58,1016.41,79.24,483.54,0,1,0,-1.5333066766544823,-0.058048474574108465
21.79,58.2,1017.21,66.74,446.94,1,0,0,0.24965587175242476,-0.756140737379708
9.51,38.38,1022.77,73.82,474.93,0,1,0,-2.2018033157470787,-1.0717360177015987
11.06,41.16,1018.52,89.14,467.46,0,1,0,-2.061878103911881,0.19372598700944088
27.69,69.71,1009.9,69.91,440.43,1,0,0,1.6596219261713354,0.2558222174639213
20.48,39.72,1001.61,57.32,455.58,1,0,0,0.6364911932404658,0.3161341490226167
22.03,64.79,1017.95,76.2,450.25,1,0,0,0.26235887090813037,-0.29687692803417176
5.81,45.87,1009.63,94.38,479.66,0,1,0,-1.8183715272930214,1.5059932020645734
12.23,41.58,1018.76,87.66,464.45,0,1,0,-1.9244815200957774,0.08657629948245295
6.29,40.78,1024.75,96.37,478.29,0,1,0,-3.0860021184615034,-0.08179542782427184
24.64,58.79,1009.82,73.96,444.26,1,0,0,0.8260613938333291,0.4064993054813114
24.05,67.83,1009.35,63.8,442.53,1,0,0,1.4734585079852633,0.00999175154162841
11.06,36.71,1021.67,80.44,473.85,0,1,0,-2.2454909592254104,-0.6342414920325417
32.49,71.32,1005.03,57.12,433.59,1,0,0,2.793018061361527,0.10592556335829063
19.69,57.32,1012.41,75.51,449.59,1,0,0,0.13561226308143637,0.22650522108072432
23.82,44.89,1009.39,74.69,445.45,1,1,0,0.15579075858054986,0.3846418096934003
11.0,40.23,1019.08,86.5,475.9,0,1,0,-2.077026214025853,-0.010622496522758698
10.15,41.14,1025.5,91.54,473.56,0,1,0,-2.676458423631787,-0.4362863206195735
23.41,74.99,1007.22,84.55,442.51,1,0,0,1.3393096746919932,1.3752096686443576
19.31,67.71,1005.31,77.15,446.23,1,0,0,1.0035307460050913,1.170501011156289
30.34,68.08,1010.85,49.4,428.34,1,0,0,2.277657087352909,-0.9377171058027506
25.2,57.5,1015.19,59.62,446.26,1,0,0,0.8240143255675172,-0.9327270224347648
28.26,69.23,1013.01,42.1,436.31,1,0,0,2.2001754898067705,-1.5262967980781517
23.39,73.5,1011.37,88.48,441.18,1,0,0,0.8863377373375652,1.1143914310023053
5.98,39.61,1017.27,84.86,482.17,0,1,0,-2.3524410159074316,0.13108494563086087
29.62,73.18,1012.21,61.6,427.22,1,0,0,2.03156427205682,-0.40994313527059395
22.59,70.32,1007.07,74.39,437.39,1,0,0,1.3414525077249426,0.8349971867287815
21.53,58.05,1012.9,87.57,447.93,1,0,0,-0.028880824209564962,0.7890839097669653
15.86,38.62,1016.65,67.51,462.58,0,1,0,-1.084983370911967,-0.7726175842476791
12.36,40.56,1022.11,72.99,474.71,0,1,0,-1.803774685447115,-1.0446390443672173
21.09,59.8,1016.94,76.95,451.98,1,0,0,0.01403294540094045,-0.1819615141769132
25.07,60.27,1018.13,70.33,439.52,1,0,0,0.4551072371720617,-0.6767051112109231
31.12,67.69,1005.3,50.46,425.21,1,0,0,2.675525164928099,-0.28718650968320525
30.27,64.69,1006.3,53.69,435.67,1,0,0,2.320523254592965,-0.24766781813975702
19.48,63.09,1019.28,78.04,449.6,0,0,0,-0.16181703779601125,-0.3429627514633345
12.95,43.71,1025.63,90.7,469.15,0,1,0,-2.3189606591330767,-0.4922366956378734
23.62,67.45,1014.63,59.8,439.45,1,0,0,1.1657628294311846,-0.7715185959716382
18.93,67.71,1005.04,82.4,444.55,1,0,0,0.8533872490271454,1.4735360639363346
14.57,42.18,1015.13,74.89,465.75,0,1,0,-1.1237176741188868,-0.1886250436773474
22.75,57.76,1017.83,66.54,452.33,1,0,0,0.27244870574506036,-0.8440743969252964
25.5,67.83,1009.29,61.29,437.49,1,0,0,1.662816174044235,-0.12296631261366368
29.67,66.51,1015.6,34.1,434.8,1,0,0,2.22910032832651,-2.252851903753779
25.88,69.13,1002.44,85.67,426.14,1,0,0,1.5814364488305503,1.8893929767648945
14.57,39.28,1015.1,76.94,469.27,0,1,0,-1.3030975556214455,-0.1028832014381395
13.44,42.34,1018.0,96.65,459.6,0,1,0,-1.9742069589116185,0.6313048263738268
18.67,44.06,1017.13,77.18,454.51,0,1,0,-0.8986239348158599,-0.3010265973350803
29.53,71.97,1008.6,79.25,434.96,1,0,0,1.7556973377245695,0.8851928170045309
18.31,52.9,1015.99,66.14,459.61,0,1,0,-0.172387226830403,-0.6731996153001792
13.09,41.62,1011.82,83.14,457.29,0,1,0,-1.260475819093111,0.6032870726593794
26.56,52.3,1007.4,62.04,439.25,1,0,0,1.1748663656450953,-0.010803281821964541
10.46,37.5,1013.12,76.74,472.16,0,1,0,-1.5805849565413814,0.11611491723088631
20.73,41.1,1001.86,47.51,456.44,1,0,0,0.9572676133558279,-0.20813793148640714
28.82,77.24,1008.35,78.93,433.69,1,0,0,1.954849026439768,0.9431932709029047
28.52,70.72,1009.64,66.76,437.72,1,0,0,1.8726953761067608,0.12397045935827082
16.13,53.82,1015.63,63.08,459.16,0,1,0,-0.20725178276274903,-0.7696761227830429
22.82,64.63,1020.78,66.73,449.34,1,0,0,0.3750275155272027,-1.100597342777498
22.84,67.32,1013.77,64.67,438.36,1,0,0,1.0270272811035877,-0.42217748545340184
30.56,69.04,1009.29,55.73,442.24,1,0,0,2.279087734323793,-0.43483804416086974
29.9,74.99,1002.28,59.76,436.77,1,0,0,2.859553876457708,0.588895578261637
8.47,41.03,1021.72,70.16,485.1,0,1,0,-2.0035819276419744,-1.1179161580845454
27.89,70.94,1007.54,49.18,435.21,1,0,0,2.4329498894158057,-0.5489092306749709
12.12,41.17,1017.68,78.72,470.67,0,1,0,-1.6443953088047425,-0.25993053776243574
20.42,45.01,1012.23,66.5,451.28,0,0,0,-0.09915459628359465,-0.32320118890748273
33.2,73.88,1005.67,48.48,438.12,1,0,0,3.1466237206893806,-0.3940436601308568
23.62,56.85,1011.11,64.44,442.96,1,0,0,0.8171598839171121,-0.234100402467727
14.79,46.48,1007.46,92.4,462.55,0,1,0,-0.8506130671352108,1.5835961753498562
19.94,44.63,1004.73,78.48,455.58,0,1,0,0.042753599013234236,1.1120986379523614
17.16,53.16,1013.2,82.85,456.93,0,0,0,-0.5022751774876497,0.5032099185786558
8.67,40.77,1011.81,89.4,479.23,0,1,0,-1.825661774079675,0.9509134620100523
21.41,56.9,1007.03,79.41,441.41,1,0,0,0.5239404442300846,0.9984827161529111
7.93,42.28,1008.43,85.57,484.75,0,1,0,-1.489645501749629,1.138411603037153
29.7,67.17,1007.31,66.56,438.04,1,0,0,1.9776531997548765,0.3306745516765951
15.84,41.04,1025.64,63.43,456.21,0,1,0,-1.4862373539182085,-1.9424452354971509
25.63,69.89,1015.17,77.42,434.47,1,0,0,0.9419957170339469,0.08527461170291713
5.71,45.87,1012.04,93.42,482.49,0,1,0,-1.965846228830512,1.1947168773497756
25.31,67.9,1006.34,68.04,440.36,1,0,0,1.6749590061111201,0.5485697954639516
29.65,72.86,1004.26,69.63,434.67,1,0,0,2.3521083596967793,0.8674244160616159
20.0,69.48,1011.05,85.51,448.79,1,0,0,0.528727230304942,0.9866814379036206
13.78,41.16,1021.65,75.77,460.44,0,1,0,-1.7014016986696892,-0.8559010784557132
14.14,43.34,1017.1,81.77,464.36,0,1,0,-1.4221552665692692,-0.03564088492549349
23.65,71.98,1006.09,93.39,434.11,1,0,0,1.0724547559752653,1.928739162200438
15.33,43.13,1015.41,53.17,466.86,0,0,0,-0.47063167344444734,-1.3379886231862685
26.98,43.77,1010.95,40.8,446.05,1,0,0,1.1464484986148404,-1.565458492391195
29.29,70.36,1006.64,60.82,431.26,1,0,0,2.2801256532742005,0.1357817144928105
30.85,68.94,1007.31,68.99,426.1,1,0,0,2.087109223997922,0.46252810986860526
11.35,38.91,1017.93,83.45,474.22,0,1,0,-1.9482323177524499,-0.055898234843765375
30.26,59.22,1013.18,61.08,442.98,1,0,0,1.4163679140862857,-0.659223311542259
28.16,71.94,1007.69,68.17,430.46,1,0,0,1.9928708087544738,0.42136486346833457
34.03,73.56,1006.49,51.07,440.29,1,0,0,3.0774367325700016,-0.35785906073764906
20.15,58.59,1014.13,91.96,443.85,0,0,0,-0.3175463530883976,0.8955839888757111
17.01,50.9,1013.23,82.03,460.14,0,0,0,-0.5949138136971023,0.44042985237038396
9.88,40.71,1015.34,84.32,471.8,0,1,0,-1.8363574337701103,0.29555605851645894
12.71,41.39,1019.3,74.2,475.13,0,1,0,-1.5783341720101807,-0.6719269080225521
30.89,74.87,1008.99,56.58,432.68,1,0,0,2.561603038444662,-0.3135851161050595
10.84,40.27,1005.24,87.27,479.22,0,1,0,-1.1650189945776757,1.5374271378146582
27.34,59.87,1012.06,59.04,448.26,1,0,0,1.3336831955683295,-0.6174113144050289
14.81,44.88,1019.1,66.7,464.65,0,1,0,-1.0415204310006205,-1.0235892804425035
18.2,45.01,1013.82,68.14,452.21,0,0,0,-0.43364264003702324,-0.39648195709949885
22.7,60.84,1019.15,71.48,438.59,1,0,0,0.18503420872135354,-0.7076059320123523
22.43,63.94,1012.76,93.24,444.53,1,0,0,0.16646647742938347,1.138346859442407
30.0,61.5,1009.4,48.63,435.6,1,0,0,2.0784693604539477,-0.8702751076311945
25.72,59.21,1012.37,66.62,437.72,1,0,0,0.9516678228415125,-0.25407916839092337
20.88,56.85,1010.91,84.28,440.08,1,0,0,0.08620697736042031,0.8306749694014041
28.31,66.17,1009.75,72.66,444.51,1,0,0,1.4930878290600098,0.3813769419762659
12.42,41.58,1019.49,86.31,466.05,0,1,0,-1.923292030526132,-0.06389971608924915
21.35,58.16,1017.21,67.66,452.83,1,0,0,0.18753566971001617,-0.7059598428848055
26.66,73.56,1006.9,99.27,433.62,1,0,0,1.18167745939379,2.1362749322190897
16.61,45.87,1009.34,97.93,455.86,0,1,0,-0.9999668000857844,1.6470523584993815
17.14,58.16,1018.59,77.22,458.61,0,0,0,-0.5038403812615624,-0.33389397905830237
20.98,42.23,1013.12,67.37,461.9,0,0,0,-0.2589116164777544,-0.40140716454319864
13.41,54.3,1016.48,79.28,467.88,0,0,0,-0.8918608237697956,-0.0034156796780971856
11.99,49.83,1008.33,95.2,468.22,0,1,0,-1.0665002009212332,1.6795427387770834
17.27,44.9,1007.85,78.8,454.19,0,1,0,-0.3867902044193839,0.8093353780120617
22.58,59.14,1017.2,80.91,439.78,1,0,0,-0.013290025468304911,-0.02132412124327792
18.89,58.66,1010.96,84.07,453.33,1,0,0,0.0038375507684721964,0.8425658125809329
22.41,70.98,1005.67,95.03,441.51,1,0,0,0.9118001504239284,2.05955365731916
24.06,69.94,1005.47,60.46,436.88,1,0,0,1.9191149411904693,0.27693510787984377
30.37,76.09,1006.95,65.93,435.01,1,0,0,2.4672290593385324,0.4046194847599169
13.42,41.74,1020.96,61.8,473.45,0,1,0,-1.293452587548315,-1.4948714603797952
10.63,42.28,1008.37,92.68,474.97,0,1,0,-1.4484961383989179,1.4935640452486887
10.94,25.36,1009.47,100.1,470.9,0,1,1,-2.4377742611631628,1.6184592248250589
31.0,77.95,1010.14,65.97,431.62,1,0,0,2.3827019758561914,0.070039411678073
8.47,41.26,1020.57,91.28,477.14,0,1,0,-2.466922830791881,0.09950802212536781
18.33,52.08,1001.78,100.09,448.23,0,1,0,-0.12523771318757754,2.619959801770563
28.43,69.59,1008.79,73.33,439.26,1,0,0,1.7017173818670106,0.5472190513302926
24.97,58.95,1017.19,56.24,440.03,1,0,0,0.8209276424452803,-1.3117321655684533
10.5,39.28,1016.55,91.75,480.92,0,1,0,-2.1248781318233845,0.5316460354596941
27.35,77.95,1017.43,73.36,437.61,1,0,0,1.3913242811265663,-0.31722463551983227
25.06,64.63,1020.66,54.93,446.57,1,0,0,0.8764361071347802,-1.7120346584977584
29.39,68.24,1009.06,66.76,427.96,1,0,0,1.8747055096244147,0.16119920528786455
24.18,58.49,1011.3,77.82,445.49,1,0,0,0.5731005106523295,0.44536522805500633
15.75,39.99,1007.02,77.44,464.95,0,1,0,-0.6365960688135663,0.8003270514275627
10.32,42.02,998.27,99.12,472.16,0,1,0,-0.9652404608085325,2.925740373723508
17.36,39.53,1008.28,68.87,456.57,0,1,0,-0.38595361646068116,0.2059912740127754
15.11,40.71,1017.96,69.31,465.42,0,1,0,-1.1910885089045937,-0.8003606895009099
22.2,63.94,1017.38,56.17,445.6,1,0,0,0.801177965851833,-1.276912027828221
22.88,59.21,1011.51,86.93,440.25,1,0,0,0.24517655420185808,0.9075040734544222
28.96,75.23,1010.88,49.45,439.03,1,0,0,2.475637557063755,-0.8713793708461378
5.35,35.57,1027.12,80.81,488.65,0,1,0,-3.1482707686062996,-1.1786976048169573
20.2,64.45,1009.03,61.77,452.33,1,0,0,1.081534663633397,-0.060890699682822395
11.01,37.5,1015.08,73.36,474.36,0,1,0,-1.5804942151176766,-0.2755443232345985
15.5,44.92,1024.16,86.44,462.12,0,1,0,-1.8436065482274278,-0.5597920391726796
20.19,62.26,1011.37,89.69,443.58,1,0,0,0.0950459650801684,1.1081849625164752
24.95,64.33,1011.34,81.05,440.97,1,0,0,0.8070011504258111,0.6495457478870887
19.7,51.3,1014.88,88.1,454.94,0,0,0,-0.6263610021774928,0.5589980250178144
28.57,65.27,1013.27,51.11,440.51,1,0,0,1.7980056649914655,-1.1234627532123103
8.07,41.01,1023.26,97.5,474.09,0,1,0,-2.85689025962032,0.12846307578596128
19.68,68.28,1002.62,71.57,452.47,1,0,0,1.3884066236393326,1.177369802554289
8.64,38.56,1016.51,66.03,484.45,0,1,0,-1.6353262991288808,-0.7849348825887387
10.53,37.5,1008.55,99.91,472.32,0,1,0,-1.8686915067443213,1.8094086005275887
23.53,50.05,1005.63,78.4,443.71,1,1,0,0.518752056548885,1.029107418755925
24.9,67.25,1017.77,66.17,433.71,1,0,0,0.8820624492180268,-0.794890819266308
5.01,39.4,1003.69,91.9,475.34,0,1,0,-1.6998776522966503,1.978047606594128
22.66,69.84,1006.16,82.79,439.06,1,0,0,1.1686090275560583,1.3633984037851221
29.76,57.19,1008.59,51.1,436.21,1,0,0,1.8593188792568414,-0.687642412283165
26.3,61.41,1012.45,56.85,448.55,1,0,0,1.3463788884263452,-0.7534263534821926
30.17,74.22,1007.46,49.27,432.0,1,0,0,2.768846793663748,-0.5247099943662268
8.02,40.23,1017.42,90.26,484.22,0,1,0,-2.3080643952053945,0.38459441035370007
19.12,50.16,1011.52,99.71,451.49,0,1,0,-0.7987983492547756,1.5189993719566603
14.87,42.18,1015.23,74.41,465.89,0,1,0,-1.093231482006997,-0.22634360572451884
9.71,42.44,1014.29,94.03,481.03,0,1,0,-1.9562607541187835,0.9262731337584199
24.33,77.54,1008.5,82.45,435.38,1,0,0,1.495277707274867,1.1416828732786437
7.17,39.4,1011.48,90.38,484.33,0,1,0,-2.012978263025263,1.0366511675643677
24.61,62.96,1020.1,63.83,445.79,1,0,0,0.5712806485494762,-1.2019601596530787
23.48,66.44,1011.28,61.11,443.21,1,0,0,1.3038398469195507,-0.34632267469771516
23.7,70.32,1007.21,66.85,439.59,1,0,0,1.620550721911142,0.4229029278172325
25.44,69.59,1008.22,80.73,433.97,1,0,0,1.300424324234296,1.0117485422290498
17.46,62.1,1019.96,83.99,451.06,0,0,0,-0.5740285010485131,-0.10399281137721493
22.97,62.4,1010.25,75.18,445.3,1,0,0,0.7861886854502792,0.4631555043103116
26.22,49.82,1015.48,55.8,454.2,1,0,0,0.6496505340839862,-1.2303489981524793
23.27,68.28,1005.01,74.83,444.86,1,0,0,1.4365840362553464,1.0609247097806709
11.76,41.58,1020.91,88.35,465.45,0,1,0,-2.1278848341585017,-0.10867907064531156
14.02,40.1,1015.56,82.44,467.32,0,1,0,-1.4874216758620127,0.14134382082916525
16.65,49.69,1014.01,91.0,460.03,0,0,0,-0.96554662885592,0.8113111641440731
13.19,39.18,1023.67,66.78,469.62,0,1,0,-1.7401945303917719,-1.5518801642074005
31.32,74.33,1012.92,36.48,429.57,1,0,0,2.8305816080982353,-1.7864677219202942
24.48,69.45,1013.86,62.39,435.74,1,0,0,1.3097389147211314,-0.5437340100846653
21.6,62.52,1017.23,67.87,453.28,1,0,0,0.39354497086186585,-0.663883720136851
